<?xml version="1.0" encoding="utf-8"?><COLLADA xmlns="http://www.collada.org/2005/11/COLLADASchema" xmlns:xsi="http://www.w3.org/2001/XMLSchema-instance" version="1.4.1">
  <asset>
    <contributor>
      <author>Blender User</author>
      <authoring_tool>Blender 4.4.3 commit date:2025-04-29, commit time:14:09, hash:802179c51ccc</authoring_tool>
    </contributor>
    <created>2025-06-17T16:48:12</created>
    <modified>2025-06-17T16:48:12</modified>
    <unit name="meter" meter="1"/>
    <up_axis>Z_UP</up_axis>
  </asset>
  <library_effects>
    <effect id="Sling_01_0-effect">
      <profile_COMMON>
        <newparam sid="Sling_01_png-surface">
          <surface type="2D">
            <init_from>Sling_01_png</init_from>
          </surface>
        </newparam>
        <newparam sid="Sling_01_png-sampler">
          <sampler2D>
            <source>Sling_01_png-surface</source>
          </sampler2D>
        </newparam>
        <technique sid="common">
          <lambert>
            <emission>
              <color sid="emission">0 0 0 1</color>
            </emission>
            <diffuse>
              <texture texture="Sling_01_png-sampler" texcoord="UV0"/>
            </diffuse>
            <reflectivity>
              <float sid="specular">1</float>
            </reflectivity>
            <index_of_refraction>
              <float sid="ior">1.5</float>
            </index_of_refraction>
          </lambert>
        </technique>
      </profile_COMMON>
    </effect>
  </library_effects>
  <library_images>
    <image id="Sling_01_png" name="Sling_01_png">
      <init_from>Sling_01.png</init_from>
    </image>
  </library_images>
  <library_materials>
    <material id="Sling_01_0-material" name="Sling_01_0">
      <instance_effect url="#Sling_01_0-effect"/>
    </material>
  </library_materials>
  <library_geometries>
    <geometry id="slingShotMeshOutline-mesh" name="slingShotMeshOutline">
      <mesh>
        <source id="slingShotMeshOutline-mesh-positions">
          <float_array id="slingShotMeshOutline-mesh-positions-array" count="3048">-1.178651 0.08424443 -2.24518e-6 -0.7671403 0.7510609 -0.7709093 -0.8309881 0.06960403 -0.8098993 -1.081608 0.7645401 3.90193e-6 -0.6350499 2.487013 -0.6468357 -0.867446 2.500222 4.02698e-6 -0.8309881 0.06960403 -0.8098993 1.0767e-6 0.7382953 -1.092124 -4.67086e-7 0.05472731 -1.144482 -0.7671403 0.7510609 -0.7709093 9.91008e-7 2.477781 -0.9388435 -0.6350499 2.487013 -0.6468357 -0.867446 2.500222 4.02698e-6 -0.599632 3.552478 -0.5975757 -0.6350499 2.487013 -0.6468357 -0.7625432 3.580424 4.006e-6 -0.6350499 2.487013 -0.6468357 8.9841e-7 3.549267 -0.9075286 9.91008e-7 2.477781 -0.9388435 -0.599632 3.552478 -0.5975757 -0.7625432 3.580424 4.006e-6 -0.6568678 4.030748 -0.580501 -0.599632 3.552478 -0.5975757 -0.7539428 4.161964 3.9947e-6 -0.599632 3.552478 -0.5975757 7.98407e-7 3.897641 -0.9794864 8.9841e-7 3.549267 -0.9075286 -0.6568678 4.030748 -0.580501 -0.5867259 5.198253 4.0345e-6 -0.7761285 4.719177 -0.8503743 -0.7596008 4.646137 3.99013e-6 -0.5818107 5.294572 -0.7507136 -0.7761285 4.719177 -0.8503743 -0.7558355 4.27248 3.98866e-6 -0.7596008 4.646137 3.99013e-6 -0.6486596 4.219398 -0.7578992 -0.6486596 4.219398 -0.7578992 -0.7539428 4.161964 3.9947e-6 -0.7558355 4.27248 3.98866e-6 -0.6568678 4.030748 -0.580501 8.82735e-7 5.483796 4.01597e-6 -0.5818107 5.294572 -0.7507136 -0.5867259 5.198253 4.0345e-6 1.01719e-6 5.563985 -0.6948017 -0.5818107 5.294572 -0.7507136 -0.7780627 5.019615 -1.649463 -0.7761285 4.719177 -0.8503743 -0.581418 5.52242 -1.41058 -0.7761285 4.719177 -0.8503743 -0.5539319 4.514265 -1.842184 -0.6486596 4.219398 -0.7578992 -0.7780627 5.019615 -1.649463 -0.6486596 4.219398 -0.7578992 8.36772e-7 4.303875 -1.922989 9.44911e-7 3.918753 -0.9935559 -0.5539319 4.514265 -1.842184 1.01719e-6 5.563985 -0.6948017 -0.581418 5.52242 -1.41058 -0.5818107 5.294572 -0.7507136 1.27921e-6 5.758184 -1.296584 -0.581418 5.52242 -1.41058 -0.7841463 5.561572 -2.220923 -0.7780627 5.019615 -1.649463 -0.5667389 5.969204 -1.829659 -0.7780627 5.019615 -1.649463 -0.5463781 5.154435 -2.578302 -0.5539319 4.514265 -1.842184 -0.7841463 5.561572 -2.220923 -0.5539319 4.514265 -1.842184 -6.58853e-7 4.991157 -2.717051 8.36772e-7 4.303875 -1.922989 -0.5463781 5.154435 -2.578302 1.27921e-6 5.758184 -1.296584 -0.5667389 5.969204 -1.829659 -0.581418 5.52242 -1.41058 -3.80951e-6 6.138251 -1.65655 -0.5667389 5.969204 -1.829659 -0.7861541 6.307314 -2.646284 -0.7841463 5.561572 -2.220923 -0.5599598 6.587618 -2.156129 -0.7841463 5.561572 -2.220923 -0.5520164 6.021081 -3.117288 -0.5463781 5.154435 -2.578302 -0.7861541 6.307314 -2.646284 -0.5463781 5.154435 -2.578302 -1.2428e-5 5.909219 -3.307786 -6.58853e-7 4.991157 -2.717051 -0.5520164 6.021081 -3.117288 -3.80951e-6 6.138251 -1.65655 -0.5599598 6.587618 -2.156129 -0.5667389 5.969204 -1.829659 -4.21971e-4 6.702429 -1.947126 -0.5599598 6.587618 -2.156129 -0.7701188 7.253818 -2.841516 -0.7861541 6.307314 -2.646284 -0.5355803 7.433234 -2.348602 -0.7861541 6.307314 -2.646284 -0.5470095 7.071269 -3.388369 -0.5520164 6.021081 -3.117288 -0.7701188 7.253818 -2.841516 -0.5520164 6.021081 -3.117288 -5.03535e-5 7.004196 -3.596483 -1.2428e-5 5.909219 -3.307786 -0.5470095 7.071269 -3.388369 -4.21971e-4 6.702429 -1.947126 -0.5355803 7.433234 -2.348602 -0.5599598 6.587618 -2.156129 -0.04963636 7.490188 -2.132845 -0.5355803 7.433234 -2.348602 -0.7051491 7.623381 -2.777468 -0.7701188 7.253818 -2.841516 -0.203803 7.877902 -2.404014 -0.7701188 7.253818 -2.841516 -0.5112086 7.597251 -3.414357 -0.5470095 7.071269 -3.388369 -0.7051491 7.623381 -2.777468 -0.5470095 7.071269 -3.388369 -2.07809e-5 7.600314 -3.618803 -5.03535e-5 7.004196 -3.596483 -0.5112086 7.597251 -3.414357 -0.04963636 7.490188 -2.132845 -0.203803 7.877902 -2.404014 -0.5355803 7.433234 -2.348602 -0.1847623 7.881508 -2.244001 -0.7302226 9.117899 -2.811017 2.04611e-6 9.366735 -2.87301 -0.5296094 9.132961 -3.347508 -0.502738 9.116656 -2.290239 3.69742e-6 9.132217 -3.578916 2.04611e-6 9.366735 -2.87301 0.5296224 9.13293 -3.347516 -0.5296094 9.132961 -3.347508 2.04611e-6 9.366735 -2.87301 1.75126e-6 9.107846 -2.06867 0.502744 9.116654 -2.290246 -0.502738 9.116656 -2.290239 9.44911e-7 3.918753 -0.9935559 -0.6568678 4.030748 -0.580501 -0.6486596 4.219398 -0.7578992 7.98407e-7 3.897641 -0.9794864 -0.203803 7.877902 -2.404014 -0.7988683 7.671682 -2.844686 -0.7051491 7.623381 -2.777468 -0.2604357 7.758297 -2.402016 -0.7051491 7.623381 -2.777468 -0.5975179 7.696423 -3.480114 -0.5112086 7.597251 -3.414357 -0.7988683 7.671682 -2.844686 -0.5112086 7.597251 -3.414357 -1.07538e-5 7.697718 -3.722196 -2.07809e-5 7.600314 -3.618803 -0.5975179 7.696423 -3.480114 -0.1847623 7.881508 -2.244001 -0.2604357 7.758297 -2.402016 -0.203803 7.877902 -2.404014 -0.08151632 7.677074 -2.139721 -0.2604357 7.758297 -2.402016 -0.8610336 8.521039 -2.84297 -0.7988683 7.671682 -2.844686 -0.6024302 8.508194 -2.27998 -0.7988683 7.671682 -2.844686 -0.6229077 8.529191 -3.510163 -0.5975179 7.696423 -3.480114 -0.8610336 8.521039 -2.84297 -0.5975179 7.696423 -3.480114 -5.32797e-5 8.523352 -3.767372 -1.07538e-5 7.697718 -3.722196 -0.6229077 8.529191 -3.510163 -0.08151632 7.677074 -2.139721 -0.6024302 8.508194 -2.27998 -0.2604357 7.758297 -2.402016 -0.04867136 8.533506 -2.025927 -0.6024302 8.508194 -2.27998 -0.7967644 8.628048 -2.891315 -0.8610336 8.521039 -2.84297 -0.5589745 8.624003 -2.321923 -0.8610336 8.521039 -2.84297 -0.5701785 8.63187 -3.457831 -0.6229077 8.529191 -3.510163 -0.7967644 8.628048 -2.891315 -0.6229077 8.529191 -3.510163 -4.51323e-5 8.630258 -3.692771 -5.32797e-5 8.523352 -3.767372 -0.5701785 8.63187 -3.457831 -0.04867136 8.533506 -2.025927 -0.5589745 8.624003 -2.321923 -0.6024302 8.508194 -2.27998 0.007011353 8.622011 -2.076294 -0.5589745 8.624003 -2.321923 -0.7423613 9.0648 -2.85723 -0.7967644 8.628048 -2.891315 -0.5117563 9.084666 -2.330408 -0.7967644 8.628048 -2.891315 -0.5413739 9.043883 -3.403597 -0.5701785 8.63187 -3.457831 -0.7423613 9.0648 -2.85723 -0.5701785 8.63187 -3.457831 4.22086e-6 9.036563 -3.633145 -4.51323e-5 8.630258 -3.692771 -0.5413739 9.043883 -3.403597 0.007011353 8.622011 -2.076294 -0.5117563 9.084666 -2.330408 -0.5589745 8.624003 -2.321923 -5.44923e-5 9.087438 -2.102612 -0.5117563 9.084666 -2.330408 -0.6790644 9.069824 -2.913684 -0.7423613 9.0648 -2.85723 -0.5153039 9.068552 -2.400091 -0.7423613 9.0648 -2.85723 -0.4596121 9.07218 -3.371275 -0.5413739 9.043883 -3.403597 -0.6790644 9.069824 -2.913684 -0.5413739 9.043883 -3.403597 -5.16555e-6 9.071104 -3.550692 4.22086e-6 9.036563 -3.633145 -0.4596121 9.07218 -3.371275 -5.44923e-5 9.087438 -2.102612 -0.5153039 9.068552 -2.400091 -0.5117563 9.084666 -2.330408 -3.44612e-6 9.069651 -2.14954 -0.5153039 9.068552 -2.400091 -0.7302226 9.117899 -2.811017 -0.6790644 9.069824 -2.913684 -0.502738 9.116656 -2.290239 -0.6790644 9.069824 -2.913684 -0.5296094 9.132961 -3.347508 -0.4596121 9.07218 -3.371275 -0.7302226 9.117899 -2.811017 -0.4596121 9.07218 -3.371275 3.69742e-6 9.132217 -3.578916 -5.16555e-6 9.071104 -3.550692 -0.5296094 9.132961 -3.347508 -3.44612e-6 9.069651 -2.14954 -0.502738 9.116656 -2.290239 -0.5153039 9.068552 -2.400091 1.75126e-6 9.107846 -2.06867 -1.178651 0.08424443 -2.24518e-6 -0.7671406 0.7510584 0.7709169 -1.081608 0.7645401 3.90193e-6 -0.8309896 0.06960541 0.809906 -0.6350499 2.487011 0.6468433 -0.867446 2.500222 4.02698e-6 -0.8309896 0.06960541 0.809906 9.63179e-7 0.7382954 1.092132 -0.7671406 0.7510584 0.7709169 8.41851e-7 0.05473178 1.14449 9.05158e-7 2.477779 0.9388513 -0.6350499 2.487011 0.6468433 -0.867446 2.500222 4.02698e-6 -0.599632 3.552477 0.5975835 -0.7625432 3.580424 4.006e-6 -0.6350499 2.487011 0.6468433 -0.6350499 2.487011 0.6468433 9.76014e-7 3.549267 0.9075372 -0.599632 3.552477 0.5975835 9.05158e-7 2.477779 0.9388513 -0.7625432 3.580424 4.006e-6 -0.6568677 4.030748 0.5805094 -0.7539428 4.161964 3.9947e-6 -0.599632 3.552477 0.5975835 -0.599632 3.552477 0.5975835 1.23062e-6 3.89764 0.9794936 -0.6568677 4.030748 0.5805094 9.76014e-7 3.549267 0.9075372 -0.5867259 5.198253 4.0345e-6 -0.7761285 4.719177 0.8503828 -0.5818107 5.294571 0.7507209 -0.7596008 4.646137 3.99013e-6 -0.7761285 4.719177 0.8503828 -0.7558355 4.27248 3.98866e-6 -0.6486594 4.219398 0.7579079 -0.7596008 4.646137 3.99013e-6 -0.6486594 4.219398 0.7579079 -0.7539428 4.161964 3.9947e-6 -0.6568677 4.030748 0.5805094 -0.7558355 4.27248 3.98866e-6 8.82735e-7 5.483796 4.01597e-6 -0.5818107 5.294571 0.7507209 8.03722e-7 5.563986 0.6948099 -0.5867259 5.198253 4.0345e-6 -0.5818107 5.294571 0.7507209 -0.7780624 5.019615 1.649472 -0.581418 5.522419 1.410589 -0.7761285 4.719177 0.8503828 -0.7761285 4.719177 0.8503828 -0.553932 4.514265 1.84219 -0.7780624 5.019615 1.649472 -0.6486594 4.219398 0.7579079 -0.6486594 4.219398 0.7579079 1.09255e-6 4.303875 1.922997 -0.553932 4.514265 1.84219 1.18435e-6 3.918753 0.9935638 8.03722e-7 5.563986 0.6948099 -0.581418 5.522419 1.410589 9.62684e-7 5.758183 1.296593 -0.5818107 5.294571 0.7507209 -0.581418 5.522419 1.410589 -0.784146 5.561571 2.220939 -0.5667397 5.969204 1.829668 -0.7780624 5.019615 1.649472 -0.7780624 5.019615 1.649472 -0.5463759 5.154433 2.578315 -0.784146 5.561571 2.220939 -0.553932 4.514265 1.84219 -0.553932 4.514265 1.84219 1.37208e-6 4.991156 2.717059 -0.5463759 5.154433 2.578315 1.09255e-6 4.303875 1.922997 9.62684e-7 5.758183 1.296593 -0.5667397 5.969204 1.829668 1.57495e-6 6.138252 1.656558 -0.581418 5.522419 1.410589 -0.5667397 5.969204 1.829668 -0.7861375 6.307073 2.646684 -0.5599006 6.588293 2.15633 -0.784146 5.561571 2.220939 -0.784146 5.561571 2.220939 -0.5517108 6.020827 3.117494 -0.7861375 6.307073 2.646684 -0.5463759 5.154433 2.578315 -0.5463759 5.154433 2.578315 1.6217e-6 5.909215 3.307794 -0.5517108 6.020827 3.117494 1.37208e-6 4.991156 2.717059 1.57495e-6 6.138252 1.656558 -0.5599006 6.588293 2.15633 1.68951e-6 6.702386 1.947116 -0.5667397 5.969204 1.829668 -0.5599006 6.588293 2.15633 -0.7718043 7.229706 2.865756 -0.5376471 7.388365 2.338837 -0.7861375 6.307073 2.646684 -0.7296651 7.620192 2.905023 -0.5108087 7.643485 2.39537 -0.7861375 6.307073 2.646684 -0.5450664 7.069215 3.389992 -0.7718043 7.229706 2.865756 -0.5517108 6.020827 3.117494 -0.5517108 6.020827 3.117494 1.40474e-6 7.004175 3.596486 -0.5450664 7.069215 3.389992 1.6217e-6 5.909215 3.307794 1.68951e-6 6.702386 1.947116 -0.5376471 7.388365 2.338837 1.12445e-6 7.453708 2.121787 -0.5599006 6.588293 2.15633 -0.7718043 7.229706 2.865756 -0.5108434 7.601793 3.418135 -0.7296651 7.620192 2.905023 -0.5450664 7.069215 3.389992 -0.5450664 7.069215 3.389992 2.23691e-6 7.600347 3.618824 -0.5108434 7.601793 3.418135 1.40474e-6 7.004175 3.596486 1.12445e-6 7.453708 2.121787 -0.5108087 7.643485 2.39537 2.35415e-6 7.648926 2.183807 -0.5376471 7.388365 2.338837 8.55914e-7 9.173429 2.873011 -0.730137 8.924902 2.811059 -0.5298113 8.939227 3.347558 -0.5027109 8.924297 2.290513 8.55914e-7 9.173429 2.873011 2.7906e-6 8.938233 3.579236 0.5298174 8.939216 3.347559 -0.5298113 8.939227 3.347558 2.46011e-6 8.915514 2.068858 8.55914e-7 9.173429 2.873011 0.5027158 8.924292 2.290517 -0.5027109 8.924297 2.290513 1.18435e-6 3.918753 0.9935638 -0.6568677 4.030748 0.5805094 1.23062e-6 3.89764 0.9794936 -0.6486594 4.219398 0.7579079 -0.5108087 7.643485 2.39537 -0.824099 7.707529 2.902036 -0.5644536 7.710738 2.339832 -0.7296651 7.620192 2.905023 -0.7296651 7.620192 2.905023 -0.5975675 7.700615 3.482791 -0.824099 7.707529 2.902036 -0.5108434 7.601793 3.418135 -0.5108434 7.601793 3.418135 1.26864e-6 7.697693 3.722197 -0.5975675 7.700615 3.482791 2.23691e-6 7.600347 3.618824 2.35415e-6 7.648926 2.183807 -0.5644536 7.710738 2.339832 1.62079e-6 7.708362 2.108727 -0.5108087 7.643485 2.39537 -0.5644536 7.710738 2.339832 -0.8572156 8.546502 2.890385 -0.588437 8.555502 2.282957 -0.824099 7.707529 2.902036 -0.824099 7.707529 2.902036 -0.6204035 8.531471 3.511795 -0.8572156 8.546502 2.890385 -0.5975675 7.700615 3.482791 -0.5975675 7.700615 3.482791 1.15577e-6 8.521664 3.767868 -0.6204035 8.531471 3.511795 1.26864e-6 7.697693 3.722197 1.62079e-6 7.708362 2.108727 -0.588437 8.555502 2.282957 3.19113e-7 8.5602 2.03025 -0.5644536 7.710738 2.339832 -0.588437 8.555502 2.282957 -0.790247 8.64291 2.892654 -0.562767 8.626942 2.327699 -0.8572156 8.546502 2.890385 -0.8572156 8.546502 2.890385 -0.5587499 8.652057 3.454747 -0.790247 8.64291 2.892654 -0.6204035 8.531471 3.511795 -0.6204035 8.531471 3.511795 1.4927e-6 8.64879 3.682995 -0.5587499 8.652057 3.454747 1.15577e-6 8.521664 3.767868 3.19113e-7 8.5602 2.03025 -0.562767 8.626942 2.327699 1.6361e-6 8.624459 2.077229 -0.588437 8.555502 2.282957 -0.562767 8.626942 2.327699 -0.7370318 8.878567 2.849078 -0.5108408 8.883098 2.320521 -0.790247 8.64291 2.892654 -0.790247 8.64291 2.892654 -0.5337002 8.871062 3.389844 -0.7370318 8.878567 2.849078 -0.5587499 8.652057 3.454747 -0.5587499 8.652057 3.454747 -2.77616e-6 8.868058 3.614763 -0.5337002 8.871062 3.389844 1.4927e-6 8.64879 3.682995 1.6361e-6 8.624459 2.077229 -0.5108408 8.883098 2.320521 3.00429e-7 8.879932 2.092306 -0.562767 8.626942 2.327699 -0.5108408 8.883098 2.320521 -0.6780952 8.878841 2.911695 -0.5135624 8.87255 2.396323 -0.7370318 8.878567 2.849078 -0.7370318 8.878567 2.849078 -0.4578816 8.884046 3.369118 -0.6780952 8.878841 2.911695 -0.5337002 8.871062 3.389844 -0.5337002 8.871062 3.389844 -6.02537e-6 8.883817 3.547395 -0.4578816 8.884046 3.369118 -2.77616e-6 8.868058 3.614763 3.00429e-7 8.879932 2.092306 -0.5135624 8.87255 2.396323 -4.24077e-6 8.869225 2.147143 -0.5108408 8.883098 2.320521 -0.5135624 8.87255 2.396323 -0.730137 8.924902 2.811059 -0.5027109 8.924297 2.290513 -0.6780952 8.878841 2.911695 -0.6780952 8.878841 2.911695 -0.5298113 8.939227 3.347558 -0.730137 8.924902 2.811059 -0.4578816 8.884046 3.369118 -0.4578816 8.884046 3.369118 2.7906e-6 8.938233 3.579236 -0.5298113 8.939227 3.347558 -6.02537e-6 8.883817 3.547395 -4.24077e-6 8.869225 2.147143 -0.5027109 8.924297 2.290513 2.46011e-6 8.915514 2.068858 -0.5135624 8.87255 2.396323 1.178653 0.08424592 5.18911e-6 0.7671427 0.7510607 -0.7709093 1.08161 0.7645393 4.23387e-6 0.8309908 0.06961023 -0.8098993 0.6350522 2.487012 -0.6468355 0.867448 2.500221 4.08189e-6 0.8309908 0.06961023 -0.8098993 1.0767e-6 0.7382953 -1.092124 0.7671427 0.7510607 -0.7709093 -4.67086e-7 0.05472731 -1.144482 9.91008e-7 2.477781 -0.9388435 0.6350522 2.487012 -0.6468355 0.867448 2.500221 4.08189e-6 0.5996342 3.552477 -0.5975759 0.7625453 3.580423 4.0702e-6 0.6350522 2.487012 -0.6468355 0.6350522 2.487012 -0.6468355 8.9841e-7 3.549267 -0.9075286 0.5996342 3.552477 -0.5975759 9.91008e-7 2.477781 -0.9388435 0.7625453 3.580423 4.0702e-6 0.6568697 4.030748 -0.5805015 0.7539449 4.161964 4.12691e-6 0.5996342 3.552477 -0.5975759 0.5996342 3.552477 -0.5975759 7.98407e-7 3.897641 -0.9794864 0.6568697 4.030748 -0.5805015 8.9841e-7 3.549267 -0.9075286 0.586728 5.198253 3.96431e-6 0.7761297 4.719177 -0.8503748 0.581813 5.294571 -0.7507134 0.7596029 4.646136 4.00621e-6 0.7761297 4.719177 -0.8503748 0.7558375 4.27248 4.09323e-6 0.6486619 4.219398 -0.7578993 0.7596029 4.646136 4.00621e-6 0.6486619 4.219398 -0.7578993 0.7539449 4.161964 4.12691e-6 0.6568697 4.030748 -0.5805015 0.7558375 4.27248 4.09323e-6 8.82735e-7 5.483796 4.01597e-6 0.581813 5.294571 -0.7507134 1.01719e-6 5.563985 -0.6948017 0.586728 5.198253 3.96431e-6 0.581813 5.294571 -0.7507134 0.7780649 5.019615 -1.649464 0.5814195 5.522419 -1.410581 0.7761297 4.719177 -0.8503748 0.7761297 4.719177 -0.8503748 0.5539339 4.514265 -1.842184 0.7780649 5.019615 -1.649464 0.6486619 4.219398 -0.7578993 0.6486619 4.219398 -0.7578993 8.36772e-7 4.303875 -1.922989 0.5539339 4.514265 -1.842184 9.44911e-7 3.918753 -0.9935559 1.01719e-6 5.563985 -0.6948017 0.5814195 5.522419 -1.410581 1.27921e-6 5.758184 -1.296584 0.581813 5.294571 -0.7507134 0.5814195 5.522419 -1.410581 0.7841484 5.561573 -2.220925 0.5667403 5.969206 -1.829661 0.7780649 5.019615 -1.649464 0.7780649 5.019615 -1.649464 0.5463783 5.154433 -2.578305 0.7841484 5.561573 -2.220925 0.5539339 4.514265 -1.842184 0.5539339 4.514265 -1.842184 -6.58853e-7 4.991157 -2.717051 0.5463783 5.154433 -2.578305 8.36772e-7 4.303875 -1.922989 1.27921e-6 5.758184 -1.296584 0.5667403 5.969206 -1.829661 -3.80951e-6 6.138251 -1.65655 0.5814195 5.522419 -1.410581 0.5667403 5.969206 -1.829661 0.7861405 6.30709 -2.646661 0.5593429 6.588903 -2.155931 0.7841484 5.561573 -2.220925 0.7841484 5.561573 -2.220925 0.5517131 6.020828 -3.117485 0.7861405 6.30709 -2.646661 0.5463783 5.154433 -2.578305 0.5463783 5.154433 -2.578305 -1.2428e-5 5.909219 -3.307786 0.5517131 6.020828 -3.117485 -6.58853e-7 4.991157 -2.717051 -3.80951e-6 6.138251 -1.65655 0.5593429 6.588903 -2.155931 -4.21971e-4 6.702429 -1.947126 0.5667403 5.969206 -1.829661 0.5593429 6.588903 -2.155931 0.7718003 7.229894 -2.86563 0.5341215 7.39362 -2.336585 0.7861405 6.30709 -2.646661 0.7295941 7.620029 -2.905109 0.5042023 7.623437 -2.402795 0.7861405 6.30709 -2.646661 0.5450691 7.069217 -3.389979 0.7718003 7.229894 -2.86563 0.5517131 6.020828 -3.117485 0.5517131 6.020828 -3.117485 -5.03535e-5 7.004196 -3.596483 0.5450691 7.069217 -3.389979 -1.2428e-5 5.909219 -3.307786 -4.21971e-4 6.702429 -1.947126 0.5341215 7.39362 -2.336585 -0.04963636 7.490188 -2.132845 0.5593429 6.588903 -2.155931 0.7718003 7.229894 -2.86563 0.5108478 7.601797 -3.418128 0.7295941 7.620029 -2.905109 0.5450691 7.069217 -3.389979 0.5450691 7.069217 -3.389979 -2.07809e-5 7.600314 -3.618803 0.5108478 7.601797 -3.418128 -5.03535e-5 7.004196 -3.596483 -0.04963636 7.490188 -2.132845 0.5042023 7.623437 -2.402795 -0.1847623 7.881508 -2.244001 0.5341215 7.39362 -2.336585 2.04611e-6 9.366735 -2.87301 0.7302309 9.117878 -2.811015 0.5296224 9.13293 -3.347516 0.502744 9.116654 -2.290246 9.44911e-7 3.918753 -0.9935559 0.6568697 4.030748 -0.5805015 7.98407e-7 3.897641 -0.9794864 0.6486619 4.219398 -0.7578993 0.5042023 7.623437 -2.402795 0.8241356 7.707607 -2.902086 0.5586863 7.687249 -2.351812 0.7295941 7.620029 -2.905109 0.7295941 7.620029 -2.905109 0.5975669 7.700632 -3.482796 0.8241356 7.707607 -2.902086 0.5108478 7.601797 -3.418128 0.5108478 7.601797 -3.418128 -1.07538e-5 7.697718 -3.722196 0.5975669 7.700632 -3.482796 -2.07809e-5 7.600314 -3.618803 -0.1847623 7.881508 -2.244001 0.5586863 7.687249 -2.351812 -0.08151632 7.677074 -2.139721 0.5042023 7.623437 -2.402795 0.5586863 7.687249 -2.351812 0.8571653 8.546729 -2.890916 0.5876734 8.547149 -2.279111 0.8241356 7.707607 -2.902086 0.8241356 7.707607 -2.902086 0.6198102 8.532978 -3.51175 0.8571653 8.546729 -2.890916 0.5975669 7.700632 -3.482796 0.5975669 7.700632 -3.482796 -5.32797e-5 8.523352 -3.767372 0.6198102 8.532978 -3.51175 -1.07538e-5 7.697718 -3.722196 -0.08151632 7.677074 -2.139721 0.5876734 8.547149 -2.279111 -0.04867136 8.533506 -2.025927 0.5586863 7.687249 -2.351812 0.5876734 8.547149 -2.279111 0.7943598 8.633839 -2.885957 0.5586909 8.622736 -2.321 0.8571653 8.546729 -2.890916 0.8571653 8.546729 -2.890916 0.5675074 8.635945 -3.457936 0.7943598 8.633839 -2.885957 0.6198102 8.532978 -3.51175 0.6198102 8.532978 -3.51175 -4.51323e-5 8.630258 -3.692771 0.5675074 8.635945 -3.457936 -5.32797e-5 8.523352 -3.767372 -0.04867136 8.533506 -2.025927 0.5586909 8.622736 -2.321 0.007011353 8.622011 -2.076294 0.5876734 8.547149 -2.279111 0.5586909 8.622736 -2.321 0.7423925 9.064768 -2.857284 0.5117814 9.084727 -2.330508 0.7943598 8.633839 -2.885957 0.7943598 8.633839 -2.885957 0.5414438 9.043829 -3.403581 0.7423925 9.064768 -2.857284 0.5675074 8.635945 -3.457936 0.5675074 8.635945 -3.457936 4.22086e-6 9.036563 -3.633145 0.5414438 9.043829 -3.403581 -4.51323e-5 8.630258 -3.692771 0.007011353 8.622011 -2.076294 0.5117814 9.084727 -2.330508 -5.44923e-5 9.087438 -2.102612 0.5586909 8.622736 -2.321 0.5117814 9.084727 -2.330508 0.6790488 9.06982 -2.913686 0.5152876 9.068559 -2.40009 0.7423925 9.064768 -2.857284 0.7423925 9.064768 -2.857284 0.4596002 9.072177 -3.371279 0.6790488 9.06982 -2.913686 0.5414438 9.043829 -3.403581 0.5414438 9.043829 -3.403581 -5.16555e-6 9.071104 -3.550692 0.4596002 9.072177 -3.371279 4.22086e-6 9.036563 -3.633145 -5.44923e-5 9.087438 -2.102612 0.5152876 9.068559 -2.40009 -3.44612e-6 9.069651 -2.14954 0.5117814 9.084727 -2.330508 0.5152876 9.068559 -2.40009 0.7302309 9.117878 -2.811015 0.502744 9.116654 -2.290246 0.6790488 9.06982 -2.913686 0.6790488 9.06982 -2.913686 0.5296224 9.13293 -3.347516 0.7302309 9.117878 -2.811015 0.4596002 9.072177 -3.371279 0.4596002 9.072177 -3.371279 3.69742e-6 9.132217 -3.578916 0.5296224 9.13293 -3.347516 -5.16555e-6 9.071104 -3.550692 -3.44612e-6 9.069651 -2.14954 0.502744 9.116654 -2.290246 1.75126e-6 9.107846 -2.06867 0.5152876 9.068559 -2.40009 1.178653 0.08424592 5.18911e-6 0.7671425 0.7510578 0.7709172 0.8309909 0.0696066 0.8099068 1.08161 0.7645393 4.23387e-6 0.635052 2.487011 0.6468435 0.867448 2.500221 4.08189e-6 0.8309909 0.0696066 0.8099068 9.63179e-7 0.7382954 1.092132 8.41851e-7 0.05473178 1.14449 0.7671425 0.7510578 0.7709172 9.05158e-7 2.477779 0.9388513 0.635052 2.487011 0.6468435 0.867448 2.500221 4.08189e-6 0.5996341 3.552478 0.5975834 0.635052 2.487011 0.6468435 0.7625453 3.580423 4.0702e-6 0.635052 2.487011 0.6468435 9.76014e-7 3.549267 0.9075372 9.05158e-7 2.477779 0.9388513 0.5996341 3.552478 0.5975834 0.7625453 3.580423 4.0702e-6 0.6568696 4.030748 0.5805092 0.5996341 3.552478 0.5975834 0.7539449 4.161964 4.12691e-6 0.5996341 3.552478 0.5975834 1.23062e-6 3.89764 0.9794936 9.76014e-7 3.549267 0.9075372 0.6568696 4.030748 0.5805092 0.586728 5.198253 3.96431e-6 0.77613 4.719177 0.8503827 0.7596029 4.646136 4.00621e-6 0.5818129 5.294572 0.7507212 0.77613 4.719177 0.8503827 0.7558375 4.27248 4.09323e-6 0.7596029 4.646136 4.00621e-6 0.6486613 4.219398 0.7579071 0.6486613 4.219398 0.7579071 0.7539449 4.161964 4.12691e-6 0.7558375 4.27248 4.09323e-6 0.6568696 4.030748 0.5805092 8.82735e-7 5.483796 4.01597e-6 0.5818129 5.294572 0.7507212 0.586728 5.198253 3.96431e-6 8.03722e-7 5.563986 0.6948099 0.5818129 5.294572 0.7507212 0.7780646 5.019614 1.649472 0.77613 4.719177 0.8503827 0.5814195 5.52242 1.410589 0.77613 4.719177 0.8503827 0.5539341 4.514265 1.842191 0.6486613 4.219398 0.7579071 0.7780646 5.019614 1.649472 0.6486613 4.219398 0.7579071 1.09255e-6 4.303875 1.922997 1.18435e-6 3.918753 0.9935638 0.5539341 4.514265 1.842191 8.03722e-7 5.563986 0.6948099 0.5814195 5.52242 1.410589 0.5818129 5.294572 0.7507212 9.62684e-7 5.758183 1.296593 0.5814195 5.52242 1.410589 0.7841482 5.561571 2.22094 0.7780646 5.019614 1.649472 0.5667418 5.969205 1.829669 0.7780646 5.019614 1.649472 0.5463786 5.154433 2.578311 0.5539341 4.514265 1.842191 0.7841482 5.561571 2.22094 0.5539341 4.514265 1.842191 1.37208e-6 4.991156 2.717059 1.09255e-6 4.303875 1.922997 0.5463786 5.154433 2.578311 9.62684e-7 5.758183 1.296593 0.5667418 5.969205 1.829669 0.5814195 5.52242 1.410589 1.57495e-6 6.138252 1.656558 0.5667418 5.969205 1.829669 0.7861395 6.307072 2.646682 0.7841482 5.561571 2.22094 0.559903 6.588293 2.156333 0.7841482 5.561571 2.22094 0.5517124 6.020826 3.117494 0.5463786 5.154433 2.578311 0.7861395 6.307072 2.646682 0.5463786 5.154433 2.578311 1.6217e-6 5.909215 3.307794 1.37208e-6 4.991156 2.717059 0.5517124 6.020826 3.117494 1.57495e-6 6.138252 1.656558 0.559903 6.588293 2.156333 0.5667418 5.969205 1.829669 1.68951e-6 6.702386 1.947116 0.559903 6.588293 2.156333 0.7718066 7.229707 2.865758 0.7861395 6.307072 2.646682 0.5376487 7.388364 2.338835 0.7296688 7.620195 2.905026 0.5108142 7.643487 2.395371 0.7861395 6.307072 2.646682 0.5450676 7.069215 3.389992 0.5517124 6.020826 3.117494 0.7718066 7.229707 2.865758 0.5517124 6.020826 3.117494 1.40474e-6 7.004175 3.596486 1.6217e-6 5.909215 3.307794 0.5450676 7.069215 3.389992 1.68951e-6 6.702386 1.947116 0.5376487 7.388364 2.338835 0.559903 6.588293 2.156333 1.12445e-6 7.453708 2.121787 0.7718066 7.229707 2.865758 0.5108487 7.601795 3.418134 0.5450676 7.069215 3.389992 0.7296688 7.620195 2.905026 0.5450676 7.069215 3.389992 2.23691e-6 7.600347 3.618824 1.40474e-6 7.004175 3.596486 0.5108487 7.601795 3.418134 1.12445e-6 7.453708 2.121787 0.5108142 7.643487 2.395371 0.5376487 7.388364 2.338835 2.35415e-6 7.648926 2.183807 0.7301421 8.924894 2.811058 8.55914e-7 9.173429 2.873011 0.5298174 8.939216 3.347559 0.5027158 8.924292 2.290517 1.18435e-6 3.918753 0.9935638 0.6568696 4.030748 0.5805092 0.6486613 4.219398 0.7579071 1.23062e-6 3.89764 0.9794936 0.5108142 7.643487 2.395371 0.8241017 7.707533 2.902037 0.7296688 7.620195 2.905026 0.5644574 7.710744 2.339831 0.7296688 7.620195 2.905026 0.59757 7.700621 3.482793 0.5108487 7.601795 3.418134 0.8241017 7.707533 2.902037 0.5108487 7.601795 3.418134 1.26864e-6 7.697693 3.722197 2.23691e-6 7.600347 3.618824 0.59757 7.700621 3.482793 2.35415e-6 7.648926 2.183807 0.5644574 7.710744 2.339831 0.5108142 7.643487 2.395371 1.62079e-6 7.708362 2.108727 0.5644574 7.710744 2.339831 0.8572171 8.546505 2.890392 0.8241017 7.707533 2.902037 0.5884376 8.555507 2.282957 0.8241017 7.707533 2.902037 0.6204054 8.531465 3.511798 0.59757 7.700621 3.482793 0.8572171 8.546505 2.890392 0.59757 7.700621 3.482793 1.15577e-6 8.521664 3.767868 1.26864e-6 7.697693 3.722197 0.6204054 8.531465 3.511798 1.62079e-6 7.708362 2.108727 0.5884376 8.555507 2.282957 0.5644574 7.710744 2.339831 3.19113e-7 8.5602 2.03025 0.5884376 8.555507 2.282957 0.7902459 8.642912 2.892652 0.8572171 8.546505 2.890392 0.5627686 8.626949 2.327703 0.8572171 8.546505 2.890392 0.5587526 8.65206 3.454749 0.6204054 8.531465 3.511798 0.7902459 8.642912 2.892652 0.6204054 8.531465 3.511798 1.4927e-6 8.64879 3.682995 1.15577e-6 8.521664 3.767868 0.5587526 8.65206 3.454749 3.19113e-7 8.5602 2.03025 0.5627686 8.626949 2.327703 0.5884376 8.555507 2.282957 1.6361e-6 8.624459 2.077229 0.5627686 8.626949 2.327703 0.7370219 8.878585 2.84908 0.7902459 8.642912 2.892652 0.5108381 8.883109 2.320529 0.7902459 8.642912 2.892652 0.5336914 8.871079 3.389839 0.5587526 8.65206 3.454749 0.7370219 8.878585 2.84908 0.5587526 8.65206 3.454749 -2.77616e-6 8.868058 3.614763 1.4927e-6 8.64879 3.682995 0.5336914 8.871079 3.389839 1.6361e-6 8.624459 2.077229 0.5108381 8.883109 2.320529 0.5627686 8.626949 2.327703 3.00429e-7 8.879932 2.092306 0.5108381 8.883109 2.320529 0.6780875 8.878843 2.911692 0.7370219 8.878585 2.84908 0.5135513 8.872552 2.396318 0.7370219 8.878585 2.84908 0.4578705 8.884048 3.369117 0.5336914 8.871079 3.389839 0.6780875 8.878843 2.911692 0.5336914 8.871079 3.389839 -6.02537e-6 8.883817 3.547395 -2.77616e-6 8.868058 3.614763 0.4578705 8.884048 3.369117 3.00429e-7 8.879932 2.092306 0.5135513 8.872552 2.396318 0.5108381 8.883109 2.320529 -4.24077e-6 8.869225 2.147143 0.5135513 8.872552 2.396318 0.7301421 8.924894 2.811058 0.6780875 8.878843 2.911692 0.5027158 8.924292 2.290517 0.6780875 8.878843 2.911692 0.5298174 8.939216 3.347559 0.4578705 8.884048 3.369117 0.7301421 8.924894 2.811058 0.4578705 8.884048 3.369117 2.7906e-6 8.938233 3.579236 -6.02537e-6 8.883817 3.547395 0.5298174 8.939216 3.347559 -4.24077e-6 8.869225 2.147143 0.5027158 8.924292 2.290517 0.5135513 8.872552 2.396318 2.46011e-6 8.915514 2.068858 -1.634531 7.748193 -2.139524 -1.118713 8.563063 -2.204701 -1.63191 8.569945 -2.115047 -1.119651 7.751659 -2.242388 -2.090532 7.751167 -1.825184 -1.63191 8.569945 -2.115047 -2.088546 8.56977 -1.813354 -1.634531 7.748193 -2.139524 -2.45983 7.753459 -1.328298 -2.088546 8.56977 -1.813354 -2.459136 8.569053 -1.32416 -2.090532 7.751167 -1.825184 -2.385772 8.555002 -2.128028 -1.805017 8.555553 -2.503042 -1.63191 8.569945 -2.115047 -1.168248 8.56139 -2.620534 -1.118713 8.563063 -2.204701 -2.838289 8.556235 -1.542736 -2.675399 8.497983 -0.8398932 -2.675463 7.825025 -0.8407236 -2.45983 7.753459 -1.328298 -2.628427 7.525266 -0.7622081 -2.628299 8.797836 -0.7613106 -3.151597 8.490592 -0.848169 -3.09128 8.800655 -0.8437702 -1.168965 7.771124 -2.659361 -1.806489 7.77348 -2.527845 -2.386997 7.770672 -2.14001 -2.838762 7.767611 -1.546563 -3.151666 7.832774 -0.8486799 -3.091411 7.522489 -0.8440759 -1.119651 7.751659 -2.242388 -1.634531 7.748193 -2.139524 -2.090532 7.751167 -1.825184 -0.5565791 7.76723 -2.656528 -0.5565776 8.567974 -2.604942 -0.5456555 8.555451 -2.187797 -0.5456593 7.755964 -2.237011 0.06670051 7.753417 -2.262408 0.07020485 8.554645 -2.193794 0.04362297 8.57534 -2.587397 0.04513263 7.761334 -2.651211 0.2976987 7.937658 -2.296763 0.2982256 8.367371 -2.248376 0.2711272 8.388013 -2.632196 0.2709253 7.95451 -2.675084 -2.695464 7.35381 0.3963403 -2.775888 8.932269 -2.04835e-7 -2.695445 8.969336 0.3958821 -2.775884 7.390898 0 -3.17737 8.968716 0.4685038 -3.296644 8.910583 0 -3.296636 7.412571 0 -3.177402 7.354465 0.468721 -2.628427 7.525266 0.7622079 -2.628299 8.797836 0.7613106 -2.675463 7.825025 0.8407234 -2.675399 8.497983 0.8398929 -2.45983 7.753459 1.328298 -2.459136 8.569053 1.32416 -2.090533 7.751167 1.825184 -2.088547 8.56977 1.813354 -1.634532 7.748193 2.139525 -1.631911 8.569945 2.115047 -1.119641 7.751657 2.242393 -1.118703 8.563067 2.204706 -3.151597 8.490592 0.8481689 -2.838289 8.556235 1.542736 -2.385772 8.555002 2.128029 -1.805017 8.555553 2.503043 -1.168257 8.561388 2.620536 -3.151666 7.832774 0.8486799 -2.838762 7.767611 1.546563 -2.386997 7.770672 2.14001 -1.80649 7.77348 2.527845 -1.168974 7.771127 2.659363 -0.546763 8.555793 2.188119 -0.5466736 7.755635 2.237373 -0.5555616 8.567646 2.605291 -0.5554684 7.767581 2.656843 0.08778065 8.553503 2.185627 0.08174312 7.755245 2.251995 0.05729955 8.57672 2.578191 0.06056708 7.759667 2.641393 -3.091411 7.522489 0.8440756 -3.09128 8.800655 0.8437702 0.3171782 8.364849 2.245708 0.3181816 7.935772 2.315531 0.279156 7.957141 2.69149 0.2826599 8.391814 2.62722 -2.695464 7.35381 -0.3963406 -2.695446 8.969336 -0.3958822 -3.177403 7.354465 -0.468721 -3.17737 8.968716 -0.4685039</float_array>
          <technique_common>
            <accessor source="#slingShotMeshOutline-mesh-positions-array" count="1016" stride="3">
              <param name="X" type="float"/>
              <param name="Y" type="float"/>
              <param name="Z" type="float"/>
            </accessor>
          </technique_common>
        </source>
        <source id="slingShotMeshOutline-mesh-normals">
          <float_array id="slingShotMeshOutline-mesh-normals-array" count="3048">-0.9144779 0.1195828 -0.3865622 -0.914489 0.1195198 -0.3865554 -0.9144535 0.1195339 -0.3866349 -0.9145058 0.1195513 -0.3865058 -0.9279209 0.1062697 -0.3573091 -0.9279265 0.1062769 -0.3572921 -0.3762476 0.07892048 -0.9231519 -0.3762648 0.07890814 -0.9231458 -0.3762767 0.07894074 -0.9231383 -0.3762369 0.07890343 -0.9231576 -0.3991763 0.08693987 -0.912743 -0.3992565 0.08699208 -0.9127029 -0.9535198 0.07126575 -0.2927823 -0.9535315 0.0713616 -0.2927203 -0.9535201 0.07127034 -0.2927797 -0.9535287 0.07127505 -0.292751 -0.4433791 0.03802597 -0.8955273 -0.4433879 0.03796714 -0.8955254 -0.4434431 0.03803151 -0.8954953 -0.4434128 0.0380609 -0.8955091 -0.98115 -0.03007698 -0.1908928 -0.9811468 -0.03006863 -0.1909106 -0.9811608 -0.03002196 -0.1908462 -0.981163 -0.0300014 -0.1908384 -0.5097309 -0.1199389 -0.8519327 -0.5097556 -0.1199543 -0.8519157 -0.5097031 -0.1199835 -0.8519429 -0.5097107 -0.1199227 -0.851947 -0.9554731 0.2922274 0.04091882 -0.9554792 0.2922043 0.04094225 -0.9554737 0.292223 0.04093682 -0.9554659 0.2922482 0.04093843 -0.9888882 -0.1406385 -0.04817706 -0.9888885 -0.1406358 -0.04817855 -0.9888751 -0.1407158 -0.04821974 -0.9888757 -0.140715 -0.04821008 -0.9905097 -0.06908702 -0.1188173 -0.9905105 -0.06903672 -0.1188396 -0.9905003 -0.06910687 -0.1188845 -0.9904996 -0.06913161 -0.1188759 -0.4337216 0.8947269 0.1065345 -0.4337455 0.894721 0.1064855 -0.4336948 0.8947432 0.1065065 -0.4336791 0.8947535 0.1064837 -0.9453418 0.3053953 0.1142923 -0.9453416 0.3054105 0.1142529 -0.9453521 0.3053848 0.1142347 -0.9453719 0.3052895 0.114325 -0.9412738 -0.3086495 -0.1368906 -0.9412779 -0.3086394 -0.1368857 -0.9412726 -0.3086612 -0.1368733 -0.9412751 -0.3086448 -0.1368929 -0.4442352 -0.8383565 -0.3159329 -0.4442096 -0.8383684 -0.3159375 -0.4442264 -0.8383912 -0.3158534 -0.4441505 -0.8384175 -0.3158903 -0.4174889 0.8598896 0.2937564 -0.4174315 0.8599388 0.2936946 -0.4174507 0.8598945 0.2937968 -0.4174521 0.8599069 0.2937583 -0.9319675 0.2594511 0.2532228 -0.9319448 0.2594924 0.253264 -0.9319654 0.259463 0.2532185 -0.9319539 0.2594819 0.2532414 -0.9183797 -0.2939739 -0.2648741 -0.9183808 -0.2939705 -0.2648741 -0.9183979 -0.2939447 -0.2648433 -0.9183784 -0.293972 -0.2648804 -0.3597257 -0.7026044 -0.6139581 -0.3596555 -0.7026356 -0.6139635 -0.3597087 -0.7026706 -0.6138922 -0.3596862 -0.7026414 -0.6139389 -0.3860293 0.6421509 0.6622866 -0.3860397 0.6421322 0.6622988 -0.3860641 0.6420952 0.6623205 -0.3860049 0.6421831 0.6622697 -0.9248582 0.1862248 0.3315988 -0.9248604 0.1862221 0.3315943 -0.9248496 0.1862355 0.3316168 -0.9248634 0.1862178 0.3315881 -0.9179781 -0.2070288 -0.3383125 -0.9179807 -0.2070354 -0.3383015 -0.9179596 -0.2070603 -0.3383433 -0.917968 -0.2070733 -0.3383127 -0.3611212 -0.4999573 -0.7871686 -0.3611443 -0.4999371 -0.7871708 -0.3611122 -0.4999642 -0.7871682 -0.3611098 -0.4999653 -0.7871688 -0.3819215 0.4302722 0.8179253 -0.3819278 0.4302675 0.8179248 -0.3819361 0.4302646 0.8179224 -0.3819715 0.4302245 0.8179271 -0.9151031 0.1076102 0.3885957 -0.9151138 0.1076074 0.3885709 -0.9151237 0.1075779 0.388556 -0.9151108 0.1075839 0.3885845 -0.9238909 -0.0798006 -0.3742425 -0.9239178 -0.07975602 -0.3741856 -0.9239195 -0.07975053 -0.3741827 -0.9239066 -0.07978588 -0.374207 -0.3634377 -0.2342033 -0.9016994 -0.3633633 -0.2342551 -0.9017161 -0.3633745 -0.2343078 -0.9016977 -0.3633788 -0.2342524 -0.9017104 -0.3927841 0.2063043 0.8961916 -0.3926925 0.2063841 0.8962133 -0.3927215 0.2063869 0.8962 -0.3927884 0.2062892 0.8961931 -0.7486176 0.3135913 0.5841508 -0.7485638 0.3136535 0.5841864 -0.7485878 0.3137208 0.5841196 -0.748564 0.3137131 0.5841541 -0.9365439 0.03076577 -0.3491978 -0.9365221 0.03084474 -0.3492493 -0.9365264 0.03083097 -0.3492389 -0.9365332 0.03080278 -0.3492232 -0.360798 -0.06013345 -0.9307034 -0.3607949 -0.06008702 -0.9307076 -0.3608037 -0.06003606 -0.9307075 -0.3607946 -0.06008833 -0.9307077 -0.7090488 0.2722933 0.6504661 -0.7090914 0.2722524 0.6504369 -0.7090861 0.2722603 0.6504392 -0.7090752 0.2722791 0.6504434 -0.1907336 0.9814966 -0.01688683 -0.1907854 0.9814874 -0.01683503 -0.1906721 0.9815087 -0.01687765 -0.190697 0.9815039 -0.01687908 3.05064e-5 0.9767236 -0.2145017 1.31503e-6 0.9767139 -0.2145462 1.11312e-5 0.9767065 -0.2145798 7.35745e-6 0.9767265 -0.2144889 -1.24127e-5 0.987697 0.1563802 -6.12065e-6 0.9876806 0.1564833 -8.27015e-6 0.9876958 0.1563875 -7.3175e-5 0.9876798 0.1564885 -0.5127166 -0.5524562 -0.6572017 -0.5127044 -0.5524883 -0.6571842 -0.5127336 -0.5523735 -0.6572578 -0.5127372 -0.5523653 -0.6572619 -0.3931682 -0.5488369 0.737697 -0.3932409 -0.548785 0.7376969 -0.3932194 -0.5488435 0.7376648 -0.393171 -0.5488582 0.7376796 -0.5922186 -0.7820161 -0.194237 -0.5922437 -0.7820013 -0.1942203 -0.592117 -0.782092 -0.1942417 -0.5921465 -0.7820699 -0.1942406 -0.2526588 -0.7293941 -0.6357262 -0.2526616 -0.729371 -0.6357516 -0.2526731 -0.729354 -0.6357666 -0.2526542 -0.7293936 -0.6357287 -0.4716451 0.8714545 0.134603 -0.4716406 0.8714525 0.1346324 -0.4716575 0.871425 0.1347507 -0.4717027 0.8714148 0.1346585 -0.7227472 -0.2442666 0.6465063 -0.7227461 -0.2442826 0.6465016 -0.7227013 -0.2443082 0.6465418 -0.7227286 -0.2442737 0.6465243 -0.942917 -0.04313087 -0.3302233 -0.942933 -0.04316127 -0.3301736 -0.9429379 -0.04315286 -0.3301606 -0.9429338 -0.04307711 -0.3301824 -0.3732283 -0.04400795 -0.9266952 -0.3731886 -0.043935 -0.9267147 -0.373197 -0.04393512 -0.9267113 -0.3731642 -0.04394394 -0.9267241 -0.6265158 -0.2387061 0.7419551 -0.6263881 -0.2386507 0.7420808 -0.6264939 -0.238723 0.7419682 -0.6264619 -0.2386901 0.7420058 -0.7510294 0.5705161 0.3323649 -0.7510734 0.5704818 0.3323243 -0.7510638 0.5704904 0.3323311 -0.7510854 0.5704496 0.3323522 -0.7689214 0.5686401 -0.292247 -0.7689827 0.5685722 -0.2922182 -0.7689545 0.5685985 -0.2922408 -0.7689766 0.5685643 -0.2922495 -0.2935323 0.6112684 -0.734976 -0.2935153 0.611292 -0.7349632 -0.2935386 0.6112543 -0.7349853 -0.2935343 0.6112459 -0.7349939 -0.3490806 0.5646106 0.7479022 -0.3491345 0.5645182 0.7479467 -0.3490809 0.5646142 0.7478993 -0.3490539 0.5646511 0.7478841 -0.9178495 0.05450242 0.393169 -0.917848 0.05455702 0.3931649 -0.9178481 0.05453222 0.3931684 -0.9178423 0.0545575 0.3931782 -0.9296528 0.09731292 -0.3553536 -0.9296439 0.09734767 -0.3553672 -0.9296491 0.0973075 -0.3553642 -0.9296466 0.09738934 -0.3553485 -0.3808474 0.1195242 -0.9168803 -0.3808454 0.1195683 -0.9168753 -0.3808485 0.1194994 -0.9168829 -0.3808498 0.119531 -0.9168783 -0.4077973 0.006492555 0.9130494 -0.4077885 0.006541371 0.9130531 -0.4077844 0.006582677 0.9130545 -0.4077907 0.006578862 0.9130518 -0.4440637 0.8829685 0.1522311 -0.4441282 0.8829375 0.152222 -0.444131 0.8829291 0.1522627 -0.4439764 0.883006 0.1522678 -0.461889 0.861344 -0.2115304 -0.461849 0.861366 -0.2115288 -0.4618925 0.8613533 -0.2114853 -0.4618837 0.8613523 -0.2115082 -0.1899047 0.8516461 -0.4885029 -0.1899139 0.8516275 -0.4885318 -0.189914 0.8516253 -0.4885356 -0.1899015 0.8516415 -0.4885123 -0.1892941 0.9030433 0.3855911 -0.189249 0.903048 0.3856021 -0.1891965 0.9030646 0.3855893 -0.189216 0.9030871 0.3855271 -0.7465803 -0.5936102 0.3004078 -0.7465635 -0.5936383 0.300394 -0.7465791 -0.5936092 0.3004127 -0.746585 -0.5935974 0.3004217 -0.8364368 -0.4367195 -0.3311337 -0.8364091 -0.4367659 -0.3311426 -0.8364674 -0.4366576 -0.3311385 -0.8364539 -0.4366686 -0.3311577 -0.3701863 -0.3090357 -0.8760474 -0.3702069 -0.309002 -0.8760506 -0.3701968 -0.309 -0.8760557 -0.3702128 -0.3089947 -0.8760507 -0.2871522 -0.7194463 0.6324086 -0.2871541 -0.7194808 0.6323685 -0.287145 -0.7194845 0.6323685 -0.2871574 -0.7194152 0.6324417 -0.9145054 0.1195496 0.3865072 -0.9144902 0.1195194 0.3865526 -0.9144553 0.1195319 0.3866312 -0.9144799 0.1195849 0.3865567 -0.9279209 0.1062689 0.3573091 -0.927926 0.1062784 0.3572931 -0.376238 0.0789023 0.9231574 -0.3762648 0.0789082 0.923146 -0.3762766 0.07894051 0.9231383 -0.3762472 0.07891964 0.9231522 -0.3991765 0.08694028 0.9127429 -0.3992563 0.08699345 0.912703 -0.9535292 0.07127296 0.2927497 -0.9535314 0.07136148 0.2927209 -0.9535199 0.07127052 0.2927802 -0.9535201 0.07126319 0.2927816 -0.4434154 0.03805911 0.8955078 -0.4433604 0.03796714 0.895539 -0.4434436 0.03803098 0.8954952 -0.44338 0.03802335 0.895527 -0.9811632 -0.03000217 0.190837 -0.9811471 -0.03007137 0.1909086 -0.9811607 -0.03002029 0.190847 -0.981149 -0.03007119 0.1908992 -0.5097075 -0.1199234 0.8519487 -0.5097549 -0.119955 0.851916 -0.5097009 -0.1199823 0.8519444 -0.5097279 -0.1199308 0.8519355 -0.955466 0.2922481 -0.04093712 -0.9554792 0.2922043 -0.04094266 -0.9554738 0.2922229 -0.04093611 -0.9554733 0.292227 -0.04091906 -0.9888759 -0.1407114 0.04821729 -0.9888886 -0.1406347 0.04818046 -0.988875 -0.1407168 0.04821872 -0.9888885 -0.1406352 0.04818296 -0.9904996 -0.06913113 0.1188763 -0.9905106 -0.06903791 0.1188391 -0.9905002 -0.06911039 0.1188832 -0.9905099 -0.06908684 0.1188151 -0.4336817 0.8947524 -0.1064824 -0.4337456 0.8947212 -0.1064842 -0.4336947 0.8947432 -0.1065058 -0.4337217 0.8947268 -0.1065344 -0.945372 0.3052893 -0.1143258 -0.9453418 0.3054102 -0.1142522 -0.9453621 0.3053087 -0.1143561 -0.9453417 0.3053954 -0.1142926 -0.941276 -0.3086454 0.1368851 -0.9412778 -0.3086396 0.1368868 -0.9412725 -0.3086612 0.1368734 -0.9412733 -0.3086504 0.1368927 -0.4441464 -0.8384166 0.3158982 -0.444211 -0.8383674 0.3159376 -0.4442328 -0.838373 0.3158927 -0.444238 -0.8383572 0.3159273 -0.4174509 0.8599075 -0.2937581 -0.417431 0.8599389 -0.2936943 -0.41745 0.8598946 -0.293797 -0.4174897 0.8598887 -0.2937582 -0.9319548 0.2594799 -0.2532402 -0.9319463 0.2594899 -0.2532609 -0.931967 0.2594612 -0.2532144 -0.9319681 0.2594503 -0.2532212 -0.9183774 -0.2939739 0.2648819 -0.9183794 -0.2939737 0.2648751 -0.918397 -0.2939467 0.2648442 -0.9183791 -0.2939753 0.2648743 -0.3596816 -0.7026454 0.6139371 -0.3596546 -0.702637 0.6139624 -0.35971 -0.7026722 0.6138897 -0.3597284 -0.7026036 0.6139574 -0.3860747 0.642078 -0.6623309 -0.3860368 0.642134 -0.6622988 -0.3860602 0.6420963 -0.6623216 -0.3860276 0.6421509 -0.6622877 -0.924873 0.1862046 -0.3315686 -0.9248472 0.1862373 -0.3316224 -0.924878 0.1862 -0.3315574 -0.9248874 0.1861922 -0.3315355 -0.9179677 -0.207073 0.3383136 -0.9179647 -0.2070278 0.3383495 -0.9179568 -0.2070631 0.3383494 -0.9179815 -0.2070209 0.3383078 -0.3610744 -0.4999897 0.7871693 -0.3611171 -0.4999568 0.7871707 -0.3610997 -0.4999697 0.7871706 -0.3611174 -0.4999585 0.7871695 -0.3819125 0.4302828 -0.817924 -0.382007 0.4302207 -0.8179125 -0.3819112 0.4302777 -0.8179273 -0.3819159 0.4302843 -0.8179215 -0.919095 0.1083384 -0.3788499 -0.9190964 0.1082591 -0.3788692 -0.9190903 0.1082901 -0.3788752 -0.9191194 0.1082571 -0.378814 -0.9148769 0.08260512 -0.395192 -0.9148715 0.0825352 -0.3952192 -0.9207683 -0.08545762 0.3806346 -0.9207726 -0.08539342 0.3806388 -0.9207566 -0.08544111 0.380667 -0.9207682 -0.08543318 0.3806406 -0.3633815 -0.2342498 0.90171 -0.3633437 -0.2342571 0.9017234 -0.3633927 -0.2342454 0.9017066 -0.3634188 -0.234221 0.9017025 -0.3823255 0.2152082 -0.8986172 -0.3823407 0.2151837 -0.8986164 -0.3823528 0.2151352 -0.898623 -0.3823374 0.2152006 -0.8986139 -0.9209154 0.00152415 0.3897597 -0.9209223 0.001443266 0.3897438 -0.9209181 0.001478016 0.3897535 -0.9209252 0.001459181 0.3897368 -0.3607917 -0.06004381 0.9307116 -0.3607885 -0.06003367 0.9307135 -0.3607866 -0.06005328 0.9307129 -0.3607782 -0.06001555 0.9307188 -0.382225 0.1422752 -0.9130508 -0.3822348 0.1423302 -0.9130381 -0.3822284 0.1422726 -0.9130499 -0.3822309 0.1423214 -0.9130412 -0.1907257 0.9814989 0.01684373 -0.1908364 0.9814776 0.01683402 -0.190748 0.9814943 0.01685798 -0.1907501 0.9814942 0.0168429 -2.01054e-5 0.976723 0.214505 -3.67686e-6 0.9767007 0.2146062 1.2666e-7 0.9767099 0.2145646 -8.86032e-5 0.9767078 0.214574 5.99907e-5 0.9876773 -0.1565042 -5.73695e-6 0.9876857 -0.1564508 1.38432e-5 0.9876827 -0.1564711 -6.87838e-5 0.9876798 -0.1564885 -0.5127357 -0.5523885 0.6572436 -0.512705 -0.5524887 0.6571833 -0.5127334 -0.5523907 0.6572434 -0.5127197 -0.5524559 0.6571995 -0.6262222 -0.7186043 -0.3024132 -0.6261768 -0.7186539 -0.3023893 -0.62619 -0.7186567 -0.3023552 -0.626245 -0.7185864 -0.3024082 -0.6315524 -0.7376036 0.23892 -0.6315987 -0.7375554 0.238946 -0.6316365 -0.7375197 0.2389566 -0.6316132 -0.7375382 0.2389609 -0.252657 -0.7293889 0.635733 -0.2526638 -0.7293562 0.6357677 -0.252629 -0.7294237 0.6357041 -0.25264 -0.7294249 0.6356984 -0.2612307 -0.7230665 -0.6394791 -0.2612065 -0.7231 -0.6394511 -0.26123 -0.7230491 -0.639499 -0.2612664 -0.7230355 -0.6394994 -0.9087995 -0.04613721 -0.4146746 -0.9088226 -0.04617506 -0.4146195 -0.9088314 -0.04617857 -0.4145998 -0.9088238 -0.04618024 -0.4146164 -0.9336014 -0.03099435 0.3569704 -0.9335992 -0.03105372 0.356971 -0.9336166 -0.03097122 0.3569328 -0.9335914 -0.03105336 0.3569913 -0.3732467 -0.04394131 0.9266909 -0.3731767 -0.04392069 0.9267202 -0.3732361 -0.04396581 0.9266941 -0.3732333 -0.04388576 0.926699 -0.3897063 -0.08150398 -0.9173256 -0.3897494 -0.08154237 -0.9173038 -0.3897193 -0.08152204 -0.9173184 -0.3896926 -0.0815013 -0.9173317 -0.7325302 0.6041002 -0.3137875 -0.7325084 0.6041293 -0.3137821 -0.7325392 0.6040857 -0.3137941 -0.7325361 0.6040881 -0.3137969 -0.7340958 0.6125705 0.2930203 -0.7341291 0.6125234 0.2930351 -0.7341015 0.6125571 0.293034 -0.7341295 0.6125225 0.2930362 -0.2972615 0.5980203 0.7443167 -0.2972763 0.5979825 0.7443411 -0.2972537 0.5980334 0.7443093 -0.2972589 0.5980212 0.7443171 -0.3127468 0.6387408 -0.7029934 -0.3127297 0.6388123 -0.7029361 -0.3127675 0.6387268 -0.7029969 -0.3127396 0.6387702 -0.7029699 -0.9174222 0.0971558 -0.3858723 -0.9174249 0.09712362 -0.3858741 -0.917425 0.09716808 -0.3858626 -0.9174237 0.09725964 -0.3858423 -0.9137817 0.1945769 0.3565711 -0.9137886 0.1945732 0.3565552 -0.9137703 0.1946358 0.3565681 -0.9137644 0.1946406 0.3565804 -0.3689945 0.2458191 0.8963348 -0.3689823 0.2458989 0.8963179 -0.3689945 0.2458914 0.896315 -0.3689991 0.2458081 0.8963359 -0.410271 -0.001212775 -0.9119629 -0.4102732 -0.00116688 -0.9119619 -0.4102717 -0.001159727 -0.9119627 -0.4102651 -0.001131772 -0.9119656 -0.4583679 0.8734858 -0.1640782 -0.4583628 0.873488 -0.1640805 -0.4584286 0.8734624 -0.1640326 -0.4584528 0.8734422 -0.1640723 -0.4524518 0.8684561 0.2026608 -0.4524165 0.8684796 0.2026391 -0.452475 0.8684361 0.2026947 -0.4524637 0.8684503 0.2026591 -0.1803693 0.8682207 0.4622335 -0.1803913 0.8681898 0.462283 -0.1804032 0.8681718 0.4623121 -0.1804065 0.8682175 0.4622251 -0.2058067 0.8797149 -0.4286552 -0.2058418 0.8796935 -0.4286824 -0.2058166 0.8796977 -0.428686 -0.2057438 0.8797479 -0.4286179 -0.7464635 -0.5937734 -0.3003754 -0.7464535 -0.5937784 -0.3003905 -0.746473 -0.5937432 -0.3004118 -0.7464588 -0.59377 -0.3003939 -0.8364005 -0.4368007 0.3311184 -0.8363417 -0.4369081 0.3311255 -0.8363715 -0.4368445 0.331134 -0.8363543 -0.4368817 0.3311282 -0.3702049 -0.3091546 0.8759977 -0.3701532 -0.3092632 0.875981 -0.3702031 -0.3091225 0.8760098 -0.3701717 -0.3091938 0.8759978 -0.2871375 -0.7194661 -0.6323928 -0.28716 -0.7194135 -0.6324425 -0.2871689 -0.7193802 -0.6324763 -0.2871688 -0.7194042 -0.632449 0.9144479 0.1195788 -0.3866343 0.91449 0.1195199 -0.3865528 0.9144549 0.1195331 -0.386632 0.9144794 0.1195842 -0.386558 0.9279211 0.106269 -0.3573086 0.9279261 0.1062785 -0.3572927 0.3762378 0.07890307 -0.9231574 0.3762639 0.0789082 -0.9231463 0.3762754 0.07894062 -0.9231389 0.3762456 0.07891905 -0.9231529 0.3991764 0.0869404 -0.9127429 0.3992564 0.08699363 -0.9127029 0.9535292 0.07127302 -0.2927492 0.9535315 0.07136172 -0.2927204 0.9535201 0.07127046 -0.2927798 0.9535202 0.07126313 -0.2927813 0.4434144 0.03805905 -0.8955084 0.4433596 0.03796756 -0.8955394 0.4434431 0.03803139 -0.8954954 0.4433797 0.038024 -0.895527 0.9811632 -0.03000223 -0.1908369 0.9811471 -0.03007113 -0.1909086 0.9811607 -0.03002005 -0.190847 0.981149 -0.03007072 -0.1908993 0.5097075 -0.1199226 -0.8519489 0.5097547 -0.1199555 -0.851916 0.5097008 -0.1199836 -0.8519443 0.5097247 -0.119932 -0.8519373 0.9554666 0.2922462 0.04093623 0.9554794 0.2922036 0.04094225 0.9554739 0.2922226 0.04093545 0.9554734 0.2922263 0.04091882 0.9888762 -0.1407091 -0.04821693 0.9888887 -0.1406338 -0.04818069 0.9888752 -0.1407157 -0.0482189 0.9888882 -0.1406356 -0.04818397 0.9904995 -0.06913203 -0.1188763 0.9905107 -0.06903737 -0.1188378 0.9905003 -0.06911057 -0.1188824 0.9905102 -0.06908529 -0.1188141 0.4336798 0.8947532 0.1064832 0.4337453 0.8947213 0.1064851 0.4336947 0.8947431 0.1065063 0.433721 0.8947272 0.1065347 0.9453714 0.3052911 0.1143252 0.9453418 0.3054098 0.1142528 0.9453622 0.3053077 0.1143569 0.9453423 0.3053936 0.1142928 0.941276 -0.3086459 -0.1368842 0.9412777 -0.3086398 -0.1368861 0.9412731 -0.3086594 -0.1368733 0.9412741 -0.3086485 -0.1368923 0.4441457 -0.8384168 -0.3158987 0.4442103 -0.8383679 -0.3159376 0.4442322 -0.8383733 -0.3158923 0.4442376 -0.8383575 -0.3159267 0.4174537 0.8599058 0.2937592 0.4174319 0.8599385 0.2936944 0.4174516 0.8598939 0.2937968 0.4174891 0.8598895 0.2937566 0.9319537 0.2594811 0.253243 0.9319444 0.2594925 0.2532651 0.931965 0.2594638 0.2532193 0.9319671 0.2594518 0.2532238 0.9183784 -0.2939718 -0.264881 0.9183804 -0.2939713 -0.2648743 0.9183974 -0.2939458 -0.2648437 0.9183791 -0.2939749 -0.2648749 0.3596807 -0.7026445 -0.6139385 0.3596538 -0.7026365 -0.6139634 0.359708 -0.7026717 -0.6138915 0.3597263 -0.7026033 -0.6139588 0.386074 0.6420835 0.662326 0.3860377 0.6421371 0.6622952 0.3860609 0.6420997 0.6623179 0.3860305 0.6421499 0.662287 0.9248499 0.1862351 0.331616 0.9248733 0.1862063 0.3315672 0.9248768 0.1862022 0.3315596 0.924884 0.1861963 0.3315428 0.9179701 -0.2070621 -0.338314 0.9179665 -0.2070287 -0.338344 0.9179603 -0.2070581 -0.338343 0.9179831 -0.2070191 -0.338305 0.3610691 -0.4999946 -0.7871688 0.3611149 -0.499959 -0.7871704 0.3610979 -0.4999712 -0.7871704 0.3611188 -0.4999581 -0.787169 0.3819392 0.4302558 0.8179257 0.3819165 0.4302752 0.8179261 0.3819536 0.4302523 0.8179208 0.3819049 0.4302978 0.8179196 0.9190862 0.1083587 0.3788655 0.9191007 0.108288 0.3788507 0.9190939 0.1082854 0.3788678 0.9190863 0.1082987 0.3788822 0.9148722 0.08257275 0.3952097 0.9148691 0.08251935 0.3952277 0.9207936 -0.08535605 -0.3805965 0.9207754 -0.08540755 -0.3806287 0.9207799 -0.08541351 -0.3806168 0.9207718 -0.08542603 -0.3806335 0.3633638 -0.2342608 -0.9017143 0.3634628 -0.2342267 -0.9016833 0.3633951 -0.2342506 -0.9017043 0.3634225 -0.2342227 -0.9017005 0.3677567 0.2247888 0.9023442 0.3677393 0.2248005 0.9023485 0.3677648 0.2247769 0.9023438 0.3677685 0.2247775 0.9023422 0.9209144 0.001524627 -0.3897621 0.920908 0.001555979 -0.3897772 0.9209192 0.001460433 -0.3897507 0.9209043 0.001550316 -0.3897858 0.3607991 -0.06006556 -0.9307073 0.3607972 -0.06003415 -0.9307101 0.3607963 -0.06005239 -0.9307094 0.3607857 -0.0600059 -0.9307165 0.3006977 0.2117689 0.9299113 0.3006789 0.2116637 0.9299412 0.3007001 0.2117638 0.9299116 0.3006929 0.2117044 0.9299275 0.190752 0.9814925 -0.0169211 0.1906928 0.9815046 -0.01688665 0.1906732 0.9815082 -0.01689708 0.1906946 0.9815044 -0.01687765 0.5127341 -0.5523859 -0.657247 0.512705 -0.5524882 -0.6571837 0.5127336 -0.5523822 -0.6572506 0.5127193 -0.5524552 -0.6572002 0.6262263 -0.7185922 0.3024333 0.6262479 -0.7185971 0.3023771 0.6262234 -0.7185989 0.3024237 0.6262442 -0.7185956 0.3023881 0.6315575 -0.7375959 -0.2389298 0.6315864 -0.7375675 -0.238941 0.6316195 -0.7375336 -0.2389582 0.631573 -0.7375834 -0.2389273 0.2526629 -0.729372 -0.6357501 0.2526786 -0.7293383 -0.6357824 0.2526515 -0.7293882 -0.6357358 0.2526531 -0.7293977 -0.6357244 0.005047738 -0.9452155 0.3264081 0.004962503 -0.9452311 0.3263641 0.00498265 -0.945215 0.3264105 0.004945516 -0.9452053 0.3264393 0.9088213 -0.04615992 0.4146243 0.9088224 -0.04620271 0.4146173 0.9088065 -0.04620325 0.4146518 0.9088022 -0.04615718 0.4146662 0.9336114 -0.0310204 -0.3569419 0.9335908 -0.03106439 -0.3569918 0.9336037 -0.03101515 -0.3569628 0.9336062 -0.0310052 -0.3569568 0.3732693 -0.04393482 -0.9266822 0.3732575 -0.04396378 -0.9266856 0.3732208 -0.04395037 -0.926701 0.3732171 -0.04394471 -0.9267027 0.3586541 -0.0956192 0.9285604 0.3586432 -0.09553426 0.9285733 0.3586196 -0.09555917 0.9285799 0.3586367 -0.09555017 0.9285742 0.7399486 0.5938979 0.3158503 0.7399422 0.5939111 0.3158407 0.7399234 0.5939435 0.3158236 0.7399262 0.5939365 0.3158301 0.7272019 0.6220639 -0.2901962 0.7272648 0.6219824 -0.2902134 0.7272339 0.6220212 -0.2902078 0.7272186 0.6220424 -0.2902004 0.2935496 0.6112314 -0.735 0.2935411 0.6112636 -0.7349765 0.293537 0.6112549 -0.7349854 0.2935324 0.6112656 -0.7349784 0.3348529 0.525006 0.7824592 0.3348425 0.5250339 0.7824449 0.3348184 0.5249965 0.7824804 0.3348551 0.5250185 0.7824499 0.9178459 0.05453646 0.3931727 0.9178485 0.05456554 0.3931625 0.9178506 0.05445438 0.3931732 0.9178467 0.05445933 0.3931814 0.9296482 0.09729886 -0.3553692 0.9296519 0.09730875 -0.3553568 0.9296514 0.09730309 -0.3553596 0.9296449 0.09734153 -0.3553661 0.3808577 0.119593 -0.916867 0.3808464 0.1195935 -0.9168716 0.380849 0.1195332 -0.9168785 0.3808345 0.1195907 -0.9168768 0.4077986 0.006527423 0.9130486 0.4078012 0.006522178 0.9130476 0.4077975 0.00648123 0.9130494 0.4077948 0.006566286 0.91305 0.4439364 0.8830388 0.1521939 0.4440265 0.8829887 0.152222 0.4440674 0.8829726 0.1521959 0.4439824 0.8830104 0.1522245 0.4618521 0.8613647 -0.2115268 0.4623433 0.8614698 -0.2100201 0.4617639 0.861431 -0.2114495 0.4617872 0.8614082 -0.2114914 0.1898919 0.8516324 -0.4885318 0.1899008 0.851605 -0.4885761 0.1899022 0.8516153 -0.4885579 0.1899012 0.8516147 -0.4885591 0.1891836 0.9031018 0.3855085 0.1892585 0.9030467 0.3856007 0.1892362 0.9030416 0.3856235 0.1891837 0.903072 0.3855783 0.7464644 -0.5937652 0.3003894 0.7464618 -0.5937687 0.3003892 0.746456 -0.5938134 0.3003151 0.746427 -0.5938465 0.3003215 0.8363882 -0.436865 -0.3310648 0.8362871 -0.4370569 -0.3310669 0.8363261 -0.4369726 -0.3310797 0.8363242 -0.4369991 -0.3310497 0.3701985 -0.309076 -0.8760281 0.3702043 -0.3091132 -0.8760125 0.370222 -0.3090703 -0.8760201 0.3702018 -0.3091236 -0.8760098 0.2871534 -0.7195296 0.6323134 0.2871743 -0.7194372 0.632409 0.2871443 -0.7195025 0.6323484 0.2871775 -0.7195007 0.6323353 0.9144786 0.1195847 0.3865597 0.9144893 0.1195197 0.3865548 0.9144976 0.1195967 0.3865111 0.9145055 0.1195514 0.3865066 0.9279207 0.1062697 0.3573095 0.9279263 0.1062768 0.3572926 0.3762466 0.07891941 0.9231524 0.3762645 0.07890802 0.9231461 0.3762763 0.07894057 0.9231385 0.3762382 0.07890284 0.9231572 0.3991765 0.08693993 0.9127429 0.3992568 0.08699208 0.9127029 0.9535197 0.07126581 0.2927827 0.9535315 0.07136154 0.2927206 0.95352 0.07127028 0.2927801 0.9535286 0.07127493 0.2927511 0.4433785 0.03802525 0.8955276 0.4433872 0.03811103 0.8955196 0.4434431 0.0380311 0.8954953 0.4434139 0.0380609 0.8955086 0.98115 -0.0300768 0.1908932 0.9811468 -0.03006845 0.1909109 0.9811607 -0.03002184 0.1908466 0.9811629 -0.03000128 0.1908389 0.5097323 -0.1199359 0.8519323 0.5097557 -0.1199527 0.8519158 0.5097029 -0.1199826 0.8519432 0.50971 -0.1199232 0.8519473 0.9554734 0.2922264 -0.040919 0.9554794 0.2922037 -0.04094195 0.9554738 0.2922227 -0.04093635 0.9554662 0.2922472 -0.04093849 0.988888 -0.1406389 0.04817777 0.9888885 -0.1406359 0.04817909 0.988875 -0.1407161 0.04822033 0.9888758 -0.1407146 0.04821056 0.9905099 -0.06908547 0.1188169 0.9905107 -0.06903576 0.1188391 0.9905003 -0.0691061 0.1188849 0.9905188 -0.06903421 0.1187724 0.4337214 0.8947269 -0.1065346 0.433745 0.8947213 -0.1064852 0.4336947 0.8947433 -0.1065064 0.4336806 0.8947528 -0.1064839 0.945342 0.3053944 -0.1142922 0.9453694 0.3052945 -0.1143336 0.9453623 0.3053081 -0.1143556 0.945372 0.3052897 -0.1143242 0.9412741 -0.308649 0.1368905 0.9412778 -0.3086404 0.136885 0.9412727 -0.3086611 0.1368728 0.9412748 -0.3086462 0.1368917 0.4442395 -0.8383569 0.3159256 0.4442102 -0.8383679 0.3159379 0.4442275 -0.8383904 0.3158538 0.4441509 -0.8384171 0.3158904 0.4174894 0.8598894 -0.2937567 0.4174306 0.8599393 -0.2936939 0.4174499 0.8598954 -0.2937955 0.4174501 0.8599083 -0.2937572 0.9319676 0.259451 -0.2532223 0.931946 0.2594909 -0.2532609 0.9319667 0.2594612 -0.2532157 0.9319543 0.2594807 -0.2532409 0.9183789 -0.2939758 0.2648748 0.9183793 -0.2939735 0.264876 0.9183964 -0.2939474 0.2648452 0.9183775 -0.2939739 0.2648816 0.359728 -0.7026045 0.6139566 0.3596561 -0.7026363 0.6139624 0.3597105 -0.7026715 0.6138902 0.359685 -0.7026433 0.6139374 0.3860276 0.6421514 -0.6622871 0.3860384 0.6421326 -0.6622992 0.3860622 0.642096 -0.6623207 0.3860777 0.6420755 -0.6623317 0.9248874 0.1861932 -0.3315352 0.9248465 0.1861872 -0.3316524 0.9248776 0.1862011 -0.331558 0.9248723 0.1862053 -0.3315703 0.9179809 -0.2070212 0.3383098 0.9179643 -0.2070285 0.3383501 0.9179564 -0.2070623 0.338351 0.9179675 -0.2070723 0.3383147 0.3611205 -0.4999579 0.7871685 0.3611189 -0.499958 0.787169 0.3611018 -0.4999707 0.7871689 0.3610752 -0.4999919 0.7871677 0.3819177 0.4302864 -0.8179197 0.3818882 0.4302941 -0.8179293 0.3819148 0.4302768 -0.817926 0.3819156 0.430281 -0.8179235 0.9191188 0.108258 -0.3788153 0.9190955 0.1082597 -0.3788711 0.9190903 0.1082898 -0.3788753 0.9190948 0.1083359 -0.3788511 0.9148763 0.08260297 -0.3951939 0.914872 0.08252519 -0.3952199 0.9207679 -0.08543241 0.3806412 0.920772 -0.08539438 0.38064 0.9207561 -0.085442 0.3806679 0.9207673 -0.08545923 0.3806369 0.3634204 -0.2342209 0.9017019 0.363346 -0.2342571 0.9017224 0.3633936 -0.2342451 0.9017064 0.3633832 -0.2342501 0.9017093 0.3823418 0.2151984 -0.8986125 0.3823413 0.215184 -0.8986163 0.3823542 0.2151337 -0.8986228 0.3823237 0.2152085 -0.8986178 0.920923 0.001450657 0.389742 0.920923 0.001438081 0.389742 0.9209185 0.001472055 0.3897526 0.9209159 0.001518785 0.3897585 0.360779 -0.06001627 0.9307183 0.3607898 -0.06003439 0.930713 0.3607891 -0.06005454 0.930712 0.3607927 -0.0600447 0.9307113 0.3822325 0.1423249 -0.91304 0.3822389 0.1423325 -0.9130362 0.3822258 0.1422659 -0.913052 0.3822214 0.1422662 -0.9130538 0.1907448 0.9814953 0.01683264 0.1907511 0.9814941 0.01683813 0.190838 0.9814775 0.01681745 0.1907509 0.981494 0.01683861 0.5127178 -0.5524557 0.657201 0.5127061 -0.5524877 0.6571832 0.5127329 -0.5523922 0.6572427 0.5127335 -0.5523955 0.6572394 0.626246 -0.7185841 -0.3024118 0.6261798 -0.7186502 -0.3023918 0.6262056 -0.718636 -0.3023722 0.6262406 -0.7185811 -0.30243 0.6316316 -0.7375187 0.2389721 0.6316166 -0.7375363 0.2389577 0.6316473 -0.7375093 0.2389598 0.631558 -0.7375949 0.2389321 0.2526499 -0.7294086 0.6357132 0.2526709 -0.7293487 0.6357735 0.2526494 -0.7294161 0.6357046 0.2526607 -0.7293809 0.6357406 0.2611826 -0.723114 -0.639445 0.2612133 -0.7230927 -0.6394565 0.2612377 -0.7230512 -0.6394935 0.2612253 -0.7230742 -0.6394726 0.9088254 -0.0461778 -0.414613 0.9088234 -0.04617285 -0.414618 0.9088325 -0.04617643 -0.4145976 0.9088461 -0.04621249 -0.4145638 0.9335913 -0.03105497 0.3569914 0.9335991 -0.03105479 0.3569711 0.9336162 -0.0309723 0.3569337 0.9336013 -0.03099477 0.3569707 0.3732317 -0.04388588 0.9266997 0.3731744 -0.04392147 0.926721 0.3732345 -0.04396599 0.9266947 0.3732442 -0.04394221 0.926692 0.3896924 -0.08150017 -0.9173318 0.3897491 -0.08154159 -0.9173041 0.3897182 -0.08152157 -0.9173189 0.3897049 -0.08150339 -0.9173262 0.732537 0.604089 -0.3137933 0.7325063 0.6041309 -0.3137842 0.7325439 0.6040809 -0.3137927 0.7325351 0.6040982 -0.31378 0.7341514 0.6124945 0.2930395 0.7341399 0.6125053 0.293046 0.7340825 0.6125881 0.2930166 0.7341488 0.6124941 0.2930471 0.2972723 0.59802 0.7443127 0.2972786 0.597976 0.7443456 0.2972667 0.5980062 0.7443259 0.2972738 0.5979884 0.7443374 0.3127355 0.6387832 -0.7029599 0.3127315 0.6388187 -0.7029295 0.3127209 0.6388278 -0.7029258 0.3127587 0.6387237 -0.7030037 0.9174197 0.09715324 -0.3858788 0.9174223 0.09715479 -0.3858722 0.9174234 0.09719109 -0.3858603 0.9174241 0.09717518 -0.3858628 0.9137571 0.194671 0.3565827 0.913782 0.1946091 0.3565528 0.9137713 0.1946542 0.3565552 0.9137807 0.1945858 0.3565688 0.3689909 0.2458183 0.8963365 0.3689756 0.2459125 0.896317 0.3689875 0.2459124 0.8963121 0.3689882 0.2458432 0.8963308 0.4102795 -0.001112699 -0.9119592 0.4102755 -0.001150608 -0.9119609 0.4102731 -0.001147747 -0.911962 0.4102775 -0.00120902 -0.91196 0.4583833 0.8734748 -0.1640933 0.4584469 0.8734523 -0.1640359 0.4584146 0.8734464 -0.1641569 0.458319 0.8735074 -0.1640998 0.4524117 0.8684719 0.2026826 0.4523549 0.8685049 0.2026684 0.4523579 0.8685182 0.2026045 0.4524061 0.8684872 0.2026298 0.1803557 0.8682442 0.4621946 0.1803849 0.8682095 0.4622485 0.1804053 0.8681923 0.4622727 0.1803805 0.8681961 0.4622756 0.2057811 0.879745 -0.428606 0.2058187 0.8797566 -0.4285639 0.2058132 0.8797134 -0.4286554 0.205799 0.8797132 -0.4286627 0.7463691 -0.5939005 -0.300359 0.7463818 -0.5939096 -0.300309 0.7463787 -0.5939011 -0.3003337 0.7464092 -0.5938408 -0.3003771 0.8363198 -0.4369874 0.3310763 0.8362936 -0.4370162 0.3311039 0.8363144 -0.4369918 0.3310837 0.8363241 -0.4369547 0.3311085 0.3701714 -0.3092603 0.8759744 0.3701653 -0.3093379 0.8759497 0.3702054 -0.3091728 0.8759911 0.3701985 -0.3092203 0.8759772 0.2871499 -0.7194454 -0.6324108 0.2871478 -0.7194539 -0.632402 0.2871844 -0.7193871 -0.6324614 0.2871396 -0.7194563 -0.632403 0.1978402 -0.04624176 0.979143 0.197847 -0.04624402 0.9791415 0.197879 -0.04626393 0.9791341 0.1978068 -0.04623681 0.97915 0.5555026 -0.02413892 0.8311643 0.5555107 -0.02417713 0.8311578 0.5555445 -0.02415353 0.8311359 0.5554713 -0.02415972 0.8311848 0.7974228 -0.008518099 0.603361 0.6892672 0.5028924 0.5215458 0.797369 -0.008413314 0.6034335 0.8362506 0.30125 0.458185 -0.664707 0.2477797 -0.7048191 -0.006828904 0.4183927 0.9082407 3.32668e-6 1 2.12528e-6 -0.09103429 0.2740412 -0.9573997 -0.3728964 0.2518388 -0.8930429 -0.8458095 0.2492932 -0.4716559 0.7939488 -0.5260477 0.3048269 0.9617733 -0.2734955 -0.01386916 0.9624841 0.2709455 -0.01459163 0.986768 -0.1614939 0.01444321 0.9868183 0.1611664 0.01466649 -0.8899986 0.2188625 -0.4000022 -0.9157251 0.1637638 -0.3669183 -0.3751921 -0.1879396 -0.9076946 -0.09252101 -0.1698098 -0.9811242 -0.667109 -0.2209049 -0.7114539 -0.8468219 -0.2423618 -0.4734485 -0.8903726 -0.217104 -0.400128 -0.9157564 -0.1638691 -0.3667932 1.58534e-5 -1 1.44504e-5 -0.006529092 -0.5143881 0.8575327 -4.23994e-5 -1 -4.29489e-5 0.001010298 -0.1669288 -0.9859685 9.96307e-4 0.307788 -0.9514545 -0.002603292 -0.3077166 0.9514746 -0.002549171 0.1670577 0.9859439 0.05981326 0.1712828 0.9834046 0.05827116 -0.3387058 0.9390861 0.0228514 0.3560635 -0.9341824 0.01937687 -0.1905019 -0.9814956 0.6413124 0.1116607 0.7591115 0.6544299 -0.2549001 0.711862 0.4177031 0.2585397 -0.8710232 0.3887664 -0.09098374 -0.9168329 0.9823813 -0.1868876 -2.81781e-5 0.9824196 0.1866866 6.88136e-5 0.9647369 -0.1989453 -0.1723468 0.9647765 0.1987436 -0.1723587 -0.9557977 0.1933518 0.2215083 -0.9904794 0.1376615 -4.31518e-5 -0.9557908 -0.1934109 0.2214862 -0.9904661 -0.1377565 -6.20931e-5 0.9868182 0.1611624 -0.01471769 0.9867554 -0.1615657 -0.01450353 0.8362604 0.3013077 -0.4581291 0.9625055 0.2708725 0.01453578 0.8329871 -0.3109437 -0.4576534 0.961807 -0.2733823 0.0137611 0.6548179 -0.3173773 -0.6859192 0.6635847 0.2865482 -0.6910468 0.3667352 -0.3268422 -0.8710221 0.3780518 0.25919 -0.8887618 0.08857464 -0.3145343 -0.9451046 0.09193968 0.2079446 -0.9738102 -0.8458046 0.2493163 0.4716525 -0.8899723 0.2189708 0.4000015 -0.6647225 0.2478243 0.7047888 -0.372922 0.2517393 0.8930603 -0.09100097 0.2740218 0.9574085 -0.8468462 -0.2423907 0.4733902 -0.8903511 -0.2171805 0.4001345 -0.6671504 -0.220983 0.7113908 -0.375249 -0.1879637 0.9076661 -0.09253048 -0.169858 0.9811149 -0.009184837 -0.3088546 -0.951065 4.34185e-4 0.167909 -0.9858024 0.007541239 0.3066733 0.951785 0.007776677 -0.1655177 0.9861762 0.04922163 -0.3345257 -0.9411004 0.0520882 0.1666148 -0.9846453 0.02802044 0.3588475 0.9329756 0.02638256 -0.1919925 0.9810417 -0.9157615 -0.163831 0.3667975 -0.9157208 0.1636959 0.3669592 0.6938002 -0.2668185 -0.6689165 0.6662219 0.09480279 -0.7397033 0.3222761 -0.06728404 0.9442517 0.3754276 0.2779923 0.8841802 0.9647898 0.1987111 0.1723213 0.9647424 -0.1989335 0.1723297 -0.9557962 -0.1933032 -0.2215572 -0.9558212 0.1932188 -0.2215229</float_array>
          <technique_common>
            <accessor source="#slingShotMeshOutline-mesh-normals-array" count="1016" stride="3">
              <param name="X" type="float"/>
              <param name="Y" type="float"/>
              <param name="Z" type="float"/>
            </accessor>
          </technique_common>
        </source>
        <source id="slingShotMeshOutline-mesh-map-0">
          <float_array id="slingShotMeshOutline-mesh-map-0-array" count="3816">0.9841652 0.4 0.9841652 0.4 0.9841652 0.4 0.9841652 0.4 0.9841651 0.4 0.9841652 0.4 0.9841652 0.4 0.9841652 0.4 0.9841651 0.4 0.9841652 0.4 0.9841652 0.4 0.9841651 0.4 0.9841652 0.4 0.9841652 0.4 0.9841652 0.4 0.9841652 0.4 0.9841652 0.4 0.9841652 0.4 0.9841652 0.4 0.9841652 0.4 0.9841652 0.4 0.9841652 0.4 0.9841652 0.4 0.9841652 0.4 0.9841652 0.4 0.9841652 0.4 0.9841652 0.4 0.9841652 0.4 0.9841653 0.4 0.9841652 0.4 0.9841652 0.4 0.9841652 0.4 0.9841652 0.4 0.9841652 0.4 0.9841652 0.4 0.9841652 0.4 0.9841652 0.4 0.9841652 0.4 0.9841653 0.4 0.9841652 0.4 0.9841653 0.4 0.9841653 0.4 0.9841652 0.4 0.9841652 0.4 0.9841652 0.4 0.9841652 0.4 0.9841652 0.4 0.9841652 0.4 0.9841651 0.4 0.9841652 0.4 0.9841652 0.4 0.9841652 0.4 0.9841652 0.4 0.9841652 0.4 0.9841651 0.4 0.9841651 0.4 0.9841652 0.4 0.9841651 0.4 0.9841652 0.4 0.9841652 0.4 0.9841651 0.4 0.9841653 0.4 0.9841652 0.4 0.9841653 0.4 0.9841652 0.4 0.9841652 0.4 0.9841652 0.4 0.9841652 0.4 0.9841653 0.4 0.9841652 0.4 0.9841652 0.4 0.9841653 0.4 0.9841652 0.4 0.9841652 0.4 0.9841652 0.4 0.9841652 0.4 0.9841652 0.4 0.9841652 0.4 0.9841652 0.4 0.9841652 0.4 0.9841652 0.4 0.9841652 0.4 0.9841652 0.4 0.9841652 0.4 0.9841652 0.4 0.9841652 0.4 0.9841652 0.4 0.9841652 0.4 0.9841652 0.4 0.9841652 0.4 0.9841652 0.4 0.9841652 0.4 0.9841652 0.4 0.9841652 0.4 0.9841652 0.4 0.9841652 0.4 0.9841652 0.4 0.9841652 0.4 0.9841652 0.4 0.9841652 0.4 0.9841652 0.4 0.9841652 0.4 0.9841652 0.4 0.9841652 0.4 0.9841652 0.4 0.9841652 0.4 0.9841652 0.4 0.9841652 0.4 0.9841652 0.4 0.9841652 0.4 0.9841652 0.4 0.9841652 0.4 0.9841652 0.4 0.9841652 0.4 0.9841652 0.4 0.9841652 0.4 0.9841652 0.4 0.9841652 0.4 0.9841652 0.4 0.9841652 0.4 0.9841652 0.4 0.9841652 0.4 0.9841652 0.4 0.9841652 0.4 0.9841652 0.4 0.9841652 0.4 0.9841652 0.4 0.9841652 0.4 0.9841652 0.4 0.9841652 0.4 0.9841652 0.4 0.9841652 0.4 0.9841652 0.4 0.9841651 0.4 0.9841652 0.4 0.9841651 0.4 0.9841652 0.4 0.9841652 0.4 0.9841652 0.4 0.9841652 0.4 0.9841652 0.4 0.9841652 0.4 0.9841652 0.4 0.9841652 0.4 0.9841652 0.4 0.9841652 0.4 0.9841652 0.4 0.9841652 0.4 0.9841652 0.4 0.9841652 0.4 0.9841652 0.4 0.9841652 0.4 0.9841652 0.4 0.9841652 0.4 0.9841652 0.4 0.9841652 0.4 0.9841651 0.4 0.9841651 0.4 0.9841652 0.4 0.9841651 0.4 0.9841652 0.4 0.9841652 0.4 0.9841652 0.4 0.9841652 0.4 0.9841652 0.4 0.9841652 0.4 0.9841652 0.4 0.9841652 0.4 0.9841652 0.4 0.9841651 0.4 0.9841652 0.4 0.9841651 0.4 0.9841652 0.4 0.9841652 0.4 0.9841652 0.4 0.9841652 0.4 0.9841652 0.4 0.9841652 0.4 0.9841651 0.4 0.9841652 0.4 0.9841651 0.4 0.9841651 0.4 0.9841652 0.4 0.9841651 0.4 0.9841652 0.4 0.9841652 0.4 0.9841652 0.4 0.9841652 0.4 0.9841652 0.4 0.9841652 0.4 0.9841652 0.4 0.9841652 0.4 0.9841652 0.4 0.9841652 0.4 0.9841652 0.4 0.9841652 0.4 0.9841652 0.4 0.9841652 0.4 0.9841652 0.4 0.9841652 0.4 0.9841652 0.4 0.9841652 0.4 0.9841652 0.4 0.9841652 0.4 0.9841652 0.4 0.9841652 0.4 0.9841652 0.4 0.9841652 0.4 0.9841652 0.4 0.9841652 0.4 0.9841652 0.4 0.9841652 0.4 0.9841652 0.4 0.9841652 0.4 0.9841652 0.4 0.9841652 0.4 0.9841651 0.4 0.9841651 0.4 0.9841651 0.4 0.9841651 0.4 0.9841651 0.4 0.9841651 0.4 0.9841651 0.4 0.9841651 0.4 0.9841651 0.4 0.9841651 0.4 0.9841651 0.4 0.9841651 0.4 0.9841651 0.4 0.9841651 0.4 0.9841651 0.4 0.9841651 0.4 0.9841651 0.4 0.9841651 0.4 0.9841651 0.4 0.9841651 0.4 0.9841651 0.4 0.9841651 0.4 0.9841651 0.4 0.9841651 0.4 0.9841651 0.4 0.9841652 0.4 0.9841651 0.4 0.9841652 0.4 0.9841652 0.4 0.9841651 0.4 0.9841651 0.4 0.9841652 0.4 0.9841651 0.4 0.9841652 0.4 0.9841652 0.4 0.9841651 0.4 0.9841651 0.4 0.9841652 0.4 0.9841651 0.4 0.9841652 0.4 0.9841652 0.4 0.9841651 0.4 0.9841651 0.4 0.9841652 0.4 0.9841651 0.4 0.9841652 0.4 0.9841652 0.4 0.9841651 0.4 0.9841652 0.4 0.9841652 0.4 0.9841652 0.4 0.9841652 0.4 0.9841652 0.4 0.9841652 0.4 0.9841652 0.4 0.9841652 0.4 0.9841652 0.4 0.9841652 0.4 0.9841652 0.4 0.9841652 0.4 0.9841652 0.4 0.9841652 0.4 0.9841652 0.4 0.9841652 0.4 0.9841652 0.4 0.9841652 0.4 0.9841652 0.4 0.9841652 0.4 0.9841652 0.4 0.9841652 0.4 0.9841652 0.4 0.9841652 0.4 0.9841652 0.4 0.9841652 0.4 0.9841652 0.4 0.9841652 0.4 0.9841652 0.4 0.9841652 0.4 0.9841652 0.4 0.9841652 0.4 0.9841652 0.4 0.9841652 0.4 0.9841652 0.4 0.9841652 0.4 0.9841652 0.4 0.9841652 0.4 0.9841652 0.4 0.9841652 0.4 0.9841652 0.4 0.9841652 0.4 0.9841652 0.4 0.9841652 0.4 0.9841652 0.4 0.9841652 0.4 0.9841652 0.4 0.9841652 0.4 0.9841652 0.4 0.9841652 0.4 0.9841652 0.4 0.9841652 0.4 0.9841652 0.4 0.9841652 0.4 0.9841652 0.4 0.9841652 0.4 0.9841652 0.4 0.9841652 0.4 0.9841652 0.4 0.9841652 0.4 0.9841652 0.4 0.9841652 0.4 0.9841652 0.4 0.9841652 0.4 0.9841652 0.4 0.9841652 0.4 0.9841652 0.4 0.9841652 0.4 0.9841652 0.4 0.9841652 0.4 0.9841652 0.4 0.9841652 0.4 0.9841652 0.4 0.9841652 0.4 0.9841652 0.4 0.9841652 0.4 0.9841652 0.4 0.9841652 0.4 0.9841652 0.4 0.9841652 0.4 0.9841652 0.4 0.9841652 0.4 0.9841652 0.4 0.9841652 0.4 0.9841652 0.4 0.9841652 0.4 0.9841652 0.4 0.9841652 0.4 0.9841652 0.4 0.9841652 0.4 0.9841652 0.4 0.9841652 0.4 0.9841651 0.4 0.9841652 0.4 0.9841652 0.4 0.9841651 0.4 0.9841651 0.4 0.9841652 0.4 0.9841652 0.4 0.9841652 0.4 0.9841652 0.4 0.9841652 0.4 0.9841652 0.4 0.9841652 0.4 0.9841651 0.4 0.9841652 0.4 0.9841652 0.4 0.9841651 0.4 0.9841652 0.4 0.9841652 0.4 0.9841652 0.4 0.9841652 0.4 0.9841652 0.4 0.9841652 0.4 0.9841652 0.4 0.9841652 0.4 0.9841652 0.4 0.9841652 0.4 0.9841652 0.4 0.9841652 0.4 0.9841653 0.4 0.9841652 0.4 0.9841652 0.4 0.9841652 0.4 0.9841652 0.4 0.9841652 0.4 0.9841652 0.4 0.9841652 0.4 0.9841652 0.4 0.9841652 0.4 0.9841652 0.4 0.9841652 0.4 0.9841653 0.4 0.9841652 0.4 0.9841653 0.4 0.9841652 0.4 0.9841652 0.4 0.9841653 0.4 0.9841652 0.4 0.9841652 0.4 0.9841652 0.4 0.9841652 0.4 0.9841652 0.4 0.9841652 0.4 0.9841652 0.4 0.9841652 0.4 0.9841652 0.4 0.9841652 0.4 0.9841651 0.4 0.9841652 0.4 0.9841652 0.4 0.9841651 0.4 0.9841652 0.4 0.9841651 0.4 0.9841651 0.4 0.9841652 0.4 0.9841652 0.4 0.9841653 0.4 0.9841652 0.4 0.9841653 0.4 0.9841651 0.4 0.9841652 0.4 0.9841652 0.4 0.9841652 0.4 0.9841653 0.4 0.9841652 0.4 0.9841652 0.4 0.9841653 0.4 0.9841652 0.4 0.9841652 0.4 0.9841652 0.4 0.9841652 0.4 0.9841652 0.4 0.9841652 0.4 0.9841652 0.4 0.9841652 0.4 0.9841652 0.4 0.9841652 0.4 0.9841652 0.4 0.9841652 0.4 0.9841652 0.4 0.9841652 0.4 0.9841652 0.4 0.9841652 0.4 0.9841652 0.4 0.9841652 0.4 0.9841652 0.4 0.9841652 0.4 0.9841652 0.4 0.9841652 0.4 0.9841652 0.4 0.9841652 0.4 0.9841652 0.4 0.9841652 0.4 0.9841652 0.4 0.9841652 0.4 0.9841652 0.4 0.9841652 0.4 0.9841652 0.4 0.9841652 0.4 0.9841652 0.4 0.9841652 0.4 0.9841652 0.4 0.9841652 0.4 0.9841652 0.4 0.9841652 0.4 0.9841652 0.4 0.9841652 0.4 0.9841652 0.4 0.9841652 0.4 0.9841652 0.4 0.9841652 0.4 0.9841652 0.4 0.9841652 0.4 0.9841652 0.4 0.9841652 0.4 0.9841652 0.4 0.9841652 0.4 0.9841652 0.4 0.9841652 0.4 0.9841652 0.4 0.9841652 0.4 0.9841652 0.4 0.9841652 0.4 0.9841652 0.4 0.9841652 0.4 0.9841652 0.4 0.9841652 0.4 0.9841652 0.4 0.9841651 0.4 0.9841652 0.4 0.9841651 0.4 0.9841652 0.4 0.9841652 0.4 0.9841652 0.4 0.9841652 0.4 0.9841652 0.4 0.9841652 0.4 0.9841652 0.4 0.9841652 0.4 0.9841652 0.4 0.9841652 0.4 0.9841652 0.4 0.9841652 0.4 0.9841652 0.4 0.9841652 0.4 0.9841651 0.4 0.9841652 0.4 0.9841652 0.4 0.9841652 0.4 0.9841651 0.4 0.9841652 0.4 0.9841652 0.4 0.9841652 0.4 0.9841652 0.4 0.9841652 0.4 0.9841652 0.4 0.9841652 0.4 0.9841652 0.4 0.9841651 0.4 0.9841652 0.4 0.9841651 0.4 0.9841651 0.4 0.9841652 0.4 0.9841652 0.4 0.9841652 0.4 0.9841652 0.4 0.9841652 0.4 0.9841652 0.4 0.9841652 0.4 0.9841651 0.4 0.9841652 0.4 0.9841652 0.4 0.9841652 0.4 0.9841652 0.4 0.9841652 0.4 0.9841652 0.4 0.9841651 0.4 0.9841652 0.4 0.9841651 0.4 0.9841651 0.4 0.9841652 0.4 0.9841652 0.4 0.9841652 0.4 0.9841652 0.4 0.9841652 0.4 0.9841652 0.4 0.9841652 0.4 0.9841652 0.4 0.9841652 0.4 0.9841652 0.4 0.9841652 0.4 0.9841652 0.4 0.9841652 0.4 0.9841652 0.4 0.9841652 0.4 0.9841652 0.4 0.9841652 0.4 0.9841652 0.4 0.9841652 0.4 0.9841652 0.4 0.9841652 0.4 0.9841652 0.4 0.9841652 0.4 0.9841652 0.4 0.9841652 0.4 0.9841652 0.4 0.9841652 0.4 0.9841652 0.4 0.9841652 0.4 0.9841652 0.4 0.9841652 0.4 0.9841651 0.4 0.9841651 0.4 0.9841651 0.4 0.9841651 0.4 0.9841651 0.4 0.9841651 0.4 0.9841651 0.4 0.9841651 0.4 0.9841651 0.4 0.9841651 0.4 0.9841651 0.4 0.9841651 0.4 0.9841651 0.4 0.9841651 0.4 0.9841651 0.4 0.9841651 0.4 0.9841651 0.4 0.9841651 0.4 0.9841651 0.4 0.9841651 0.4 0.9841651 0.4 0.9841651 0.4 0.9841651 0.4 0.9841651 0.4 0.9841652 0.4 0.9841652 0.4 0.9841651 0.4 0.9841652 0.4 0.9841651 0.4 0.9841651 0.4 0.9841652 0.4 0.9841652 0.4 0.9841651 0.4 0.9841652 0.4 0.9841651 0.4 0.9841651 0.4 0.9841652 0.4 0.9841652 0.4 0.9841651 0.4 0.9841652 0.4 0.9841651 0.4 0.9841651 0.4 0.9841652 0.4 0.9841652 0.4 0.9841651 0.4 0.9841652 0.4 0.9841651 0.4 0.9841651 0.4 0.9841652 0.4 0.9841652 0.4 0.9841652 0.4 0.9841652 0.4 0.9841652 0.4 0.9841652 0.4 0.9841652 0.4 0.9841652 0.4 0.9841652 0.4 0.9841652 0.4 0.9841652 0.4 0.9841652 0.4 0.9841652 0.4 0.9841652 0.4 0.9841652 0.4 0.9841652 0.4 0.9841652 0.4 0.9841652 0.4 0.9841652 0.4 0.9841652 0.4 0.9841652 0.4 0.9841652 0.4 0.9841652 0.4 0.9841652 0.4 0.9841652 0.4 0.9841652 0.4 0.9841652 0.4 0.9841652 0.4 0.9841652 0.4 0.9841652 0.4 0.9841652 0.4 0.9841652 0.4 0.9841652 0.4 0.9841652 0.4 0.9841652 0.4 0.9841652 0.4 0.9841652 0.4 0.9841652 0.4 0.9841652 0.4 0.9841652 0.4 0.9841652 0.4 0.9841652 0.4 0.9841652 0.4 0.9841652 0.4 0.9841652 0.4 0.9841652 0.4 0.9841652 0.4 0.9841652 0.4 0.9841652 0.4 0.9841652 0.4 0.9841652 0.4 0.9841652 0.4 0.9841652 0.4 0.9841652 0.4 0.9841652 0.4 0.9841652 0.4 0.9841652 0.4 0.9841652 0.4 0.9841652 0.4 0.9841652 0.4 0.9841652 0.4 0.9841652 0.4 0.9841652 0.4 0.9841652 0.4 0.9841652 0.4 0.9841652 0.4 0.9841652 0.4 0.9841652 0.4 0.9841652 0.4 0.9841652 0.4 0.9841652 0.4 0.9841652 0.4 0.9841652 0.4 0.9841652 0.4 0.9841652 0.4 0.9841652 0.4 0.9841652 0.4 0.9841652 0.4 0.9841652 0.4 0.9841652 0.4 0.9841652 0.4 0.9841652 0.4 0.9841652 0.4 0.9841652 0.4 0.9841652 0.4 0.9841652 0.4 0.9841652 0.4 0.9841652 0.4 0.9841652 0.4 0.9841652 0.4 0.9841652 0.4 0.9841652 0.4 0.9841651 0.4 0.9841652 0.4 0.9841652 0.4 0.9841651 0.4 0.9841651 0.4 0.9841652 0.4 0.9841652 0.4 0.9841652 0.4 0.9841652 0.4 0.9841652 0.4 0.9841652 0.4 0.9841652 0.4 0.9841651 0.4 0.9841652 0.4 0.9841652 0.4 0.9841651 0.4 0.9841652 0.4 0.9841652 0.4 0.9841652 0.4 0.9841652 0.4 0.9841652 0.4 0.9841652 0.4 0.9841652 0.4 0.9841652 0.4 0.9841652 0.4 0.9841652 0.4 0.9841652 0.4 0.9841652 0.4 0.9841653 0.4 0.9841652 0.4 0.9841652 0.4 0.9841652 0.4 0.9841652 0.4 0.9841652 0.4 0.9841652 0.4 0.9841652 0.4 0.9841652 0.4 0.9841652 0.4 0.9841652 0.4 0.9841652 0.4 0.9841653 0.4 0.9841652 0.4 0.9841653 0.4 0.9841652 0.4 0.9841652 0.4 0.9841653 0.4 0.9841652 0.4 0.9841652 0.4 0.9841652 0.4 0.9841652 0.4 0.9841652 0.4 0.9841652 0.4 0.9841652 0.4 0.9841652 0.4 0.9841652 0.4 0.9841652 0.4 0.9841651 0.4 0.9841652 0.4 0.9841652 0.4 0.9841651 0.4 0.9841652 0.4 0.9841651 0.4 0.9841651 0.4 0.9841652 0.4 0.9841652 0.4 0.9841653 0.4 0.9841652 0.4 0.9841653 0.4 0.9841651 0.4 0.9841652 0.4 0.9841652 0.4 0.9841652 0.4 0.9841653 0.4 0.9841652 0.4 0.9841652 0.4 0.9841653 0.4 0.9841652 0.4 0.9841652 0.4 0.9841652 0.4 0.9841652 0.4 0.9841652 0.4 0.9841652 0.4 0.9841652 0.4 0.9841652 0.4 0.9841652 0.4 0.9841652 0.4 0.9841652 0.4 0.9841652 0.4 0.9841652 0.4 0.9841652 0.4 0.9841652 0.4 0.9841652 0.4 0.9841652 0.4 0.9841652 0.4 0.9841652 0.4 0.9841652 0.4 0.9841652 0.4 0.9841652 0.4 0.9841652 0.4 0.9841652 0.4 0.9841652 0.4 0.9841652 0.4 0.9841652 0.4 0.9841652 0.4 0.9841652 0.4 0.9841652 0.4 0.9841652 0.4 0.9841652 0.4 0.9841652 0.4 0.9841652 0.4 0.9841652 0.4 0.9841652 0.4 0.9841652 0.4 0.9841652 0.4 0.9841652 0.4 0.9841652 0.4 0.9841652 0.4 0.9841652 0.4 0.9841652 0.4 0.9841652 0.4 0.9841652 0.4 0.9841652 0.4 0.9841652 0.4 0.9841652 0.4 0.9841652 0.4 0.9841652 0.4 0.9841652 0.4 0.9841652 0.4 0.9841652 0.4 0.9841652 0.4 0.9841652 0.4 0.9841652 0.4 0.9841652 0.4 0.9841652 0.4 0.9841652 0.4 0.9841652 0.4 0.9841652 0.4 0.9841651 0.4 0.9841652 0.4 0.9841651 0.4 0.9841652 0.4 0.9841652 0.4 0.9841652 0.4 0.9841652 0.4 0.9841652 0.4 0.9841652 0.4 0.9841652 0.4 0.9841652 0.4 0.9841652 0.4 0.9841652 0.4 0.9841652 0.4 0.9841652 0.4 0.9841652 0.4 0.9841652 0.4 0.9841651 0.4 0.9841652 0.4 0.9841652 0.4 0.9841652 0.4 0.9841651 0.4 0.9841652 0.4 0.9841652 0.4 0.9841652 0.4 0.9841652 0.4 0.9841652 0.4 0.9841652 0.4 0.9841652 0.4 0.9841652 0.4 0.9841651 0.4 0.9841652 0.4 0.9841651 0.4 0.9841651 0.4 0.9841652 0.4 0.9841652 0.4 0.9841652 0.4 0.9841652 0.4 0.9841652 0.4 0.9841652 0.4 0.9841652 0.4 0.9841651 0.4 0.9841652 0.4 0.9841652 0.4 0.9841652 0.4 0.9841652 0.4 0.9841652 0.4 0.9841652 0.4 0.9841651 0.4 0.9841652 0.4 0.9841651 0.4 0.9841651 0.4 0.9841652 0.4 0.9841652 0.4 0.9841652 0.4 0.9841652 0.4 0.9841652 0.4 0.9841652 0.4 0.9841652 0.4 0.9841652 0.4 0.9841652 0.4 0.9841652 0.4 0.9841652 0.4 0.9841652 0.4 0.9841652 0.4 0.9841652 0.4 0.9841652 0.4 0.9841652 0.4 0.9841652 0.4 0.9841652 0.4 0.9841652 0.4 0.9841651 0.4 0.9841651 0.4 0.9841651 0.4 0.9841651 0.4 0.9841651 0.4 0.9841651 0.4 0.9841651 0.4 0.9841651 0.4 0.9841651 0.4 0.9841651 0.4 0.9841651 0.4 0.9841651 0.4 0.9841651 0.4 0.9841651 0.4 0.9841651 0.4 0.9841651 0.4 0.9841651 0.4 0.9841651 0.4 0.9841651 0.4 0.9841651 0.4 0.9841651 0.4 0.9841651 0.4 0.9841651 0.4 0.9841651 0.4 0.9841652 0.4 0.9841652 0.4 0.9841651 0.4 0.9841652 0.4 0.9841651 0.4 0.9841651 0.4 0.9841652 0.4 0.9841652 0.4 0.9841651 0.4 0.9841652 0.4 0.9841651 0.4 0.9841651 0.4 0.9841652 0.4 0.9841652 0.4 0.9841651 0.4 0.9841652 0.4 0.9841651 0.4 0.9841651 0.4 0.9841652 0.4 0.9841652 0.4 0.9841651 0.4 0.9841652 0.4 0.9841651 0.4 0.9841651 0.4 0.9841652 0.4 0.9841652 0.4 0.9841652 0.4 0.9841652 0.4 0.9841652 0.4 0.9841652 0.4 0.9841652 0.4 0.9841652 0.4 0.9841652 0.4 0.9841652 0.4 0.9841652 0.4 0.9841652 0.4 0.9841652 0.4 0.9841652 0.4 0.9841652 0.4 0.9841652 0.4 0.9841652 0.4 0.9841652 0.4 0.9841652 0.4 0.9841652 0.4 0.9841652 0.4 0.9841652 0.4 0.9841652 0.4 0.9841652 0.4 0.9841652 0.4 0.9841652 0.4 0.9841652 0.4 0.9841652 0.4 0.9841652 0.4 0.9841652 0.4 0.9841652 0.4 0.9841652 0.4 0.9841652 0.4 0.9841652 0.4 0.9841652 0.4 0.9841652 0.4 0.9841652 0.4 0.9841652 0.4 0.9841652 0.4 0.9841652 0.4 0.9841652 0.4 0.9841652 0.4 0.9841652 0.4 0.9841652 0.4 0.9841652 0.4 0.9841652 0.4 0.9841652 0.4 0.9841652 0.4 0.9841652 0.4 0.9841652 0.4 0.9841652 0.4 0.9841652 0.4 0.9841652 0.4 0.9841652 0.4 0.9841652 0.4 0.9841652 0.4 0.9841652 0.4 0.9841652 0.4 0.9841652 0.4 0.9841652 0.4 0.9841652 0.4 0.9841652 0.4 0.9841652 0.4 0.9841652 0.4 0.9841652 0.4 0.9841652 0.4 0.9841652 0.4 0.9841652 0.4 0.9841652 0.4 0.9841652 0.4 0.9841652 0.4 0.9841652 0.4 0.9841652 0.4 0.9841652 0.4 0.9841652 0.4 0.9841652 0.4 0.9841652 0.4 0.9841652 0.4 0.9841652 0.4 0.9841652 0.4 0.9841652 0.4 0.9841652 0.4 0.9841652 0.4 0.9841652 0.4 0.9841652 0.4 0.9841652 0.4 0.9841652 0.4 0.9841652 0.4 0.9841652 0.4 0.9841652 0.4 0.9841652 0.4 0.9841652 0.4 0.9841651 0.4 0.9841652 0.4 0.9841652 0.4 0.9841651 0.4 0.9841652 0.4 0.9841652 0.4 0.9841652 0.4 0.9841652 0.4 0.9841651 0.4 0.9841652 0.4 0.9841652 0.4 0.9841652 0.4 0.9841651 0.4 0.9841652 0.4 0.9841652 0.4 0.9841651 0.4 0.9841652 0.4 0.9841652 0.4 0.9841652 0.4 0.9841652 0.4 0.9841652 0.4 0.9841652 0.4 0.9841652 0.4 0.9841652 0.4 0.9841652 0.4 0.9841652 0.4 0.9841652 0.4 0.9841652 0.4 0.9841652 0.4 0.9841652 0.4 0.9841652 0.4 0.9841652 0.4 0.9841653 0.4 0.9841652 0.4 0.9841652 0.4 0.9841652 0.4 0.9841652 0.4 0.9841652 0.4 0.9841652 0.4 0.9841652 0.4 0.9841652 0.4 0.9841652 0.4 0.9841653 0.4 0.9841652 0.4 0.9841653 0.4 0.9841653 0.4 0.9841652 0.4 0.9841652 0.4 0.9841652 0.4 0.9841652 0.4 0.9841652 0.4 0.9841652 0.4 0.9841651 0.4 0.9841652 0.4 0.9841652 0.4 0.9841652 0.4 0.9841652 0.4 0.9841652 0.4 0.9841651 0.4 0.9841651 0.4 0.9841652 0.4 0.9841651 0.4 0.9841652 0.4 0.9841652 0.4 0.9841651 0.4 0.9841653 0.4 0.9841652 0.4 0.9841653 0.4 0.9841652 0.4 0.9841652 0.4 0.9841652 0.4 0.9841652 0.4 0.9841653 0.4 0.9841652 0.4 0.9841652 0.4 0.9841653 0.4 0.9841652 0.4 0.9841652 0.4 0.9841652 0.4 0.9841652 0.4 0.9841652 0.4 0.9841652 0.4 0.9841652 0.4 0.9841652 0.4 0.9841652 0.4 0.9841652 0.4 0.9841652 0.4 0.9841652 0.4 0.9841652 0.4 0.9841652 0.4 0.9841652 0.4 0.9841652 0.4 0.9841652 0.4 0.9841652 0.4 0.9841652 0.4 0.9841652 0.4 0.9841652 0.4 0.9841652 0.4 0.9841652 0.4 0.9841652 0.4 0.9841652 0.4 0.9841652 0.4 0.9841652 0.4 0.9841652 0.4 0.9841652 0.4 0.9841652 0.4 0.9841652 0.4 0.9841652 0.4 0.9841652 0.4 0.9841652 0.4 0.9841652 0.4 0.9841652 0.4 0.9841652 0.4 0.9841652 0.4 0.9841652 0.4 0.9841652 0.4 0.9841652 0.4 0.9841652 0.4 0.9841652 0.4 0.9841652 0.4 0.9841652 0.4 0.9841652 0.4 0.9841652 0.4 0.9841652 0.4 0.9841652 0.4 0.9841652 0.4 0.9841652 0.4 0.9841652 0.4 0.9841652 0.4 0.9841652 0.4 0.9841652 0.4 0.9841652 0.4 0.9841652 0.4 0.9841652 0.4 0.9841652 0.4 0.9841652 0.4 0.9841652 0.4 0.9841651 0.4 0.9841652 0.4 0.9841651 0.4 0.9841652 0.4 0.9841652 0.4 0.9841652 0.4 0.9841652 0.4 0.9841652 0.4 0.9841652 0.4 0.9841652 0.4 0.9841652 0.4 0.9841652 0.4 0.9841652 0.4 0.9841652 0.4 0.9841652 0.4 0.9841652 0.4 0.9841652 0.4 0.9841652 0.4 0.9841651 0.4 0.9841652 0.4 0.9841651 0.4 0.9841652 0.4 0.9841652 0.4 0.9841652 0.4 0.9841652 0.4 0.9841652 0.4 0.9841652 0.4 0.9841652 0.4 0.9841652 0.4 0.9841651 0.4 0.9841651 0.4 0.9841652 0.4 0.9841651 0.4 0.9841652 0.4 0.9841652 0.4 0.9841652 0.4 0.9841652 0.4 0.9841652 0.4 0.9841652 0.4 0.9841652 0.4 0.9841652 0.4 0.9841652 0.4 0.9841652 0.4 0.9841652 0.4 0.9841652 0.4 0.9841651 0.4 0.9841652 0.4 0.9841651 0.4 0.9841651 0.4 0.9841652 0.4 0.9841651 0.4 0.9841652 0.4 0.9841652 0.4 0.9841652 0.4 0.9841652 0.4 0.9841652 0.4 0.9841652 0.4 0.9841652 0.4 0.9841652 0.4 0.9841652 0.4 0.9841652 0.4 0.9841652 0.4 0.9841652 0.4 0.9841652 0.4 0.9841652 0.4 0.9841652 0.4 0.9841652 0.4 0.9841652 0.4 0.9841652 0.4 0.9841652 0.4 0.9841652 0.4 0.9841651 0.4 0.9841651 0.4 0.9841651 0.4 0.9841651 0.4 0.9841651 0.4 0.9841651 0.4 0.9841651 0.4 0.9841651 0.4 0.9841651 0.4 0.9841651 0.4 0.9841651 0.4 0.9841651 0.4 0.9841651 0.4 0.9841651 0.4 0.9841651 0.4 0.9841651 0.4 0.9841651 0.4 0.9841651 0.4 0.9841651 0.4 0.9841651 0.4 0.9841651 0.4 0.9841651 0.4 0.9841651 0.4 0.9841651 0.4 0.9841651 0.4 0.9841652 0.4 0.9841651 0.4 0.9841652 0.4 0.9841652 0.4 0.9841651 0.4 0.9841651 0.4 0.9841652 0.4 0.9841651 0.4 0.9841652 0.4 0.9841652 0.4 0.9841651 0.4 0.9841651 0.4 0.9841652 0.4 0.9841651 0.4 0.9841652 0.4 0.9841652 0.4 0.9841651 0.4 0.9841651 0.4 0.9841652 0.4 0.9841651 0.4 0.9841652 0.4 0.9841652 0.4 0.9841651 0.4 0.9841652 0.4 0.9841652 0.4 0.9841652 0.4 0.9841652 0.4 0.9841652 0.4 0.9841652 0.4 0.9841652 0.4 0.9841652 0.4 0.9841652 0.4 0.9841652 0.4 0.9841652 0.4 0.9841652 0.4 0.9841652 0.4 0.9841652 0.4 0.9841652 0.4 0.9841652 0.4 0.9841652 0.4 0.9841652 0.4 0.9841652 0.4 0.9841652 0.4 0.9841652 0.4 0.9841652 0.4 0.9841652 0.4 0.9841652 0.4 0.9841652 0.4 0.9841652 0.4 0.9841652 0.4 0.9841652 0.4 0.9841652 0.4 0.9841652 0.4 0.9841652 0.4 0.9841652 0.4 0.9841652 0.4 0.9841652 0.4 0.9841652 0.4 0.9841652 0.4 0.9841652 0.4 0.9841652 0.4 0.9841652 0.4 0.9841652 0.4 0.9841652 0.4 0.9841652 0.4 0.9841652 0.4 0.9841652 0.4 0.9841652 0.4 0.9841652 0.4 0.9841652 0.4 0.9841652 0.4 0.9841652 0.4 0.9841652 0.4 0.9841652 0.4 0.9841652 0.4 0.9841652 0.4 0.9841652 0.4 0.9841652 0.4 0.9841652 0.4 0.9841652 0.4 0.9841652 0.4 0.9841652 0.4 0.9841652 0.4 0.9841652 0.4 0.9841652 0.4 0.9841652 0.4 0.9841652 0.4 0.9841652 0.4 0.9841652 0.4 0.9841652 0.4 0.9841652 0.4 0.9841652 0.4 0.9841652 0.4 0.9841652 0.4 0.9841652 0.4 0.9841652 0.4 0.9841652 0.4 0.9841652 0.4 0.9841652 0.4 0.9841652 0.4 0.9841652 0.4 0.9841652 0.4 0.9841652 0.4 0.9841652 0.4 0.9841652 0.4 0.9841652 0.4 0.9841652 0.4 0.9841652 0.4 0.9841652 0.4 0.9841652 0.4 0.9841652 0.4 0.9841652 0.4 0.9841652 0.4 0.9841652 0.4 0.9841652 0.4 0.9841651 0.4 0.9841652 0.4 0.9841652 0.4 0.9841651 0.4 0.9841652 0.4 0.9841652 0.4 0.9841652 0.4 0.9841652 0.4 0.9841652 0.4 0.9841652 0.4 0.9841652 0.4 0.9841652 0.4 0.9841652 0.4 0.9841652 0.4 0.9841652 0.4 0.9841652 0.4 0.9841652 0.4 0.9841652 0.4 0.9841652 0.4 0.9841652 0.4 0.9841652 0.4 0.9841652 0.4 0.9841652 0.4 0.9841652 0.4 0.9841652 0.4 0.9841652 0.4 0.9841652 0.4 0.9841652 0.4 0.9841652 0.4 0.9841652 0.4 0.9841652 0.4 0.9841652 0.4 0.9841652 0.4 0.9841652 0.4 0.9841652 0.4 0.9841652 0.4 0.9841652 0.4 0.9841652 0.4 0.9841652 0.4 0.9841652 0.4 0.9841652 0.4 0.9841652 0.4 0.9841652 0.4 0.9841652 0.4 0.9841652 0.4 0.9841652 0.4 0.9841652 0.4 0.9841652 0.4 0.9841652 0.4 0.9841652 0.4 0.9841652 0.4 0.9841651 0.4 0.9841651 0.4 0.9841652 0.4 0.9841651 0.4 0.9841652 0.4 0.9841652 0.4 0.9841652 0.4 0.9841652 0.4 0.9841652 0.4 0.9841652 0.4 0.9841652 0.4 0.9841651 0.4 0.9841652 0.4 0.9841652 0.4 0.9841652 0.4 0.9841652 0.4 0.9841652 0.4 0.9841652 0.4 0.9841652 0.4 0.9841652 0.4 0.9841652 0.4 0.9841652 0.4 0.9841652 0.4 0.9841652 0.4 0.9841652 0.4 0.9841652 0.4 0.9841652 0.4 0.9841652 0.4 0.9841652 0.4 0.9841652 0.4 0.9841652 0.4 0.9841652 0.4 0.9841652 0.4 0.9841652 0.4 0.9841652 0.4 0.9841652 0.4 0.9841652 0.4 0.9841652 0.4 0.9841652 0.4 0.9841652 0.4 0.9841652 0.4 0.9841652 0.4 0.9841652 0.4 0.9841652 0.4 0.9841652 0.4 0.9841652 0.4 0.9841651 0.4 0.9841652 0.4 0.9841652 0.4 0.9841651 0.4 0.9841652 0.4 0.9841651 0.4 0.9841652 0.4 0.9841652 0.4 0.9841651 0.4 0.9841652 0.4 0.9841652 0.4 0.9841652 0.4 0.9841652 0.4 0.9841652 0.4 0.9841652 0.4 0.9841652 0.4 0.9841652 0.4 0.9841652 0.4 0.9841652 0.4 0.9841652 0.4 0.9841652 0.4 0.9841652 0.4 0.9841652 0.4 0.9841652 0.4 0.9841652 0.4 0.9841652 0.4 0.9841652 0.4 0.9841652 0.4 0.9841652 0.4 0.9841652 0.4 0.9841652 0.4 0.9841652 0.4 0.9841652 0.4 0.9841652 0.4 0.9841652 0.4 0.9841652 0.4 0.9841652 0.4 0.9841652 0.4 0.9841652 0.4 0.9841652 0.4 0.9841652 0.4 0.9841652 0.4 0.9841652 0.4 0.9841652 0.4 0.9841652 0.4 0.9841652 0.4 0.9841652 0.4 0.9841652 0.4 0.9841652 0.4 0.9841652 0.4 0.9841652 0.4 0.9841652 0.4 0.9841652 0.4 0.9841652 0.4 0.9841652 0.4 0.9841652 0.4 0.9841652 0.4 0.9841652 0.4 0.9841652 0.4 0.9841652 0.4 0.9841652 0.4 0.9841652 0.4 0.9841652 0.4 0.9841652 0.4 0.9841652 0.4 0.9841652 0.4 0.9841652 0.4 0.9841652 0.4 0.9841652 0.4 0.9841652 0.4 0.9841652 0.4 0.9841652 0.4 0.9841652 0.4 0.9841652 0.4 0.9841652 0.4 0.9841652 0.4 0.9841652 0.4 0.9841652 0.4 0.9841652 0.4 0.9841652 0.4 0.9841652 0.4 0.9841652 0.4 0.9841652 0.4 0.9841652 0.4 0.9841652 0.4 0.9841652 0.4 0.9841652 0.4 0.9841652 0.4 0.9841652 0.4 0.9841652 0.4 0.9841652 0.4 0.9841652 0.4 0.9841652 0.4 0.9841652 0.4 0.9841652 0.4 0.9841652 0.4 0.9841652 0.4 0.9841652 0.4 0.9841652 0.4 0.9841652 0.4 0.9841652 0.4 0.9841652 0.4 0.9841652 0.4 0.9841652 0.4 0.9841652 0.4 0.9841651 0.4 0.9841651 0.4 0.9841651 0.4 0.9841651 0.4 0.9841651 0.4 0.9841651 0.4 0.9841651 0.4 0.9841651 0.4 0.9841652 0.4 0.9841652 0.4 0.9841651 0.4 0.9841652 0.4 0.9841651 0.4 0.9841652 0.4 0.9841652 0.4 0.9841651 0.4 0.9841651 0.4 0.9841652 0.4 0.9841651 0.4 0.9841651 0.4 0.9841651 0.4 0.9841651 0.4 0.9841651 0.4 0.9841651 0.4 0.9841651 0.4 0.9841651 0.4 0.9841651 0.4 0.9841651 0.4 0.9841651 0.4 0.9841651 0.4 0.9841651 0.4 0.9841651 0.4 0.9841652 0.4 0.9841652 0.4 0.9841651 0.4 0.9841652 0.4 0.9841652 0.4 0.9841652 0.4 0.9841652 0.4 0.9841652 0.4 0.9841652 0.4 0.9841652 0.4 0.9841652 0.4 0.9841652 0.4 0.9841652 0.4 0.9841652 0.4 0.9841652 0.4 0.9841652 0.4 0.9841652 0.4 0.9841652 0.4 0.9841652 0.4 0.9841652 0.4 0.9841652 0.4 0.9841652 0.4 0.9841652 0.4 0.9841652 0.4 0.9841652 0.4 0.9841652 0.4 0.9841652 0.4 0.9841652 0.4 0.9841652 0.4 0.9841652 0.4 0.9841652 0.4 0.9841652 0.4 0.9841652 0.4 0.9841652 0.4 0.9841652 0.4 0.9841652 0.4 0.9841652 0.4 0.9841652 0.4 0.9841652 0.4 0.9841652 0.4 0.9841652 0.4 0.9841652 0.4 0.9841652 0.4 0.9841652 0.4 0.9841652 0.4 0.9841652 0.4 0.9841652 0.4 0.9841652 0.4 0.9841652 0.4 0.9841652 0.4 0.9841652 0.4 0.9841652 0.4 0.9841652 0.4 0.9841652 0.4 0.9841652 0.4 0.9841652 0.4 0.9841652 0.4 0.9841652 0.4 0.9841652 0.4 0.9841652 0.4 0.9841652 0.4 0.9841652 0.4 0.9841652 0.4 0.9841652 0.4 0.9841652 0.4 0.9841652 0.4 0.9841652 0.4 0.9841652 0.4 0.9841652 0.4 0.9841652 0.4 0.9841652 0.4 0.9841652 0.4 0.9841652 0.4 0.9841652 0.4 0.9841652 0.4 0.9841652 0.4 0.9841652 0.4 0.9841652 0.4 0.9841652 0.4 0.9841652 0.4 0.9841652 0.4 0.9841652 0.4 0.9841652 0.4 0.9841652 0.4 0.9841652 0.4 0.9841652 0.4 0.9841652 0.4 0.9841652 0.4 0.9841652 0.4 0.9841652 0.4 0.9841652 0.4 0.9841652 0.4 0.9841652 0.4 0.9841652 0.4 0.9841652 0.4 0.9841652 0.4 0.9841652 0.4 0.9841652 0.4 0.9841652 0.4 0.9841652 0.4 0.9841652 0.4 0.9841652 0.4 0.9841652 0.4 0.9841652 0.4 0.9841652 0.4 0.9841652 0.4 0.9841652 0.4 0.9841652 0.4 0.9841652 0.4 0.9841652 0.4 0.9841652 0.4 0.9841652 0.4 0.9841652 0.4 0.9841652 0.4 0.9841652 0.4 0.9841652 0.4 0.9841652 0.4 0.9841652 0.4 0.9841652 0.4 0.9841652 0.4 0.9841652 0.4 0.9841652 0.4 0.9841652 0.4 0.9841652 0.4 0.9841652 0.4 0.9841652 0.4 0.9841652 0.4 0.9841652 0.4 0.9841652 0.4 0.9841652 0.4 0.9841652 0.4 0.9841652 0.4 0.9841652 0.4 0.9841652 0.4 0.9841652 0.4 0.9841652 0.4 0.9841652 0.4 0.9841652 0.4 0.9841652 0.4 0.9841652 0.4 0.9841652 0.4 0.9841652 0.4 0.9841652 0.4 0.9841652 0.4 0.9841652 0.4 0.9841652 0.4 0.9841652 0.4 0.9841652 0.4 0.9841652 0.4 0.9841651 0.4 0.9841652 0.4 0.9841651 0.4 0.9841651 0.4 0.9841652 0.4 0.9841651 0.4 0.9841651 0.4 0.9841651 0.4 0.9841651 0.4 0.9841651 0.4 0.9841651 0.4 0.9841651 0.4 0.9841651 0.4 0.9841652 0.4 0.9841651 0.4 0.9841652 0.4 0.9841652 0.4 0.9841652 0.4 0.9841651 0.4 0.9841652 0.4 0.9841652 0.4 0.9841652 0.4 0.9841652 0.4 0.9841652 0.4 0.9841651 0.4 0.9841652 0.4 0.9841651 0.4 0.9841652 0.4 0.9841652 0.4 0.9841652 0.4 0.9841651 0.4 0.9841652 0.4 0.9841651 0.4 0.9841651 0.4 0.9841652 0.4 0.9841652 0.4 0.9841652 0.4 0.9841652 0.4 0.9841652 0.4 0.9841652 0.4 0.9841652 0.4 0.9841652 0.4 0.9841652 0.4 0.9841652 0.4 0.9841652 0.4 0.9841652 0.4 0.9841652 0.4 0.9841652 0.4 0.9841652 0.4 0.9841652 0.4 0.9841652 0.4 0.9841652 0.4 0.9841652 0.4 0.9841652 0.4 0.9841652 0.4 0.9841652 0.4 0.9841652 0.4 0.9841652 0.4 0.9841652 0.4 0.9841652 0.4 0.9841652 0.4 0.9841652 0.4 0.9841652 0.4 0.9841652 0.4 0.9841652 0.4 0.9841651 0.4 0.9841651 0.4 0.9841651 0.4 0.9841651 0.4 0.9841651 0.4 0.9841651 0.4 0.9841651 0.4 0.9841651 0.4 0.9841651 0.4 0.9841651 0.4 0.9841651 0.4 0.9841651 0.4 0.9841651 0.4 0.9841651 0.4 0.9841652 0.4 0.9841651 0.4 0.9841651 0.4 0.9841652 0.4 0.9841651 0.4 0.9841652 0.4 0.9841652 0.4 0.9841652 0.4 0.9841651 0.4 0.9841652 0.4 0.9841651 0.4 0.9841651 0.4 0.9841651 0.4 0.9841651 0.4 0.9841651 0.4 0.9841651 0.4 0.9841652 0.4 0.9841651 0.4 0.9841651 0.4 0.9841651 0.4 0.9841651 0.4 0.9841651 0.4 0.9841651 0.4 0.9841651 0.4 0.9841651 0.4 0.9841651 0.4 0.9841651 0.4 0.9841652 0.4 0.9841651 0.4 0.9841652 0.4 0.9841652 0.4 0.9841652 0.4 0.9841652 0.4 0.9841651 0.4</float_array>
          <technique_common>
            <accessor source="#slingShotMeshOutline-mesh-map-0-array" count="1908" stride="2">
              <param name="S" type="float"/>
              <param name="T" type="float"/>
            </accessor>
          </technique_common>
        </source>
        <source id="slingShotMeshOutline-mesh-colors-Attribute" name="Attribute">
          <float_array id="slingShotMeshOutline-mesh-colors-Attribute-array" count="7632">0.2509804 0.254902 0.2509804 0 0.1882353 0.1921569 0.1882353 0 0.2078431 0.2078431 0.2039216 0 0.1882353 0.1921569 0.1882353 0 0.1764706 0.1764706 0.1764706 0 0.2078431 0.2078431 0.2039216 0 0.1882353 0.1921569 0.1882353 0 0.1764706 0.1803922 0.1764706 0 0.1764706 0.1764706 0.1764706 0 0.1764706 0.1803922 0.1764706 0 0.1607843 0.1607843 0.1607843 0 0.1764706 0.1764706 0.1764706 0 0.3647059 0.3647059 0.3607843 0 0.3411765 0.3411765 0.3411765 0 0.2509804 0.254902 0.2509804 0 0.3411765 0.3411765 0.3411765 0 0.1882353 0.1921569 0.1882353 0 0.2509804 0.254902 0.2509804 0 0.3411765 0.3411765 0.3411765 0 0.3411765 0.345098 0.3411765 0 0.1882353 0.1921569 0.1882353 0 0.3411765 0.345098 0.3411765 0 0.1764706 0.1803922 0.1764706 0 0.1882353 0.1921569 0.1882353 0 0.1764706 0.1803922 0.1764706 0 0.1686275 0.1686275 0.1686275 0 0.1607843 0.1607843 0.1607843 0 0.1686275 0.1686275 0.1686275 0 0.1019608 0.1019608 0.1019608 0 0.1607843 0.1607843 0.1607843 0 0.3411765 0.345098 0.3411765 0 0.317647 0.3215686 0.317647 0 0.1764706 0.1803922 0.1764706 0 0.317647 0.3215686 0.317647 0 0.1686275 0.1686275 0.1686275 0 0.1764706 0.1803922 0.1764706 0 0.1686275 0.1686275 0.1686275 0 0.1843137 0.1843137 0.1843137 0 0.1019608 0.1019608 0.1019608 0 0.1843137 0.1843137 0.1843137 0 0.1254902 0.1254902 0.1254902 0 0.1019608 0.1019608 0.1019608 0 0.317647 0.3215686 0.317647 0 0.3254902 0.3254902 0.3254902 0 0.1686275 0.1686275 0.1686275 0 0.3254902 0.3254902 0.3254902 0 0.1843137 0.1843137 0.1843137 0 0.1686275 0.1686275 0.1686275 0 0.1098039 0.1098039 0.1058824 0 0.2235294 0.2235294 0.2235294 0 0.1882353 0.1882353 0.1882353 0 0.2235294 0.2235294 0.2235294 0 0.2156863 0.2156863 0.2156863 0 0.1882353 0.1882353 0.1882353 0 0.1098039 0.1098039 0.1058824 0 0.1098039 0.1098039 0.1098039 0 0.2235294 0.2235294 0.2235294 0 0.1098039 0.1098039 0.1098039 0 0.2 0.2 0.2 0 0.2235294 0.2235294 0.2235294 0 0.1098039 0.1098039 0.1098039 0 0.1254902 0.1254902 0.1254902 0 0.2 0.2 0.2 0 0.1254902 0.1254902 0.1254902 0 0.1843137 0.1843137 0.1843137 0 0.2 0.2 0.2 0 0.1882353 0.1882353 0.1882353 0 0.2156863 0.2156863 0.2156863 0 0.3490196 0.3490196 0.3490196 0 0.2156863 0.2156863 0.2156863 0 0.2666667 0.2666667 0.2666667 0 0.3490196 0.3490196 0.3490196 0 0.2235294 0.2235294 0.2235294 0 0.145098 0.145098 0.145098 0 0.2156863 0.2156863 0.2156863 0 0.145098 0.145098 0.145098 0 0.0980392 0.0980392 0.0980392 0 0.2156863 0.2156863 0.2156863 0 0.2 0.2 0.2 0 0.1686275 0.1686275 0.1686275 0 0.2235294 0.2235294 0.2235294 0 0.1686275 0.1686275 0.1686275 0 0.145098 0.145098 0.145098 0 0.2235294 0.2235294 0.2235294 0 0.3764706 0.3803921 0.3764706 0 0.3372549 0.3372549 0.3372549 0 0.2 0.2 0.2 0 0.3372549 0.3372549 0.3372549 0 0.1686275 0.1686275 0.1686275 0 0.2 0.2 0.2 0 0.2156863 0.2156863 0.2156863 0 0.0980392 0.0980392 0.0980392 0 0.2666667 0.2666667 0.2666667 0 0.0980392 0.0980392 0.0980392 0 0.145098 0.145098 0.145098 0 0.2666667 0.2666667 0.2666667 0 0.145098 0.145098 0.145098 0 0.4117647 0.4117647 0.4117647 0 0.0980392 0.0980392 0.0980392 0 0.4117647 0.4117647 0.4117647 0 0.5254902 0.5254902 0.5254902 0 0.0980392 0.0980392 0.0980392 0 0.1686275 0.1686275 0.1686275 0 0.4078431 0.4078431 0.4078431 0 0.145098 0.145098 0.145098 0 0.4078431 0.4078431 0.4078431 0 0.4117647 0.4117647 0.4117647 0 0.145098 0.145098 0.145098 0 0.3372549 0.3372549 0.3372549 0 0.5529412 0.5529412 0.5529412 0 0.1686275 0.1686275 0.1686275 0 0.5529412 0.5529412 0.5529412 0 0.4078431 0.4078431 0.4078431 0 0.1686275 0.1686275 0.1686275 0 0.0980392 0.0980392 0.0980392 0 0.5254902 0.5254902 0.5254902 0 0.145098 0.145098 0.145098 0 0.5254902 0.5254902 0.5254902 0 0.5490196 0.5490196 0.5490196 0 0.145098 0.145098 0.145098 0 0.4117647 0.4117647 0.4117647 0 0.9137255 0.9137255 0.9137255 0 0.5254902 0.5254902 0.5254902 0 0.9137255 0.9137255 0.9137255 0 0.7176471 0.7176471 0.7176471 0 0.5254902 0.5254902 0.5254902 0 0.4078431 0.4078431 0.4078431 0 0.9098039 0.9098039 0.9098039 0 0.4117647 0.4117647 0.4117647 0 0.9098039 0.9098039 0.9098039 0 0.9137255 0.9137255 0.9137255 0 0.4117647 0.4117647 0.4117647 0 0.5529412 0.5529412 0.5529412 0 0.9098039 0.9098039 0.9098039 0 0.4078431 0.4078431 0.4078431 0 0.9098039 0.9098039 0.9098039 0 0.9098039 0.9098039 0.9098039 0 0.4078431 0.4078431 0.4078431 0 0.5254902 0.5254902 0.5254902 0 0.7176471 0.7176471 0.7176471 0 0.5490196 0.5490196 0.5490196 0 0.7176471 0.7176471 0.7176471 0 0.8 0.8 0.8 0 0.5490196 0.5490196 0.5490196 0 0.9137255 0.9137255 0.9137255 0 0.9098039 0.9098039 0.9098039 0 0.7176471 0.7176471 0.7176471 0 0.9098039 0.9098039 0.9098039 0 0.7176471 0.7176471 0.7176471 0 0.7176471 0.7176471 0.7176471 0 0.9098039 0.9098039 0.9098039 0 0.9098039 0.9098039 0.9098039 0 0.9137255 0.9137255 0.9137255 0 0.9098039 0.9098039 0.9098039 0 0.9098039 0.9098039 0.9098039 0 0.9137255 0.9137255 0.9137255 0 0.9098039 0.9098039 0.9098039 0 0.9098039 0.9098039 0.9098039 0 0.9098039 0.9098039 0.9098039 0 0.9098039 0.9098039 0.9098039 0 0.9098039 0.9098039 0.9098039 0 0.9098039 0.9098039 0.9098039 0 0.7176471 0.7176471 0.7176471 0 0.7176471 0.7176471 0.7176471 0 0.8 0.8 0.8 0 0.7176471 0.7176471 0.7176471 0 0.7490196 0.7490196 0.7490196 0 0.8 0.8 0.8 0 0.9098039 0.9098039 0.9098039 0 0.5019608 0.5019608 0.5019608 0 0.7176471 0.7176471 0.7176471 0 0.5019608 0.5019608 0.5019608 0 0.3254902 0.3254902 0.3254902 0 0.7176471 0.7176471 0.7176471 0 0.9098039 0.9098039 0.9098039 0 0.4862745 0.4862745 0.4862745 0 0.9098039 0.9098039 0.9098039 0 0.4862745 0.4862745 0.4862745 0 0.5019608 0.5019608 0.5019608 0 0.9098039 0.9098039 0.9098039 0 0.9098039 0.9098039 0.9098039 0 0.6117647 0.6117647 0.6117647 0 0.9098039 0.9098039 0.9098039 0 0.6117647 0.6117647 0.6117647 0 0.4862745 0.4862745 0.4862745 0 0.9098039 0.9098039 0.9098039 0 0.7176471 0.7176471 0.7176471 0 0.3254902 0.3254902 0.3254902 0 0.7490196 0.7490196 0.7490196 0 0.3254902 0.3254902 0.3254902 0 0.2431373 0.2431373 0.2431373 0 0.7490196 0.7490196 0.7490196 0 0.9098039 0.9098039 0.9098039 0 0.9529412 0.9529412 0.9529412 0 0.9098039 0.9098039 0.9098039 0 0.9529412 0.9529412 0.9529412 0 0.8156863 0.8509804 0.7803922 0 0.9098039 0.9098039 0.9098039 0 0.9098039 0.9098039 0.9098039 0 0.9529412 0.9529412 0.9529412 0 0.9098039 0.9098039 0.9098039 0 0.9529412 0.9529412 0.9529412 0 0.9098039 0.9098039 0.9098039 0 0.9098039 0.9098039 0.9098039 0 0.9176471 0.9176471 0.9176471 0 0.9450981 0.9450981 0.9450981 0 0.9529412 0.9529412 0.9529412 0 0.9450981 0.9450981 0.9450981 0 0.8156863 0.8509804 0.7803922 0 0.9529412 0.9529412 0.9529412 0 0.2 0.2 0.2 0 0.1843137 0.1843137 0.1843137 0 0.3764706 0.3803921 0.3764706 0 0.1843137 0.1843137 0.1843137 0 0.3254902 0.3254902 0.3254902 0 0.3764706 0.3803921 0.3764706 0 0.5019608 0.5019608 0.5019608 0 0.5529412 0.5529412 0.5529412 0 0.3254902 0.3254902 0.3254902 0 0.5529412 0.5529412 0.5529412 0 0.5411765 0.5411765 0.5411765 0 0.3254902 0.3254902 0.3254902 0 0.4862745 0.4862745 0.4862745 0 0.7843137 0.7843137 0.7843137 0 0.5019608 0.5019608 0.5019608 0 0.7843137 0.7843137 0.7843137 0 0.5529412 0.5529412 0.5529412 0 0.5019608 0.5019608 0.5019608 0 0.6117647 0.6117647 0.6117647 0 0.8901961 0.8901961 0.8901961 0 0.4862745 0.4862745 0.4862745 0 0.8901961 0.8901961 0.8901961 0 0.7843137 0.7843137 0.7843137 0 0.4862745 0.4862745 0.4862745 0 0.3254902 0.3254902 0.3254902 0 0.5411765 0.5411765 0.5411765 0 0.2431373 0.2431373 0.2431373 0 0.5411765 0.5411765 0.5411765 0 0.4823529 0.4823529 0.4823529 0 0.2431373 0.2431373 0.2431373 0 0.5529412 0.5529412 0.5529412 0 0.9098039 0.9098039 0.9098039 0 0.5411765 0.5411765 0.5411765 0 0.9098039 0.9098039 0.9098039 0 0.6117647 0.6117647 0.6117647 0 0.5411765 0.5411765 0.5411765 0 0.7843137 0.7843137 0.7843137 0 0.9098039 0.9098039 0.9098039 0 0.5529412 0.5529412 0.5529412 0 0.9098039 0.9098039 0.9098039 0 0.9098039 0.9098039 0.9098039 0 0.5529412 0.5529412 0.5529412 0 0.8901961 0.8901961 0.8901961 0 0.9098039 0.9098039 0.9098039 0 0.7843137 0.7843137 0.7843137 0 0.9098039 0.9098039 0.9098039 0 0.9098039 0.9098039 0.9098039 0 0.7843137 0.7843137 0.7843137 0 0.5411765 0.5411765 0.5411765 0 0.6117647 0.6117647 0.6117647 0 0.4823529 0.4823529 0.4823529 0 0.6117647 0.6117647 0.6117647 0 0.7764706 0.7764706 0.7764706 0 0.4823529 0.4823529 0.4823529 0 0.9098039 0.9098039 0.9098039 0 0.9098039 0.9098039 0.9098039 0 0.6117647 0.6117647 0.6117647 0 0.9098039 0.9098039 0.9098039 0 0.9137255 0.9137255 0.9137255 0 0.6117647 0.6117647 0.6117647 0 0.9098039 0.9098039 0.9098039 0 0.9098039 0.9098039 0.9098039 0 0.9098039 0.9098039 0.9098039 0 0.9098039 0.9098039 0.9098039 0 0.9098039 0.9098039 0.9098039 0 0.9098039 0.9098039 0.9098039 0 0.9098039 0.9098039 0.9098039 0 0.9098039 0.9098039 0.9098039 0 0.9098039 0.9098039 0.9098039 0 0.9098039 0.9098039 0.9098039 0 0.9098039 0.9098039 0.9098039 0 0.9098039 0.9098039 0.9098039 0 0.6117647 0.6117647 0.6117647 0 0.9137255 0.9137255 0.9137255 0 0.7764706 0.7764706 0.7764706 0 0.9137255 0.9137255 0.9137255 0 0.9450981 0.9450981 0.9450981 0 0.7764706 0.7764706 0.7764706 0 0.9098039 0.9098039 0.9098039 0 0.9098039 0.9098039 0.9098039 0 0.9137255 0.9137255 0.9137255 0 0.9098039 0.9098039 0.9098039 0 0.9333333 1 0.8156863 0 0.9137255 0.9137255 0.9137255 0 0.9098039 0.9098039 0.9098039 0 0.9098039 0.9098039 0.9098039 0 0.9098039 0.9098039 0.9098039 0 0.9098039 0.9098039 0.9098039 0 0.9098039 0.9098039 0.9098039 0 0.9098039 0.9098039 0.9098039 0 0.9098039 0.9098039 0.9098039 0 0.9098039 0.9098039 0.9098039 0 0.9098039 0.9098039 0.9098039 0 0.9098039 0.9098039 0.9098039 0 0.9098039 0.9098039 0.9098039 0 0.9098039 0.9098039 0.9098039 0 0.9137255 0.9137255 0.9137255 0 0.9333333 1 0.8156863 0 0.9450981 0.9450981 0.9450981 0 0.9333333 1 0.8156863 0 0.8745098 0.8745098 0.8745098 0 0.9450981 0.9450981 0.9450981 0 0.9098039 0.9098039 0.9098039 0 0.9098039 0.9098039 0.9098039 0 0.9333333 1 0.8156863 0 0.9098039 0.9098039 0.9098039 0 0.9137255 0.9137255 0.9137255 0 0.9333333 1 0.8156863 0 0.9098039 0.9098039 0.9098039 0 0.9098039 0.9098039 0.9098039 0 0.9098039 0.9098039 0.9098039 0 0.9098039 0.9098039 0.9098039 0 0.9098039 0.9098039 0.9098039 0 0.9098039 0.9098039 0.9098039 0 0.9098039 0.9098039 0.9098039 0 0.9098039 0.9098039 0.9098039 0 0.9098039 0.9098039 0.9098039 0 0.9098039 0.9098039 0.9098039 0 0.9098039 0.9098039 0.9098039 0 0.9098039 0.9098039 0.9098039 0 0.9333333 1 0.8156863 0 0.9137255 0.9137255 0.9137255 0 0.8745098 0.8745098 0.8745098 0 0.9137255 0.9137255 0.9137255 0 0.972549 0.972549 0.972549 0 0.8745098 0.8745098 0.8745098 0 0.9098039 0.9098039 0.9098039 0 0.9098039 0.9098039 0.9098039 0 0.9137255 0.9137255 0.9137255 0 0.9098039 0.9098039 0.9098039 0 0.8156863 0.8509804 0.7803922 0 0.9137255 0.9137255 0.9137255 0 0.9098039 0.9098039 0.9098039 0 0.9098039 0.9098039 0.9098039 0 0.9098039 0.9098039 0.9098039 0 0.9098039 0.9098039 0.9098039 0 0.9098039 0.9098039 0.9098039 0 0.9098039 0.9098039 0.9098039 0 0.9098039 0.9098039 0.9098039 0 0.9098039 0.9098039 0.9098039 0 0.9098039 0.9098039 0.9098039 0 0.9098039 0.9098039 0.9098039 0 0.9098039 0.9098039 0.9098039 0 0.9098039 0.9098039 0.9098039 0 0.9137255 0.9137255 0.9137255 0 0.8156863 0.8509804 0.7803922 0 0.972549 0.972549 0.972549 0 0.8156863 0.8509804 0.7803922 0 0.9450981 0.9450981 0.9450981 0 0.972549 0.972549 0.972549 0 0.1764706 0.1764706 0.1764706 0 0.2039216 0.2039216 0.2039216 0 0.2078431 0.2078431 0.2039216 0 0.2039216 0.2039216 0.2039216 0 0.2705882 0.2705882 0.2705882 0 0.2078431 0.2078431 0.2039216 0 0.1882353 0.1882353 0.1882353 0 0.2039216 0.2039216 0.2039216 0 0.1764706 0.1764706 0.1764706 0 0.1607843 0.1607843 0.1607843 0 0.1882353 0.1882353 0.1882353 0 0.1764706 0.1764706 0.1764706 0 0.2039216 0.2039216 0.2039216 0 0.4078431 0.4078431 0.4078431 0 0.2705882 0.2705882 0.2705882 0 0.4078431 0.4078431 0.4078431 0 0.3215686 0.3215686 0.3215686 0 0.2705882 0.2705882 0.2705882 0 0.3490196 0.3490196 0.3490196 0 0.4078431 0.4078431 0.4078431 0 0.2039216 0.2039216 0.2039216 0 0.1882353 0.1882353 0.1882353 0 0.3490196 0.3490196 0.3490196 0 0.2039216 0.2039216 0.2039216 0 0.1019608 0.1019608 0.1019608 0 0.1568627 0.1568627 0.1568627 0 0.1607843 0.1607843 0.1607843 0 0.1568627 0.1568627 0.1568627 0 0.1882353 0.1882353 0.1882353 0 0.1607843 0.1607843 0.1607843 0 0.1568627 0.1568627 0.1568627 0 0.2901961 0.2901961 0.2901961 0 0.1882353 0.1882353 0.1882353 0 0.2901961 0.2901961 0.2901961 0 0.3490196 0.3490196 0.3490196 0 0.1882353 0.1882353 0.1882353 0 0.1254902 0.1254902 0.1254902 0 0.2 0.2 0.2 0 0.1019608 0.1019608 0.1019608 0 0.2 0.2 0.2 0 0.1568627 0.1568627 0.1568627 0 0.1019608 0.1019608 0.1019608 0 0.2 0.2 0.2 0 0.3843137 0.3882353 0.3843137 0 0.1568627 0.1568627 0.1568627 0 0.3843137 0.3882353 0.3843137 0 0.2901961 0.2901961 0.2901961 0 0.1568627 0.1568627 0.1568627 0 0.1607843 0.1607843 0.1607843 0 0.1686275 0.1686275 0.1686275 0 0.1882353 0.1882353 0.1882353 0 0.1686275 0.1686275 0.1686275 0 0.1098039 0.1098039 0.1058824 0 0.1882353 0.1882353 0.1882353 0 0.2 0.2 0.2 0 0.1098039 0.1098039 0.1098039 0 0.1686275 0.1686275 0.1686275 0 0.1098039 0.1098039 0.1098039 0 0.1098039 0.1098039 0.1058824 0 0.1686275 0.1686275 0.1686275 0 0.2 0.2 0.2 0 0.1254902 0.1254902 0.1254902 0 0.2 0.2 0.2 0 0.1254902 0.1254902 0.1254902 0 0.1098039 0.1098039 0.1098039 0 0.2 0.2 0.2 0 0.2431373 0.2431373 0.2431373 0 0.1607843 0.1607843 0.1607843 0 0.3490196 0.3490196 0.3490196 0 0.1607843 0.1607843 0.1607843 0 0.1882353 0.1882353 0.1882353 0 0.3490196 0.3490196 0.3490196 0 0.1137255 0.1137255 0.1137255 0 0.1176471 0.1176471 0.09411764 0 0.1607843 0.1607843 0.1607843 0 0.1176471 0.1176471 0.09411764 0 0.1686275 0.1686275 0.1686275 0 0.1607843 0.1607843 0.1607843 0 0.1176471 0.1176471 0.09411764 0 0.2039216 0.2039216 0.2039216 0 0.1686275 0.1686275 0.1686275 0 0.2039216 0.2039216 0.2039216 0 0.2 0.2 0.2 0 0.1686275 0.1686275 0.1686275 0 0.2039216 0.2039216 0.2039216 0 0.2784314 0.2784314 0.2784314 0 0.2 0.2 0.2 0 0.2784314 0.2784314 0.2784314 0 0.372549 0.372549 0.372549 0 0.2 0.2 0.2 0 0.1411765 0.1411765 0.1411765 0 0.1137255 0.1137255 0.1137255 0 0.2431373 0.2431373 0.2431373 0 0.1137255 0.1137255 0.1137255 0 0.1607843 0.1607843 0.1607843 0 0.2431373 0.2431373 0.2431373 0 0.3294118 0.3294118 0.3294118 0 0.3647059 0.3647059 0.3647059 0 0.1137255 0.1137255 0.1137255 0 0.3647059 0.3647059 0.3647059 0 0.1176471 0.1176471 0.09411764 0 0.1137255 0.1137255 0.1137255 0 0.3647059 0.3647059 0.3647059 0 0.3215686 0.3215686 0.3215686 0 0.1176471 0.1176471 0.09411764 0 0.3215686 0.3215686 0.3215686 0 0.2039216 0.2039216 0.2039216 0 0.1176471 0.1176471 0.09411764 0 0.3215686 0.3215686 0.3215686 0 0.4784314 0.4784314 0.4784314 0 0.2039216 0.2039216 0.2039216 0 0.4784314 0.4784314 0.4784314 0 0.2784314 0.2784314 0.2784314 0 0.2039216 0.2039216 0.2039216 0 0.3607843 0.3607843 0.3607843 0 0.3294118 0.3294118 0.3294118 0 0.1411765 0.1411765 0.1411765 0 0.3294118 0.3294118 0.3294118 0 0.1137255 0.1137255 0.1137255 0 0.1411765 0.1411765 0.1411765 0 0.9058824 0.9058824 0.9058824 0 0.9098039 0.9098039 0.9098039 0 0.3294118 0.3294118 0.3294118 0 0.9098039 0.9098039 0.9098039 0 0.3647059 0.3647059 0.3647059 0 0.3294118 0.3294118 0.3294118 0 0.9098039 0.9098039 0.9098039 0 0.6117647 0.6117647 0.6117647 0 0.3647059 0.3647059 0.3647059 0 0.6117647 0.6117647 0.6117647 0 0.3215686 0.3215686 0.3215686 0 0.3647059 0.3647059 0.3647059 0 0.6117647 0.6117647 0.6117647 0 0.6117647 0.6117647 0.6117647 0 0.3215686 0.3215686 0.3215686 0 0.6117647 0.6117647 0.6117647 0 0.4784314 0.4784314 0.4784314 0 0.3215686 0.3215686 0.3215686 0 0.9058824 0.9058824 0.9058824 0 0.9058824 0.9058824 0.9058824 0 0.3607843 0.3607843 0.3607843 0 0.9058824 0.9058824 0.9058824 0 0.3294118 0.3294118 0.3294118 0 0.3607843 0.3607843 0.3607843 0 0.9058824 0.9058824 0.9058824 0 0.9098039 0.9098039 0.9098039 0 0.9058824 0.9058824 0.9058824 0 0.9098039 0.9098039 0.9098039 0 0.9098039 0.9098039 0.9098039 0 0.9058824 0.9058824 0.9058824 0 0.6705883 0.6705883 0.6705883 0 0.9098039 0.9098039 0.9098039 0 0.9058824 0.9058824 0.9058824 0 0.4862745 0.4862745 0.4862745 0 0.6705883 0.6705883 0.6705883 0 0.9058824 0.9058824 0.9058824 0 0.9098039 0.9098039 0.9098039 0 0.6039216 0.6039216 0.6039216 0 0.9098039 0.9098039 0.9098039 0 0.6039216 0.6039216 0.6039216 0 0.6117647 0.6117647 0.6117647 0 0.9098039 0.9098039 0.9098039 0 0.6039216 0.6039216 0.6039216 0 0.6117647 0.6117647 0.6117647 0 0.6117647 0.6117647 0.6117647 0 0.6117647 0.6117647 0.6117647 0 0.6117647 0.6117647 0.6117647 0 0.6117647 0.6117647 0.6117647 0 0.8941177 0.8941177 0.8941177 0 0.9058824 0.9058824 0.9058824 0 0.9058824 0.9058824 0.9058824 0 0.9058824 0.9058824 0.9058824 0 0.9058824 0.9058824 0.9058824 0 0.9058824 0.9058824 0.9058824 0 0.6705883 0.6705883 0.6705883 0 0.3294118 0.3294118 0.3294118 0 0.9098039 0.9098039 0.9098039 0 0.3294118 0.3294118 0.3294118 0 0.6039216 0.6039216 0.6039216 0 0.9098039 0.9098039 0.9098039 0 0.3294118 0.3294118 0.3294118 0 0.317647 0.317647 0.317647 0 0.6039216 0.6039216 0.6039216 0 0.317647 0.317647 0.317647 0 0.6117647 0.6117647 0.6117647 0 0.6039216 0.6039216 0.6039216 0 0.4627451 0.4627451 0.4627451 0 0.4862745 0.4862745 0.4862745 0 0.8941177 0.8941177 0.8941177 0 0.4862745 0.4862745 0.4862745 0 0.9058824 0.9058824 0.9058824 0 0.8941177 0.8941177 0.8941177 0 0.9176471 0.9176471 0.9176471 0 0.9098039 0.9098039 0.9098039 0 0.9215686 0.9215686 0.9215686 0 0.9098039 0.9098039 0.9098039 0 0.9098039 0.9098039 0.9098039 0 0.9215686 0.9215686 0.9215686 0 0.7529412 0.7568628 0.7490196 0 0.772549 0.772549 0.772549 0 0.9215686 0.9215686 0.9215686 0 0.772549 0.772549 0.772549 0 0.9176471 0.9176471 0.9176471 0 0.9215686 0.9215686 0.9215686 0 0.9098039 0.9098039 0.9098039 0 0.9215686 0.9215686 0.9215686 0 0.9098039 0.9098039 0.9098039 0 0.9215686 0.9215686 0.9215686 0 0.9098039 0.9098039 0.9098039 0 0.9098039 0.9098039 0.9098039 0 0.3843137 0.3882353 0.3843137 0 0.2 0.2 0.2 0 0.372549 0.372549 0.372549 0 0.2 0.2 0.2 0 0.2 0.2 0.2 0 0.372549 0.372549 0.372549 0 0.8901961 0.8901961 0.8901961 0 0.5921569 0.5921569 0.5921569 0 0.4862745 0.4862745 0.4862745 0 0.5921569 0.5921569 0.5921569 0 0.6705883 0.6705883 0.6705883 0 0.4862745 0.4862745 0.4862745 0 0.5921569 0.5921569 0.5921569 0 0.5372549 0.5372549 0.5372549 0 0.6705883 0.6705883 0.6705883 0 0.5372549 0.5372549 0.5372549 0 0.3294118 0.3294118 0.3294118 0 0.6705883 0.6705883 0.6705883 0 0.5372549 0.5372549 0.5372549 0 0.5529412 0.5529412 0.5529412 0 0.3294118 0.3294118 0.3294118 0 0.5529412 0.5529412 0.5529412 0 0.317647 0.317647 0.317647 0 0.3294118 0.3294118 0.3294118 0 0.8901961 0.8901961 0.8901961 0 0.8901961 0.8901961 0.8901961 0 0.4627451 0.4627451 0.4627451 0 0.8901961 0.8901961 0.8901961 0 0.4862745 0.4862745 0.4862745 0 0.4627451 0.4627451 0.4627451 0 0.9098039 0.9098039 0.9098039 0 0.9098039 0.9098039 0.9098039 0 0.8901961 0.8901961 0.8901961 0 0.9098039 0.9098039 0.9098039 0 0.5921569 0.5921569 0.5921569 0 0.8901961 0.8901961 0.8901961 0 0.9098039 0.9098039 0.9098039 0 0.6117647 0.6117647 0.6117647 0 0.5921569 0.5921569 0.5921569 0 0.6117647 0.6117647 0.6117647 0 0.5372549 0.5372549 0.5372549 0 0.5921569 0.5921569 0.5921569 0 0.6117647 0.6117647 0.6117647 0 0.6117647 0.6117647 0.6117647 0 0.5372549 0.5372549 0.5372549 0 0.6117647 0.6117647 0.6117647 0 0.5529412 0.5529412 0.5529412 0 0.5372549 0.5372549 0.5372549 0 0.9098039 0.9098039 0.9098039 0 0.9098039 0.9098039 0.9098039 0 0.8901961 0.8901961 0.8901961 0 0.9098039 0.9098039 0.9098039 0 0.8901961 0.8901961 0.8901961 0 0.8901961 0.8901961 0.8901961 0 0.9098039 0.9098039 0.9098039 0 0.9098039 0.9098039 0.9098039 0 0.9098039 0.9098039 0.9098039 0 0.9098039 0.9098039 0.9098039 0 0.9098039 0.9098039 0.9098039 0 0.9098039 0.9098039 0.9098039 0 0.9098039 0.9098039 0.9098039 0 0.9098039 0.9098039 0.9098039 0 0.9098039 0.9098039 0.9098039 0 0.9098039 0.9098039 0.9098039 0 0.6117647 0.6117647 0.6117647 0 0.9098039 0.9098039 0.9098039 0 0.9098039 0.9098039 0.9098039 0 0.6117647 0.6117647 0.6117647 0 0.6117647 0.6117647 0.6117647 0 0.6117647 0.6117647 0.6117647 0 0.6117647 0.6117647 0.6117647 0 0.6117647 0.6117647 0.6117647 0 0.9098039 0.9098039 0.9098039 0 0.9098039 0.9098039 0.9098039 0 0.9098039 0.9098039 0.9098039 0 0.9098039 0.9098039 0.9098039 0 0.9098039 0.9098039 0.9098039 0 0.9098039 0.9098039 0.9098039 0 0.9098039 0.9098039 0.9098039 0 0.9098039 0.9098039 0.9098039 0 0.9098039 0.9098039 0.9098039 0 0.9098039 0.9098039 0.9098039 0 0.9098039 0.9098039 0.9098039 0 0.9098039 0.9098039 0.9098039 0 0.9098039 0.9098039 0.9098039 0 0.9098039 0.9098039 0.9098039 0 0.9098039 0.9098039 0.9098039 0 0.9098039 0.9098039 0.9098039 0 0.9098039 0.9098039 0.9098039 0 0.9098039 0.9098039 0.9098039 0 0.9098039 0.9098039 0.9098039 0 0.6156863 0.6156863 0.6156863 0 0.9098039 0.9098039 0.9098039 0 0.6156863 0.6156863 0.6156863 0 0.6117647 0.6117647 0.6117647 0 0.9098039 0.9098039 0.9098039 0 0.9098039 0.9098039 0.9098039 0 0.9098039 0.9098039 0.9098039 0 0.9098039 0.9098039 0.9098039 0 0.9098039 0.9098039 0.9098039 0 0.9098039 0.9098039 0.9098039 0 0.9098039 0.9098039 0.9098039 0 0.9098039 0.9098039 0.9098039 0 0.9098039 0.9098039 0.9098039 0 0.9098039 0.9098039 0.9098039 0 0.9098039 0.9098039 0.9098039 0 0.9098039 0.9098039 0.9098039 0 0.9098039 0.9098039 0.9098039 0 0.9098039 0.9098039 0.9098039 0 0.9098039 0.9098039 0.9098039 0 0.9098039 0.9098039 0.9098039 0 0.9098039 0.9098039 0.9098039 0 0.9098039 0.9098039 0.9098039 0 0.9098039 0.9098039 0.9098039 0 0.9098039 0.9098039 0.9098039 0 0.9137255 0.9137255 0.9137255 0 0.9098039 0.9098039 0.9098039 0 0.9137255 0.9137255 0.9137255 0 0.6156863 0.6156863 0.6156863 0 0.9098039 0.9098039 0.9098039 0 0.9098039 0.9098039 0.9098039 0 0.9098039 0.9098039 0.9098039 0 0.9098039 0.9098039 0.9098039 0 0.9098039 0.9098039 0.9098039 0 0.9098039 0.9098039 0.9098039 0 0.9098039 0.9098039 0.9098039 0 0.9098039 0.9098039 0.9098039 0 0.9098039 0.9098039 0.9098039 0 0.9098039 0.9098039 0.9098039 0 0.9098039 0.9098039 0.9098039 0 0.9098039 0.9098039 0.9098039 0 0.9098039 0.9098039 0.9098039 0 0.9098039 0.9098039 0.9098039 0 0.9176471 0.9176471 0.9176471 0 0.9098039 0.9098039 0.9098039 0 0.9176471 0.9176471 0.9176471 0 0.9098039 0.9098039 0.9098039 0 0.9098039 0.9098039 0.9098039 0 0.9176471 0.9176471 0.9176471 0 0.772549 0.772549 0.772549 0 0.9098039 0.9098039 0.9098039 0 0.772549 0.772549 0.772549 0 0.9137255 0.9137255 0.9137255 0 0.9098039 0.9098039 0.9098039 0 0.9098039 0.9098039 0.9098039 0 0.9098039 0.9098039 0.9098039 0 0.9098039 0.9098039 0.9098039 0 0.9098039 0.9098039 0.9098039 0 0.9098039 0.9098039 0.9098039 0 0.9098039 0.9098039 0.9098039 0 0.6862745 0.7019608 0.6705883 0 0.6941177 0.6980392 0.6941177 0 0.6078432 0.6078432 0.6078432 0 0.6941177 0.6980392 0.6941177 0 0.5372549 0.5372549 0.5372549 0 0.6078432 0.6078432 0.6078432 0 0.4862745 0.4862745 0.4823529 0 0.6941177 0.6980392 0.6941177 0 0.6862745 0.7019608 0.6705883 0 0.5254902 0.5294118 0.5254902 0 0.4862745 0.4862745 0.4823529 0 0.6862745 0.7019608 0.6705883 0 0.6941177 0.6980392 0.6941177 0 0.3411765 0.3411765 0.3411765 0 0.5372549 0.5372549 0.5372549 0 0.3411765 0.3411765 0.3411765 0 0.3647059 0.3647059 0.3607843 0 0.5372549 0.5372549 0.5372549 0 0.3411765 0.345098 0.3411765 0 0.3411765 0.3411765 0.3411765 0 0.6941177 0.6980392 0.6941177 0 0.4862745 0.4862745 0.4823529 0 0.3411765 0.345098 0.3411765 0 0.6941177 0.6980392 0.6941177 0 0.4666666 0.4666666 0.4666666 0 0.4039216 0.4039216 0.4039216 0 0.5254902 0.5294118 0.5254902 0 0.4039216 0.4039216 0.4039216 0 0.4862745 0.4862745 0.4823529 0 0.5254902 0.5294118 0.5254902 0 0.4039216 0.4039216 0.4039216 0 0.317647 0.3215686 0.317647 0 0.4862745 0.4862745 0.4823529 0 0.317647 0.3215686 0.317647 0 0.3411765 0.345098 0.3411765 0 0.4862745 0.4862745 0.4823529 0 0.4588235 0.4588235 0.4549019 0 0.3803921 0.3843137 0.3803921 0 0.4666666 0.4666666 0.4666666 0 0.3803921 0.3843137 0.3803921 0 0.4039216 0.4039216 0.4039216 0 0.4666666 0.4666666 0.4666666 0 0.3803921 0.3843137 0.3803921 0 0.3254902 0.3254902 0.3254902 0 0.4039216 0.4039216 0.4039216 0 0.3254902 0.3254902 0.3254902 0 0.317647 0.3215686 0.317647 0 0.4039216 0.4039216 0.4039216 0 0.3882353 0.3882353 0.3882353 0 0.3803921 0.3803921 0.3803921 0 0.4941176 0.4941176 0.4941176 0 0.3803921 0.3803921 0.3803921 0 0.4313725 0.4313725 0.4313725 0 0.4941176 0.4941176 0.4941176 0 0.4196078 0.4235294 0.4196078 0 0.4666666 0.4666666 0.4666666 0 0.3803921 0.3803921 0.3803921 0 0.4666666 0.4666666 0.4666666 0 0.4313725 0.4313725 0.4313725 0 0.3803921 0.3803921 0.3803921 0 0.3803921 0.3843137 0.3803921 0 0.4588235 0.4588235 0.4549019 0 0.4196078 0.4235294 0.4196078 0 0.4588235 0.4588235 0.4549019 0 0.4666666 0.4666666 0.4666666 0 0.4196078 0.4235294 0.4196078 0 0.2666667 0.2666667 0.2666667 0 0.3882353 0.3882353 0.3882353 0 0.3490196 0.3490196 0.3490196 0 0.3882353 0.3882353 0.3882353 0 0.4941176 0.4941176 0.4941176 0 0.3490196 0.3490196 0.3490196 0 0.3372549 0.345098 0.3254902 0 0.4588235 0.4588235 0.4588235 0 0.3882353 0.3882353 0.3882353 0 0.4588235 0.4588235 0.4588235 0 0.3803921 0.3803921 0.3803921 0 0.3882353 0.3882353 0.3882353 0 0.4588235 0.4588235 0.4588235 0 0.4705882 0.4705882 0.4705882 0 0.3803921 0.3803921 0.3803921 0 0.4705882 0.4705882 0.4705882 0 0.4196078 0.4235294 0.4196078 0 0.3803921 0.3803921 0.3803921 0 0.4705882 0.4705882 0.4705882 0 0.3372549 0.3372549 0.3372549 0 0.4196078 0.4235294 0.4196078 0 0.3372549 0.3372549 0.3372549 0 0.3764706 0.3803921 0.3764706 0 0.4196078 0.4235294 0.4196078 0 0.145098 0.145098 0.145098 0 0.3372549 0.345098 0.3254902 0 0.2666667 0.2666667 0.2666667 0 0.3372549 0.345098 0.3254902 0 0.3882353 0.3882353 0.3882353 0 0.2666667 0.2666667 0.2666667 0 0.5921569 0.5921569 0.5921569 0 0.5764706 0.5764706 0.5764706 0 0.3372549 0.345098 0.3254902 0 0.5764706 0.5764706 0.5764706 0 0.4588235 0.4588235 0.4588235 0 0.3372549 0.345098 0.3254902 0 0.5764706 0.5764706 0.5764706 0 0.5058824 0.5058824 0.5058824 0 0.4588235 0.4588235 0.4588235 0 0.5058824 0.5058824 0.5058824 0 0.4705882 0.4705882 0.4705882 0 0.4588235 0.4588235 0.4588235 0 0.5058824 0.5058824 0.5058824 0 0.5529412 0.5529412 0.5529412 0 0.4705882 0.4705882 0.4705882 0 0.5529412 0.5529412 0.5529412 0 0.3372549 0.3372549 0.3372549 0 0.4705882 0.4705882 0.4705882 0 0.5490196 0.5490196 0.5490196 0 0.5921569 0.5921569 0.5921569 0 0.145098 0.145098 0.145098 0 0.5921569 0.5921569 0.5921569 0 0.3372549 0.345098 0.3254902 0 0.145098 0.145098 0.145098 0 0.7450981 0.7450981 0.7450981 0 0.6117647 0.6117647 0.6117647 0 0.5921569 0.5921569 0.5921569 0 0.6117647 0.6117647 0.6117647 0 0.5764706 0.5764706 0.5764706 0 0.5921569 0.5921569 0.5921569 0 0.6117647 0.6117647 0.6117647 0 0.9098039 0.9098039 0.9098039 0 0.5764706 0.5764706 0.5764706 0 0.9098039 0.9098039 0.9098039 0 0.5058824 0.5058824 0.5058824 0 0.5764706 0.5764706 0.5764706 0 0.9098039 0.9098039 0.9098039 0 0.9098039 0.9098039 0.9098039 0 0.5058824 0.5058824 0.5058824 0 0.9098039 0.9098039 0.9098039 0 0.5529412 0.5529412 0.5529412 0 0.5058824 0.5058824 0.5058824 0 0.8 0.8 0.8 0 0.7450981 0.7450981 0.7450981 0 0.5490196 0.5490196 0.5490196 0 0.7450981 0.7450981 0.7450981 0 0.5921569 0.5921569 0.5921569 0 0.5490196 0.5490196 0.5490196 0 0.7764706 0.7764706 0.7764706 0 0.6117647 0.6117647 0.6117647 0 0.7450981 0.7450981 0.7450981 0 0.6117647 0.6117647 0.6117647 0 0.6117647 0.6117647 0.6117647 0 0.7450981 0.7450981 0.7450981 0 0.2117647 0.2117647 0.2117647 0 0.6117647 0.6117647 0.6117647 0 0.7764706 0.7764706 0.7764706 0 0.4549019 0.4549019 0.4549019 0 0.2117647 0.2117647 0.2117647 0 0.7764706 0.7764706 0.7764706 0 0.6117647 0.6117647 0.6117647 0 0.9098039 0.9098039 0.9098039 0 0.6117647 0.6117647 0.6117647 0 0.9098039 0.9098039 0.9098039 0 0.9098039 0.9098039 0.9098039 0 0.6117647 0.6117647 0.6117647 0 0.9098039 0.9098039 0.9098039 0 0.9098039 0.9098039 0.9098039 0 0.9098039 0.9098039 0.9098039 0 0.9098039 0.9098039 0.9098039 0 0.9098039 0.9098039 0.9098039 0 0.9098039 0.9098039 0.9098039 0 0.7490196 0.7490196 0.7490196 0 0.7764706 0.7764706 0.7764706 0 0.8 0.8 0.8 0 0.7764706 0.7764706 0.7764706 0 0.7450981 0.7450981 0.7450981 0 0.8 0.8 0.8 0 0.2117647 0.2117647 0.2117647 0 0.3686274 0.3686274 0.3686274 0 0.6117647 0.6117647 0.6117647 0 0.3686274 0.3686274 0.3686274 0 0.9098039 0.9098039 0.9098039 0 0.6117647 0.6117647 0.6117647 0 0.3686274 0.3686274 0.3686274 0 0.6117647 0.6117647 0.6117647 0 0.9098039 0.9098039 0.9098039 0 0.6117647 0.6117647 0.6117647 0 0.9098039 0.9098039 0.9098039 0 0.9098039 0.9098039 0.9098039 0 0.2431373 0.2431373 0.2431373 0 0.4549019 0.4549019 0.4549019 0 0.7490196 0.7490196 0.7490196 0 0.4549019 0.4549019 0.4549019 0 0.7764706 0.7764706 0.7764706 0 0.7490196 0.7490196 0.7490196 0 0.9098039 0.9098039 0.9098039 0 0.9098039 0.9098039 0.9098039 0 0.9529412 0.9529412 0.9529412 0 0.9098039 0.9098039 0.9098039 0 0.9176471 0.9176471 0.9176471 0 0.9529412 0.9529412 0.9529412 0 0.3254902 0.3254902 0.3254902 0 0.3803921 0.3843137 0.3803921 0 0.3764706 0.3803921 0.3764706 0 0.3803921 0.3843137 0.3803921 0 0.4196078 0.4235294 0.4196078 0 0.3764706 0.3803921 0.3764706 0 0.5882353 0.5882353 0.5882353 0 0.5686275 0.5686275 0.5686275 0 0.4549019 0.4549019 0.4549019 0 0.5686275 0.5686275 0.5686275 0 0.2117647 0.2117647 0.2117647 0 0.4549019 0.4549019 0.4549019 0 0.5686275 0.5686275 0.5686275 0 0.8745098 0.8745098 0.7098039 0 0.2117647 0.2117647 0.2117647 0 0.8745098 0.8745098 0.7098039 0 0.3686274 0.3686274 0.3686274 0 0.2117647 0.2117647 0.2117647 0 0.8745098 0.8745098 0.7098039 0 0.8901961 0.8901961 0.8901961 0 0.3686274 0.3686274 0.3686274 0 0.8901961 0.8901961 0.8901961 0 0.6117647 0.6117647 0.6117647 0 0.3686274 0.3686274 0.3686274 0 0.4823529 0.4823529 0.4823529 0 0.5882353 0.5882353 0.5882353 0 0.2431373 0.2431373 0.2431373 0 0.5882353 0.5882353 0.5882353 0 0.4549019 0.4549019 0.4549019 0 0.2431373 0.2431373 0.2431373 0 0.6235294 0.6235294 0.6235294 0 0.9098039 0.9098039 0.9098039 0 0.5882353 0.5882353 0.5882353 0 0.9098039 0.9098039 0.9098039 0 0.5686275 0.5686275 0.5686275 0 0.5882353 0.5882353 0.5882353 0 0.9098039 0.9098039 0.9098039 0 0.9098039 0.9098039 0.9098039 0 0.5686275 0.5686275 0.5686275 0 0.9098039 0.9098039 0.9098039 0 0.8745098 0.8745098 0.7098039 0 0.5686275 0.5686275 0.5686275 0 0.9098039 0.9098039 0.9098039 0 0.9098039 0.9098039 0.9098039 0 0.8745098 0.8745098 0.7098039 0 0.9098039 0.9098039 0.9098039 0 0.8901961 0.8901961 0.8901961 0 0.8745098 0.8745098 0.7098039 0 0.7764706 0.7764706 0.7764706 0 0.6235294 0.6235294 0.6235294 0 0.4823529 0.4823529 0.4823529 0 0.6235294 0.6235294 0.6235294 0 0.5882353 0.5882353 0.5882353 0 0.4823529 0.4823529 0.4823529 0 0.827451 0.8470588 0.8078432 0 0.9098039 0.9098039 0.9098039 0 0.6235294 0.6235294 0.6235294 0 0.9098039 0.9098039 0.9098039 0 0.9098039 0.9098039 0.9098039 0 0.6235294 0.6235294 0.6235294 0 0.9098039 0.9098039 0.9098039 0 0.9098039 0.9098039 0.9098039 0 0.9098039 0.9098039 0.9098039 0 0.9098039 0.9098039 0.9098039 0 0.9098039 0.9098039 0.9098039 0 0.9098039 0.9098039 0.9098039 0 0.9098039 0.9098039 0.9098039 0 0.9098039 0.9098039 0.9098039 0 0.9098039 0.9098039 0.9098039 0 0.9098039 0.9098039 0.9098039 0 0.9098039 0.9098039 0.9098039 0 0.9098039 0.9098039 0.9098039 0 0.9450981 0.9450981 0.9450981 0 0.827451 0.8470588 0.8078432 0 0.7764706 0.7764706 0.7764706 0 0.827451 0.8470588 0.8078432 0 0.6235294 0.6235294 0.6235294 0 0.7764706 0.7764706 0.7764706 0 0.6627451 0.6627451 0.6627451 0 0.9098039 0.9098039 0.9098039 0 0.827451 0.8470588 0.8078432 0 0.9098039 0.9098039 0.9098039 0 0.9098039 0.9098039 0.9098039 0 0.827451 0.8470588 0.8078432 0 0.9098039 0.9098039 0.9098039 0 0.9098039 0.9098039 0.9098039 0 0.9098039 0.9098039 0.9098039 0 0.9098039 0.9098039 0.9098039 0 0.9098039 0.9098039 0.9098039 0 0.9098039 0.9098039 0.9098039 0 0.9098039 0.9098039 0.9098039 0 0.9098039 0.9098039 0.9098039 0 0.9098039 0.9098039 0.9098039 0 0.9098039 0.9098039 0.9098039 0 0.9098039 0.9098039 0.9098039 0 0.9098039 0.9098039 0.9098039 0 0.8745098 0.8745098 0.8745098 0 0.6627451 0.6627451 0.6627451 0 0.9450981 0.9450981 0.9450981 0 0.6627451 0.6627451 0.6627451 0 0.827451 0.8470588 0.8078432 0 0.9450981 0.9450981 0.9450981 0 0.9372549 0.9372549 0.9372549 0 0.9098039 0.9098039 0.9098039 0 0.6627451 0.6627451 0.6627451 0 0.9098039 0.9098039 0.9098039 0 0.9098039 0.9098039 0.9098039 0 0.6627451 0.6627451 0.6627451 0 0.9098039 0.9098039 0.9098039 0 0.9098039 0.9098039 0.9098039 0 0.9098039 0.9098039 0.9098039 0 0.9098039 0.9098039 0.9098039 0 0.9098039 0.9098039 0.9098039 0 0.9098039 0.9098039 0.9098039 0 0.9098039 0.9098039 0.9098039 0 0.9098039 0.9098039 0.9098039 0 0.9098039 0.9098039 0.9098039 0 0.9098039 0.9098039 0.9098039 0 0.9098039 0.9098039 0.9098039 0 0.9098039 0.9098039 0.9098039 0 0.972549 0.972549 0.972549 0 0.9372549 0.9372549 0.9372549 0 0.8745098 0.8745098 0.8745098 0 0.9372549 0.9372549 0.9372549 0 0.6627451 0.6627451 0.6627451 0 0.8745098 0.8745098 0.8745098 0 0.9176471 0.9176471 0.9176471 0 0.9098039 0.9098039 0.9098039 0 0.9372549 0.9372549 0.9372549 0 0.9098039 0.9098039 0.9098039 0 0.9098039 0.9098039 0.9098039 0 0.9372549 0.9372549 0.9372549 0 0.9098039 0.9098039 0.9098039 0 0.9098039 0.9098039 0.9098039 0 0.9098039 0.9098039 0.9098039 0 0.9098039 0.9098039 0.9098039 0 0.9098039 0.9098039 0.9098039 0 0.9098039 0.9098039 0.9098039 0 0.9098039 0.9098039 0.9098039 0 0.9098039 0.9098039 0.9098039 0 0.9098039 0.9098039 0.9098039 0 0.9098039 0.9098039 0.9098039 0 0.9098039 0.9098039 0.9098039 0 0.9098039 0.9098039 0.9098039 0 0.9450981 0.9450981 0.9450981 0 0.9176471 0.9176471 0.9176471 0 0.972549 0.972549 0.972549 0 0.9176471 0.9176471 0.9176471 0 0.9372549 0.9372549 0.9372549 0 0.972549 0.972549 0.972549 0 0.3921568 0.3921568 0.3921568 0 0.5529412 0.5529412 0.5529412 0 0.6078432 0.6078432 0.6078432 0 0.5529412 0.5529412 0.5529412 0 0.6862745 0.7019608 0.6705883 0 0.6078432 0.6078432 0.6078432 0 0.5529412 0.5529412 0.5529412 0 0.5019608 0.5019608 0.4980392 0 0.6862745 0.7019608 0.6705883 0 0.5019608 0.5019608 0.4980392 0 0.5254902 0.5294118 0.5254902 0 0.6862745 0.7019608 0.6705883 0 0.3215686 0.3215686 0.3215686 0 0.4078431 0.4078431 0.4078431 0 0.3921568 0.3921568 0.3921568 0 0.4078431 0.4078431 0.4078431 0 0.5529412 0.5529412 0.5529412 0 0.3921568 0.3921568 0.3921568 0 0.4078431 0.4078431 0.4078431 0 0.3490196 0.3490196 0.3490196 0 0.5529412 0.5529412 0.5529412 0 0.3490196 0.3490196 0.3490196 0 0.5019608 0.5019608 0.4980392 0 0.5529412 0.5529412 0.5529412 0 0.5019608 0.5019608 0.4980392 0 0.4196078 0.4196078 0.4156863 0 0.5254902 0.5294118 0.5254902 0 0.4196078 0.4196078 0.4156863 0 0.4666666 0.4666666 0.4666666 0 0.5254902 0.5294118 0.5254902 0 0.3490196 0.3490196 0.3490196 0 0.2901961 0.2901961 0.2901961 0 0.5019608 0.5019608 0.4980392 0 0.2901961 0.2901961 0.2901961 0 0.4196078 0.4196078 0.4156863 0 0.5019608 0.5019608 0.4980392 0 0.4196078 0.4196078 0.4156863 0 0.4745098 0.4745098 0.4745098 0 0.4666666 0.4666666 0.4666666 0 0.4745098 0.4745098 0.4745098 0 0.4588235 0.4588235 0.4549019 0 0.4666666 0.4666666 0.4666666 0 0.2901961 0.2901961 0.2901961 0 0.3843137 0.3882353 0.3843137 0 0.4196078 0.4196078 0.4156863 0 0.3843137 0.3882353 0.3843137 0 0.4745098 0.4745098 0.4745098 0 0.4196078 0.4196078 0.4156863 0 0.4313725 0.4313725 0.4313725 0 0.4078431 0.4078431 0.4078431 0 0.4941176 0.4941176 0.4941176 0 0.4078431 0.4078431 0.4078431 0 0.4235294 0.4235294 0.4235294 0 0.4941176 0.4941176 0.4941176 0 0.4313725 0.4313725 0.4313725 0 0.4666666 0.4666666 0.4666666 0 0.4078431 0.4078431 0.4078431 0 0.4666666 0.4666666 0.4666666 0 0.4627451 0.4627451 0.4627451 0 0.4078431 0.4078431 0.4078431 0 0.4666666 0.4666666 0.4666666 0 0.4588235 0.4588235 0.4549019 0 0.4627451 0.4627451 0.4627451 0 0.4588235 0.4588235 0.4549019 0 0.4745098 0.4745098 0.4745098 0 0.4627451 0.4627451 0.4627451 0 0.4941176 0.4941176 0.4941176 0 0.4235294 0.4235294 0.4235294 0 0.3490196 0.3490196 0.3490196 0 0.4235294 0.4235294 0.4235294 0 0.2431373 0.2431373 0.2431373 0 0.3490196 0.3490196 0.3490196 0 0.4078431 0.4078431 0.4078431 0 0.3686274 0.3686274 0.3686274 0 0.4235294 0.4235294 0.4235294 0 0.3686274 0.3686274 0.3686274 0 0.2745098 0.2745098 0.2745098 0 0.4235294 0.4235294 0.4235294 0 0.4627451 0.4627451 0.4627451 0 0.4039216 0.4039216 0.4039216 0 0.4078431 0.4078431 0.4078431 0 0.4039216 0.4039216 0.4039216 0 0.3686274 0.3686274 0.3686274 0 0.4078431 0.4078431 0.4078431 0 0.372549 0.372549 0.372549 0 0.2784314 0.2784314 0.2784314 0 0.4627451 0.4627451 0.4627451 0 0.2784314 0.2784314 0.2784314 0 0.4039216 0.4039216 0.4039216 0 0.4627451 0.4627451 0.4627451 0 0.4235294 0.4235294 0.4235294 0 0.2745098 0.2745098 0.2745098 0 0.2431373 0.2431373 0.2431373 0 0.2745098 0.2745098 0.2745098 0 0.1411765 0.1411765 0.1411765 0 0.2431373 0.2431373 0.2431373 0 0.3686274 0.3686274 0.3686274 0 0.4980392 0.4980392 0.4980392 0 0.2745098 0.2745098 0.2745098 0 0.4980392 0.4980392 0.4980392 0 0.5254902 0.5254902 0.5254902 0 0.2745098 0.2745098 0.2745098 0 0.4039216 0.4039216 0.4039216 0 0.5490196 0.5490196 0.5490196 0 0.3686274 0.3686274 0.3686274 0 0.5490196 0.5490196 0.5490196 0 0.4980392 0.4980392 0.4980392 0 0.3686274 0.3686274 0.3686274 0 0.2784314 0.2784314 0.2784314 0 0.4784314 0.4784314 0.4784314 0 0.4039216 0.4039216 0.4039216 0 0.4784314 0.4784314 0.4784314 0 0.5490196 0.5490196 0.5490196 0 0.4039216 0.4039216 0.4039216 0 0.2745098 0.2745098 0.2745098 0 0.5254902 0.5254902 0.5254902 0 0.1411765 0.1411765 0.1411765 0 0.5254902 0.5254902 0.5254902 0 0.3607843 0.3607843 0.3607843 0 0.1411765 0.1411765 0.1411765 0 0.4980392 0.4980392 0.4980392 0 0.6117647 0.6117647 0.6117647 0 0.5254902 0.5254902 0.5254902 0 0.6117647 0.6117647 0.6117647 0 0.9098039 0.9098039 0.9098039 0 0.5254902 0.5254902 0.5254902 0 0.5490196 0.5490196 0.5490196 0 0.6117647 0.6117647 0.6117647 0 0.4980392 0.4980392 0.4980392 0 0.6117647 0.6117647 0.6117647 0 0.6117647 0.6117647 0.6117647 0 0.4980392 0.4980392 0.4980392 0 0.4784314 0.4784314 0.4784314 0 0.6117647 0.6117647 0.6117647 0 0.5490196 0.5490196 0.5490196 0 0.6117647 0.6117647 0.6117647 0 0.6117647 0.6117647 0.6117647 0 0.5490196 0.5490196 0.5490196 0 0.5254902 0.5254902 0.5254902 0 0.9098039 0.9098039 0.9098039 0 0.3607843 0.3607843 0.3607843 0 0.9098039 0.9098039 0.9098039 0 0.9058824 0.9058824 0.9058824 0 0.3607843 0.3607843 0.3607843 0 0.6117647 0.6117647 0.6117647 0 0.6078432 0.6078432 0.6078432 0 0.9098039 0.9098039 0.9098039 0 0.6078432 0.6078432 0.6078432 0 0.9058824 0.9058824 0.9058824 0 0.9098039 0.9098039 0.9098039 0 0.6078432 0.6078432 0.6078432 0 0.3019608 0.3019608 0.3019608 0 0.9058824 0.9058824 0.9058824 0 0.3019608 0.3019608 0.3019608 0 0.5333334 0.5333334 0.5333334 0 0.9058824 0.9058824 0.9058824 0 0.6117647 0.6117647 0.6117647 0 0.6117647 0.6117647 0.6117647 0 0.6117647 0.6117647 0.6117647 0 0.6117647 0.6117647 0.6117647 0 0.6078432 0.6078432 0.6078432 0 0.6117647 0.6117647 0.6117647 0 0.6117647 0.6117647 0.6117647 0 0.6117647 0.6117647 0.6117647 0 0.6117647 0.6117647 0.6117647 0 0.6117647 0.6117647 0.6117647 0 0.6117647 0.6117647 0.6117647 0 0.6117647 0.6117647 0.6117647 0 0.9098039 0.9098039 0.9098039 0 0.9058824 0.9058824 0.9058824 0 0.9058824 0.9058824 0.9058824 0 0.9058824 0.9058824 0.9058824 0 0.8941177 0.8941177 0.8941177 0 0.9058824 0.9058824 0.9058824 0 0.6117647 0.6117647 0.6117647 0 0.4 0.4 0.4 0 0.6078432 0.6078432 0.6078432 0 0.4 0.4 0.4 0 0.3019608 0.3019608 0.3019608 0 0.6078432 0.6078432 0.6078432 0 0.6117647 0.6117647 0.6117647 0 0.317647 0.317647 0.317647 0 0.6117647 0.6117647 0.6117647 0 0.317647 0.317647 0.317647 0 0.4 0.4 0.4 0 0.6117647 0.6117647 0.6117647 0 0.9058824 0.9058824 0.9058824 0 0.5333334 0.5333334 0.5333334 0 0.8941177 0.8941177 0.8941177 0 0.5333334 0.5333334 0.5333334 0 0.4627451 0.4627451 0.4627451 0 0.8941177 0.8941177 0.8941177 0 0.7529412 0.7568628 0.7490196 0 0.9215686 0.9215686 0.9215686 0 0.9176471 0.9176471 0.9176471 0 0.9215686 0.9215686 0.9215686 0 0.9098039 0.9098039 0.9098039 0 0.9176471 0.9176471 0.9176471 0 0.4627451 0.4627451 0.4627451 0 0.4745098 0.4745098 0.4745098 0 0.372549 0.372549 0.372549 0 0.4745098 0.4745098 0.4745098 0 0.3843137 0.3882353 0.3843137 0 0.372549 0.372549 0.372549 0 0.3019608 0.3019608 0.3019608 0 0.6039216 0.6039216 0.6039216 0 0.5333334 0.5333334 0.5333334 0 0.6039216 0.6039216 0.6039216 0 0.9098039 0.9098039 0.9098039 0 0.5333334 0.5333334 0.5333334 0 0.4 0.4 0.4 0 0.6117647 0.6117647 0.6117647 0 0.3019608 0.3019608 0.3019608 0 0.6117647 0.6117647 0.6117647 0 0.6039216 0.6039216 0.6039216 0 0.3019608 0.3019608 0.3019608 0 0.317647 0.317647 0.317647 0 0.5529412 0.5529412 0.5529412 0 0.4 0.4 0.4 0 0.5529412 0.5529412 0.5529412 0 0.6117647 0.6117647 0.6117647 0 0.4 0.4 0.4 0 0.5333334 0.5333334 0.5333334 0 0.9098039 0.9098039 0.9098039 0 0.4627451 0.4627451 0.4627451 0 0.9098039 0.9098039 0.9098039 0 0.8901961 0.8901961 0.8901961 0 0.4627451 0.4627451 0.4627451 0 0.6039216 0.6039216 0.6039216 0 0.9098039 0.9098039 0.9098039 0 0.9098039 0.9098039 0.9098039 0 0.9098039 0.9098039 0.9098039 0 0.9098039 0.9098039 0.9098039 0 0.9098039 0.9098039 0.9098039 0 0.6117647 0.6117647 0.6117647 0 0.6117647 0.6117647 0.6117647 0 0.6039216 0.6039216 0.6039216 0 0.6117647 0.6117647 0.6117647 0 0.9098039 0.9098039 0.9098039 0 0.6039216 0.6039216 0.6039216 0 0.5529412 0.5529412 0.5529412 0 0.6117647 0.6117647 0.6117647 0 0.6117647 0.6117647 0.6117647 0 0.6117647 0.6117647 0.6117647 0 0.6117647 0.6117647 0.6117647 0 0.6117647 0.6117647 0.6117647 0 0.9098039 0.9098039 0.9098039 0 0.9098039 0.9098039 0.9098039 0 0.8901961 0.8901961 0.8901961 0 0.9098039 0.9098039 0.9098039 0 0.9098039 0.9098039 0.9098039 0 0.8901961 0.8901961 0.8901961 0 0.9098039 0.9098039 0.9098039 0 0.9098039 0.9098039 0.9098039 0 0.9098039 0.9098039 0.9098039 0 0.9098039 0.9098039 0.9098039 0 0.9098039 0.9098039 0.9098039 0 0.9098039 0.9098039 0.9098039 0 0.6117647 0.6117647 0.6117647 0 0.9098039 0.9098039 0.9098039 0 0.9098039 0.9098039 0.9098039 0 0.9098039 0.9098039 0.9098039 0 0.9098039 0.9098039 0.9098039 0 0.9098039 0.9098039 0.9098039 0 0.6117647 0.6117647 0.6117647 0 0.6117647 0.6117647 0.6117647 0 0.6117647 0.6117647 0.6117647 0 0.6117647 0.6117647 0.6117647 0 0.9098039 0.9098039 0.9098039 0 0.6117647 0.6117647 0.6117647 0 0.9098039 0.9098039 0.9098039 0 0.9098039 0.9098039 0.9098039 0 0.9098039 0.9098039 0.9098039 0 0.9098039 0.9098039 0.9098039 0 0.9098039 0.9098039 0.9098039 0 0.9098039 0.9098039 0.9098039 0 0.9098039 0.9098039 0.9098039 0 0.9098039 0.9098039 0.9098039 0 0.9098039 0.9098039 0.9098039 0 0.9098039 0.9098039 0.9098039 0 0.9098039 0.9098039 0.9098039 0 0.9098039 0.9098039 0.9098039 0 0.9098039 0.9098039 0.9098039 0 0.6392157 0.6431373 0.6352941 0 0.9098039 0.9098039 0.9098039 0 0.6392157 0.6431373 0.6352941 0 0.9098039 0.9098039 0.9098039 0 0.9098039 0.9098039 0.9098039 0 0.6117647 0.6117647 0.6117647 0 0.6156863 0.6156863 0.6156863 0 0.9098039 0.9098039 0.9098039 0 0.6156863 0.6156863 0.6156863 0 0.6392157 0.6431373 0.6352941 0 0.9098039 0.9098039 0.9098039 0 0.9098039 0.9098039 0.9098039 0 0.9098039 0.9098039 0.9098039 0 0.9098039 0.9098039 0.9098039 0 0.9098039 0.9098039 0.9098039 0 0.9098039 0.9098039 0.9098039 0 0.9098039 0.9098039 0.9098039 0 0.9098039 0.9098039 0.9098039 0 0.9098039 0.9098039 0.9098039 0 0.9098039 0.9098039 0.9098039 0 0.9098039 0.9098039 0.9098039 0 0.9098039 0.9098039 0.9098039 0 0.9098039 0.9098039 0.9098039 0 0.6392157 0.6431373 0.6352941 0 0.9098039 0.9098039 0.9098039 0 0.9098039 0.9098039 0.9098039 0 0.9098039 0.9098039 0.9098039 0 0.9098039 0.9098039 0.9098039 0 0.9098039 0.9098039 0.9098039 0 0.6156863 0.6156863 0.6156863 0 0.9137255 0.9137255 0.9137255 0 0.6392157 0.6431373 0.6352941 0 0.9137255 0.9137255 0.9137255 0 0.9098039 0.9098039 0.9098039 0 0.6392157 0.6431373 0.6352941 0 0.9098039 0.9098039 0.9098039 0 0.9098039 0.9098039 0.9098039 0 0.9098039 0.9098039 0.9098039 0 0.9098039 0.9098039 0.9098039 0 0.9098039 0.9098039 0.9098039 0 0.9098039 0.9098039 0.9098039 0 0.9098039 0.9098039 0.9098039 0 0.9176471 0.9176471 0.9176471 0 0.9098039 0.9098039 0.9098039 0 0.9176471 0.9176471 0.9176471 0 0.9098039 0.9098039 0.9098039 0 0.9098039 0.9098039 0.9098039 0 0.9098039 0.9098039 0.9098039 0 0.7529412 0.7568628 0.7490196 0 0.9098039 0.9098039 0.9098039 0 0.7529412 0.7568628 0.7490196 0 0.9176471 0.9176471 0.9176471 0 0.9098039 0.9098039 0.9098039 0 0.9137255 0.9137255 0.9137255 0 0.772549 0.772549 0.772549 0 0.9098039 0.9098039 0.9098039 0 0.772549 0.772549 0.772549 0 0.7529412 0.7568628 0.7490196 0 0.9098039 0.9098039 0.9098039 0 0.9098039 0.9098039 0.9098039 0 0.9098039 0.9098039 0.9098039 0 0.9098039 0.9098039 0.9098039 0 0.9098039 0.9098039 0.9098039 0 0.9098039 0.9098039 0.9098039 0 0.9098039 0.9098039 0.9098039 0 0 0 0 0 0 0 0 0 0 0 0 0 0 0 0 0 0 0 0 0 0 0 0 0 0 0 0 0 0 0 0 0 0 0 0 0 0 0 0 0 0 0 0 0 0 0 0 0 0 0 0 0 0 0 0 0 0 0 0 0 0 0 0 0 0 0 0 0 0 0 0 0 0 0 0 0 0 0 0 0 0 0 0 0 0 0 0 0 0 0 0 0 0 0 0 0 0 0 0 0 0 0 0 0 0 0 0 0 0 0 0 0 0 0 0 0 0 0 0 0 0 0 0 0 0 0 0 0 0 0 0 0 0 0 0 0 0 0 0 0 0 0 0 0 0 0 0 0 0 0 0 0 0 0 0 0 0 0 0 0 0 0 0 0 0 0 0 0 0 0 0 0 0 0 0 0 0 0 0 0 0 0 0 0 0 0 0 0 0 0 0 0 0 0 0 0 0 0 0 0 0 0 0 0 0 0 0 0 0 0 0 0 0 0 0 0 0 0 0 0 0 0 0 0 0 0 0 0 0 0 0 0 0 0 0 0 0 0 0 0 0 0 0 0 0 0 0 0 0 0 0 0 0 0 0 0 0 0 0 0 0 0 0 0 0 0 0 0 0 0 0 0 0 0 0 0 0 0 0 0 0 0 0 0 0 0 0 0 0 0 0 0 0 0 0 0 0 0 0 0 0 0 0 0 0 0 0 0 0 0 0 0 0 0 0 0 0 0 0 0 0 0 0 0 0 0 0 0 0 0 0 0 0 0 0 0 0 0 0 0 0 0 0 0 0 0 0 0 0 0 0 0 0 0 0 0 0 0 0 0 0 0 0 0 0 0 0 0 0 0 0 0 0 0 0 0 0 0 0 0 0 0 0 0 0 0 0 0 0 0 0 0 0 0 0 0 0 0 0 0 0 0 0 0 0 0 0 0 0 0 0 0 0 0 0 0 0 0 0 0 0 0 0 0 0 0 0 0 0 0 0 0 0 0 0 0 0 0 0 0 0 0 0 0 0 0 0 0 0 0 0 0 0 0 0 0 0 0 0 0 0 0 0 0 0 0 0 0 0 0 0 0 0 0 0 0 0 0 0 0 0 0 0 0 0 0 0 0 0 0 0 0 0 0 0 0 0 0 0 0 0 0 0 0 0 0 0 0 0 0 0 0 0 0 0 0 0 0 0 0 0 0 0 0 0 0 0 0 0 0 0 0 0 0 0 0 0 0 0 0 0 0 0 0 0 0 0 0 0 0 0 0 0 0 0 0 0 0 0 0 0 0 0 0 0 0 0 0 0 0 0 0 0 0 0 0 0 0 0 0 0 0 0 0 0 0 0 0 0 0 0 0 0 0 0 0 0 0 0 0 0 0 0 0 0 0 0 0 0 0 0 0 0 0 0 0 0 0 0 0 0 0 0 0 0 0 0 0 0 0 0 0 0 0 0 0 0 0 0 0 0 0 0 0 0 0 0 0 0 0 0 0 0 0 0 0 0 0 0 0 0 0 0 0 0 0 0 0 0 0 0 0 0 0 0 0 0 0 0 0 0 0 0 0 0 0 0 0 0 0 0 0 0 0 0 0 0 0 0 0 0 0 0 0 0 0 0 0 0 0 0 0 0 0 0 0 0 0 0 0 0 0 0 0 0 0 0 0 0 0 0 0 0 0 0 0 0 0 0 0 0 0 0 0 0 0 0 0 0 0 0 0 0 0 0 0 0 0 0 0 0 0 0 0 0 0 0 0 0 0 0 0 0 0 0 0 0 0 0 0 0 0 0 0 0 0 0 0 0 0 0 0 0 0 0 0 0 0 0 0 0 0 0 0 0 0 0 0 0 0 0 0 0 0 0 0 0 0 0 0 0 0 0 0 0 0 0 0 0 0 0 0 0 0 0 0 0 0 0 0 0 0 0 0 0 0 0 0 0 0 0 0 0 0 0 0 0 0 0 0 0 0 0 0 0 0 0 0 0 0 0 0 0 0 0 0 0 0 0 0 0 0 0 0 0 0 0 0 0 0 0 0 0 0 0 0 0 0 0 0 0 0 0 0 0 0 0 0 0 0 0 0 0 0 0 0 0 0 0 0 0 0 0 0 0 0 0 0 0 0 0 0 0 0 0 0 0 0 0 0 0 0 0 0 0 0 0 0 0 0 0 0 0 0 0 0 0 0 0 0 0 0 0 0 0 0 0 0 0 0 0 0 0 0 0 0 0 0 0 0 0 0 0 0 0 0 0 0 0 0 0 0 0 0 0 0 0 0 0 0 0 0 0 0 0 0 0 0 0 0 0 0 0 0 0 0 0 0 0 0 0 0 0 0 0 0 0 0 0 0 0 0 0 0 0 0 0 0 0 0 0 0 0 0 0 0 0 0 0 0 0 0 0 0 0 0 0 0 0 0 0 0 0 0 0 0 0 0 0 0 0 0 0 0 0 0 0 0 0 0 0 0 0 0 0 0 0 0 0 0 0 0 0 0 0 0 0 0 0 0 0 0 0 0 0 0 0 0 0 0 0 0 0 0 0 0 0 0 0 0 0 0 0 0 0 0 0 0 0 0 0 0 0 0 0 0 0 0 0 0 0 0 0 0 0 0 0 0 0 0 0 0 0 0 0 0 0 0 0 0 0 0 0 0 0 0 0 0 0 0 0 0 0 0 0 0 0 0 0 0 0 0 0 0 0 0 0 0 0 0 0 0 0 0 0 0 0 0 0 0 0 0 0 0 0 0 0 0 0 0 0 0 0 0 0 0 0 0 0 0 0 0 0 0 0 0 0 0 0 0 0 0 0 0 0 0 0 0 0 0 0 0 0 0 0 0 0 0 0 0 0 0 0 0 0 0 0 0 0 0 0 0 0 0 0 0 0 0 0 0 0 0 0 0 0 0 0 0 0 0 0 0 0 0 0 0 0 0 0 0 0 0 0 0 0 0 0 0 0 0 0 0 0 0 0 0 0 0 0 0 0 0 0 0 0 0 0 0 0 0 0 0 0 0 0 0 0 0 0 0 0 0 0 0 0 0 0 0 0 0 0 0 0 0 0 0 0 0 0 0 0 0 0 0 0 0 0 0 0 0 0 0 0 0 0 0 0 0 0 0 0 0 0 0 0 0 0 0 0 0 0 0 0 0 0 0 0 0 0 0 0 0 0 0 0 0 0 0 0 0 0 0 0 0 0 0 0 0 0 0 0 0 0 0 0 0 0 0 0 0 0 0 0 0 0 0 0 0 0 0 0 0 0 0 0 0 0 0 0 0 0 0 0 0 0 0 0 0 0 0 0 0 0 0 0 0 0 0 0 0 0 0 0 0 0 0 0 0 0 0 0 0 0 0 0 0 0 0 0 0 0 0 0 0 0 0 0 0 0 0 0 0 0 0 0 0 0 0 0 0 0 0 0 0 0 0 0 0 0 0 0 0 0 0 0 0 0 0 0 0 0 0 0 0 0 0 0 0 0 0 0 0 0 0 0 0 0 0 0 0 0 0 0 0 0 0 0 0 0 0 0 0 0 0 0 0 0 0 0 0 0 0 0 0 0 0 0 0 0 0 0 0 0 0 0 0 0 0 0 0 0 0 0 0 0 0 0 0 0 0 0 0 0 0 0 0 0 0 0 0 0 0 0 0 0 0 0 0 0 0 0 0 0 0 0 0 0 0 0 0 0 0 0 0 0 0 0 0 0 0 0 0 0 0 0 0 0 0 0 0 0 0 0 0 0 0 0 0 0 0 0 0 0 0 0 0 0 0 0 0 0 0 0 0 0 0 0 0 0 0 0 0 0 0 0 0 0 0 0 0 0 0 0 0 0 0 0 0 0 0 0 0 0 0 0 0 0 0 0 0 0 0 0 0 0 0 0 0 0 0 0 0 0 0 0 0 0 0 0 0 0 0 0 0 0 0 0 0 0 0 0 0 0 0 0 0 0 0 0 0 0 0 0 0 0 0 0 0 0 0 0 0 0 0 0 0 0 0 0 0 0 0 0 0 0 0 0 0 0 0 0 0 0 0 0 0 0 0 0 0 0 0 0 0 0 0 0 0 0 0 0 0 0 0 0 0 0 0 0 0 0 0 0 0 0 0 0 0 0 0 0 0 0 0 0 0 0 0 0 0 0 0 0 0 0 0 0 0 0 0 0 0 0 0 0 0 0 0 0 0 0 0 0 0 0 0 0 0 0 0 0 0 0 0 0 0 0 0 0 0 0 0 0 0 0 0 0 0 0 0 0 0 0 0 0 0 0 0 0 0 0 0 0 0 0 0 0 0 0 0 0 0 0 0 0 0 0 0 0 0 0 0 0 0 0 0 0 0 0 0 0 0 0 0 0 0 0 0 0 0 0 0 0 0 0 0 0 0 0 0 0 0 0 0 0 0 0 0 0 0 0 0 0 0 0 0 0 0 0 0 0 0 0 0 0 0 0 0 0 0 0 0 0 0 0 0 0 0</float_array>
          <technique_common>
            <accessor source="#slingShotMeshOutline-mesh-colors-Attribute-array" count="1908" stride="4">
              <param name="R" type="float"/>
              <param name="G" type="float"/>
              <param name="B" type="float"/>
              <param name="A" type="float"/>
            </accessor>
          </technique_common>
        </source>
        <vertices id="slingShotMeshOutline-mesh-vertices">
          <input semantic="POSITION" source="#slingShotMeshOutline-mesh-positions"/>
        </vertices>
        <triangles material="Sling_01_0-material" count="636">
          <input semantic="VERTEX" source="#slingShotMeshOutline-mesh-vertices" offset="0"/>
          <input semantic="NORMAL" source="#slingShotMeshOutline-mesh-normals" offset="1"/>
          <input semantic="TEXCOORD" source="#slingShotMeshOutline-mesh-map-0" offset="2" set="0"/>
          <input semantic="COLOR" source="#slingShotMeshOutline-mesh-colors-Attribute" offset="3" set="0"/>
          <p>2 0 0 0 1 1 1 1 0 2 2 2 1 1 3 3 3 3 4 4 0 2 5 5 1 1 6 6 4 4 7 7 3 3 8 8 4 4 9 9 5 5 10 10 3 3 11 11 8 6 12 12 7 7 13 13 6 8 14 14 7 7 15 15 9 9 16 16 6 8 17 17 7 7 18 18 10 10 19 19 9 9 20 20 10 10 21 21 11 11 22 22 9 9 23 23 14 12 24 24 13 13 25 25 12 14 26 26 13 13 27 27 15 15 28 28 12 14 29 29 18 16 30 30 17 17 31 31 16 18 32 32 17 17 33 33 19 19 34 34 16 18 35 35 22 20 36 36 21 21 37 37 20 22 38 38 21 21 39 39 23 23 40 40 20 22 41 41 26 24 42 42 25 25 43 43 24 26 44 44 25 25 45 45 27 27 46 46 24 26 47 47 30 28 48 48 29 29 49 49 28 30 50 50 29 29 51 51 31 31 52 52 28 30 53 53 34 32 54 54 33 33 55 55 32 34 56 56 33 33 57 57 35 35 58 58 32 34 59 59 38 36 60 60 37 37 61 61 36 38 62 62 37 37 63 63 39 39 64 64 36 38 65 65 42 40 66 66 41 41 67 67 40 42 68 68 41 41 69 69 43 43 70 70 40 42 71 71 46 44 72 72 45 45 73 73 44 46 74 74 45 45 75 75 47 47 76 76 44 46 77 77 50 48 78 78 49 49 79 79 48 50 80 80 49 49 81 81 51 51 82 82 48 50 83 83 54 52 84 84 53 53 85 85 52 54 86 86 53 53 87 87 55 55 88 88 52 54 89 89 58 56 90 90 57 57 91 91 56 58 92 92 57 57 93 93 59 59 94 94 56 58 95 95 62 60 96 96 61 61 97 97 60 62 98 98 61 61 99 99 63 63 100 100 60 62 101 101 66 64 102 102 65 65 103 103 64 66 104 104 65 65 105 105 67 67 106 106 64 66 107 107 70 68 108 108 69 69 109 109 68 70 110 110 69 69 111 111 71 71 112 112 68 70 113 113 74 72 114 114 73 73 115 115 72 74 116 116 73 73 117 117 75 75 118 118 72 74 119 119 78 76 120 120 77 77 121 121 76 78 122 122 77 77 123 123 79 79 124 124 76 78 125 125 82 80 126 126 81 81 127 127 80 82 128 128 81 81 129 129 83 83 130 130 80 82 131 131 86 84 132 132 85 85 133 133 84 86 134 134 85 85 135 135 87 87 136 136 84 86 137 137 90 88 138 138 89 89 139 139 88 90 140 140 89 89 141 141 91 91 142 142 88 90 143 143 94 92 144 144 93 93 145 145 92 94 146 146 93 93 147 147 95 95 148 148 92 94 149 149 98 96 150 150 97 97 151 151 96 98 152 152 97 97 153 153 99 99 154 154 96 98 155 155 102 100 156 156 101 101 157 157 100 102 158 158 101 101 159 159 103 103 160 160 100 102 161 161 106 104 162 162 105 105 163 163 104 106 164 164 105 105 165 165 107 107 166 166 104 106 167 167 110 108 168 168 109 109 169 169 108 110 170 170 109 109 171 171 111 111 172 172 108 110 173 173 114 112 174 174 113 113 175 175 112 114 176 176 113 113 177 177 115 115 178 178 112 114 179 179 118 116 180 180 117 117 181 181 116 118 182 182 117 117 183 183 119 119 184 184 116 118 185 185 122 120 186 186 121 121 187 187 120 122 188 188 121 121 189 189 123 123 190 190 120 122 191 191 126 124 192 192 125 125 193 193 124 126 194 194 125 125 195 195 127 127 196 196 124 126 197 197 130 128 198 198 129 129 199 199 128 130 200 200 129 129 201 201 131 131 202 202 128 130 203 203 134 132 204 204 133 133 205 205 132 134 206 206 133 133 207 207 135 135 208 208 132 134 209 209 138 136 210 210 137 137 211 211 136 138 212 212 137 137 213 213 139 139 214 214 136 138 215 215 142 140 216 216 141 141 217 217 140 142 218 218 141 141 219 219 143 143 220 220 140 142 221 221 146 144 222 222 145 145 223 223 144 146 224 224 145 145 225 225 147 147 226 226 144 146 227 227 150 148 228 228 149 149 229 229 148 150 230 230 149 149 231 231 151 151 232 232 148 150 233 233 154 152 234 234 153 153 235 235 152 154 236 236 153 153 237 237 155 155 238 238 152 154 239 239 158 156 240 240 157 157 241 241 156 158 242 242 157 157 243 243 159 159 244 244 156 158 245 245 162 160 246 246 161 161 247 247 160 162 248 248 161 161 249 249 163 163 250 250 160 162 251 251 166 164 252 252 165 165 253 253 164 166 254 254 165 165 255 255 167 167 256 256 164 166 257 257 170 168 258 258 169 169 259 259 168 170 260 260 169 169 261 261 171 171 262 262 168 170 263 263 174 172 264 264 173 173 265 265 172 174 266 266 173 173 267 267 175 175 268 268 172 174 269 269 178 176 270 270 177 177 271 271 176 178 272 272 177 177 273 273 179 179 274 274 176 178 275 275 182 180 276 276 181 181 277 277 180 182 278 278 181 181 279 279 183 183 280 280 180 182 281 281 186 184 282 282 185 185 283 283 184 186 284 284 185 185 285 285 187 187 286 286 184 186 287 287 190 188 288 288 189 189 289 289 188 190 290 290 189 189 291 291 191 191 292 292 188 190 293 293 194 192 294 294 193 193 295 295 192 194 296 296 193 193 297 297 195 195 298 298 192 194 299 299 198 196 300 300 197 197 301 301 196 198 302 302 197 197 303 303 199 199 304 304 196 198 305 305 202 200 306 306 201 201 307 307 200 202 308 308 201 201 309 309 203 203 310 310 200 202 311 311 206 204 312 312 205 205 313 313 204 206 314 314 205 205 315 315 207 207 316 316 204 206 317 317 210 208 318 318 209 209 319 319 208 210 320 320 209 209 321 321 211 211 322 322 208 210 323 323 214 212 324 324 213 213 325 325 212 214 326 326 213 213 327 327 215 215 328 328 212 214 329 329 218 216 330 330 217 217 331 331 216 218 332 332 217 217 333 333 219 219 334 334 216 218 335 335 222 220 336 336 221 221 337 337 220 222 338 338 221 221 339 339 223 223 340 340 220 222 341 341 226 224 342 342 225 225 343 343 224 226 344 344 225 225 345 345 227 227 346 346 224 226 347 347 230 228 348 348 229 229 349 349 228 230 350 350 229 229 351 351 231 231 352 352 228 230 353 353 234 232 354 354 233 233 355 355 232 234 356 356 233 233 357 357 235 235 358 358 232 234 359 359 238 236 360 360 237 237 361 361 236 238 362 362 237 237 363 363 239 239 364 364 236 238 365 365 240 240 366 366 237 237 367 367 238 236 368 368 241 241 369 369 240 240 370 370 238 236 371 371 244 242 372 372 243 243 373 373 242 244 374 374 243 243 375 375 245 245 376 376 242 244 377 377 246 246 378 378 243 243 379 379 244 242 380 380 247 247 381 381 246 246 382 382 244 242 383 383 250 248 384 384 249 249 385 385 248 250 386 386 249 249 387 387 251 251 388 388 248 250 389 389 254 252 390 390 253 253 391 391 252 254 392 392 253 253 393 393 255 255 394 394 252 254 395 395 258 256 396 396 257 257 397 397 256 258 398 398 257 257 399 399 259 259 400 400 256 258 401 401 262 260 402 402 261 261 403 403 260 262 404 404 261 261 405 405 263 263 406 406 260 262 407 407 266 264 408 408 265 265 409 409 264 266 410 410 265 265 411 411 267 267 412 412 264 266 413 413 270 268 414 414 269 269 415 415 268 270 416 416 269 269 417 417 271 271 418 418 268 270 419 419 274 272 420 420 273 273 421 421 272 274 422 422 273 273 423 423 275 275 424 424 272 274 425 425 278 276 426 426 277 277 427 427 276 278 428 428 277 277 429 429 279 279 430 430 276 278 431 431 282 280 432 432 281 281 433 433 280 282 434 434 281 281 435 435 283 283 436 436 280 282 437 437 286 284 438 438 285 285 439 439 284 286 440 440 285 285 441 441 287 287 442 442 284 286 443 443 290 288 444 444 289 289 445 445 288 290 446 446 289 289 447 447 291 291 448 448 288 290 449 449 294 292 450 450 293 293 451 451 292 294 452 452 293 293 453 453 295 295 454 454 292 294 455 455 298 296 456 456 297 297 457 457 296 298 458 458 297 297 459 459 299 299 460 460 296 298 461 461 302 300 462 462 301 301 463 463 300 302 464 464 301 301 465 465 303 303 466 466 300 302 467 467 306 304 468 468 305 305 469 469 304 306 470 470 305 305 471 471 307 307 472 472 304 306 473 473 310 308 474 474 309 309 475 475 308 310 476 476 309 309 477 477 311 311 478 478 308 310 479 479 314 312 480 480 313 313 481 481 312 314 482 482 313 313 483 483 315 315 484 484 312 314 485 485 318 316 486 486 317 317 487 487 316 318 488 488 317 317 489 489 319 319 490 490 316 318 491 491 322 320 492 492 321 321 493 493 320 322 494 494 321 321 495 495 323 323 496 496 320 322 497 497 326 324 498 498 325 325 499 499 324 326 500 500 325 325 501 501 327 327 502 502 324 326 503 503 330 328 504 504 329 329 505 505 328 330 506 506 329 329 507 507 331 331 508 508 328 330 509 509 332 332 510 510 329 329 511 511 330 328 512 512 333 333 513 513 332 332 514 514 330 328 515 515 336 334 516 516 335 335 517 517 334 336 518 518 335 335 519 519 337 337 520 520 334 336 521 521 340 338 522 522 339 339 523 523 338 340 524 524 339 339 525 525 341 341 526 526 338 340 527 527 344 342 528 528 343 343 529 529 342 344 530 530 343 343 531 531 345 345 532 532 342 344 533 533 348 346 534 534 347 347 535 535 346 348 536 536 347 347 537 537 349 349 538 538 346 348 539 539 352 350 540 540 351 351 541 541 350 352 542 542 351 351 543 543 353 353 544 544 350 352 545 545 356 354 546 546 355 355 547 547 354 356 548 548 355 355 549 549 357 357 550 550 354 356 551 551 360 358 552 552 359 359 553 553 358 360 554 554 359 359 555 555 361 361 556 556 358 360 557 557 364 362 558 558 363 363 559 559 362 364 560 560 363 363 561 561 365 365 562 562 362 364 563 563 368 366 564 564 367 367 565 565 366 368 566 566 367 367 567 567 369 369 568 568 366 368 569 569 372 370 570 570 371 371 571 571 370 372 572 572 371 371 573 573 373 373 574 574 370 372 575 575 376 374 576 576 375 375 577 577 374 376 578 578 375 375 579 579 377 377 580 580 374 376 581 581 380 378 582 582 379 379 583 583 378 380 584 584 379 379 585 585 381 381 586 586 378 380 587 587 384 382 588 588 383 383 589 589 382 384 590 590 383 383 591 591 385 385 592 592 382 384 593 593 388 386 594 594 387 387 595 595 386 388 596 596 387 387 597 597 389 389 598 598 386 388 599 599 392 390 600 600 391 391 601 601 390 392 602 602 391 391 603 603 393 393 604 604 390 392 605 605 396 394 606 606 395 395 607 607 394 396 608 608 395 395 609 609 397 397 610 610 394 396 611 611 400 398 612 612 399 399 613 613 398 400 614 614 399 399 615 615 401 401 616 616 398 400 617 617 404 402 618 618 403 403 619 619 402 404 620 620 403 403 621 621 405 405 622 622 402 404 623 623 408 406 624 624 407 407 625 625 406 408 626 626 407 407 627 627 409 409 628 628 406 408 629 629 412 410 630 630 411 411 631 631 410 412 632 632 411 411 633 633 413 413 634 634 410 412 635 635 416 414 636 636 415 415 637 637 414 416 638 638 415 415 639 639 417 417 640 640 414 416 641 641 420 418 642 642 419 419 643 643 418 420 644 644 419 419 645 645 421 421 646 646 418 420 647 647 424 422 648 648 423 423 649 649 422 424 650 650 423 423 651 651 425 425 652 652 422 424 653 653 428 426 654 654 427 427 655 655 426 428 656 656 427 427 657 657 429 429 658 658 426 428 659 659 432 430 660 660 431 431 661 661 430 432 662 662 431 431 663 663 433 433 664 664 430 432 665 665 436 434 666 666 435 435 667 667 434 436 668 668 435 435 669 669 437 437 670 670 434 436 671 671 440 438 672 672 439 439 673 673 438 440 674 674 439 439 675 675 441 441 676 676 438 440 677 677 444 442 678 678 443 443 679 679 442 444 680 680 443 443 681 681 445 445 682 682 442 444 683 683 448 446 684 684 447 447 685 685 446 448 686 686 447 447 687 687 449 449 688 688 446 448 689 689 452 450 690 690 451 451 691 691 450 452 692 692 451 451 693 693 453 453 694 694 450 452 695 695 456 454 696 696 455 455 697 697 454 456 698 698 455 455 699 699 457 457 700 700 454 456 701 701 460 458 702 702 459 459 703 703 458 460 704 704 459 459 705 705 461 461 706 706 458 460 707 707 464 462 708 708 463 463 709 709 462 464 710 710 463 463 711 711 465 465 712 712 462 464 713 713 468 466 714 714 467 467 715 715 466 468 716 716 467 467 717 717 469 469 718 718 466 468 719 719 472 470 720 720 471 471 721 721 470 472 722 722 471 471 723 723 473 473 724 724 470 472 725 725 474 474 726 726 471 471 727 727 472 470 728 728 475 475 729 729 474 474 730 730 472 470 731 731 478 476 732 732 477 477 733 733 476 478 734 734 477 477 735 735 479 479 736 736 476 478 737 737 480 480 738 738 477 477 739 739 478 476 740 740 481 481 741 741 480 480 742 742 478 476 743 743 484 482 744 744 483 483 745 745 482 484 746 746 483 483 747 747 485 485 748 748 482 484 749 749 488 486 750 750 487 487 751 751 486 488 752 752 487 487 753 753 489 489 754 754 486 488 755 755 492 490 756 756 491 491 757 757 490 492 758 758 491 491 759 759 493 493 760 760 490 492 761 761 496 494 762 762 495 495 763 763 494 496 764 764 495 495 765 765 497 497 766 766 494 496 767 767 500 498 768 768 499 499 769 769 498 500 770 770 499 499 771 771 501 501 772 772 498 500 773 773 504 502 774 774 503 503 775 775 502 504 776 776 503 503 777 777 505 505 778 778 502 504 779 779 508 506 780 780 507 507 781 781 506 508 782 782 507 507 783 783 509 509 784 784 506 508 785 785 512 510 786 786 511 511 787 787 510 512 788 788 511 511 789 789 513 513 790 790 510 512 791 791 516 514 792 792 515 515 793 793 514 516 794 794 515 515 795 795 517 517 796 796 514 516 797 797 520 518 798 798 519 519 799 799 518 520 800 800 519 519 801 801 521 521 802 802 518 520 803 803 524 522 804 804 523 523 805 805 522 524 806 806 523 523 807 807 525 525 808 808 522 524 809 809 528 526 810 810 527 527 811 811 526 528 812 812 527 527 813 813 529 529 814 814 526 528 815 815 532 530 816 816 531 531 817 817 530 532 818 818 531 531 819 819 533 533 820 820 530 532 821 821 536 534 822 822 535 535 823 823 534 536 824 824 535 535 825 825 537 537 826 826 534 536 827 827 540 538 828 828 539 539 829 829 538 540 830 830 539 539 831 831 541 541 832 832 538 540 833 833 544 542 834 834 543 543 835 835 542 544 836 836 543 543 837 837 545 545 838 838 542 544 839 839 548 546 840 840 547 547 841 841 546 548 842 842 547 547 843 843 549 549 844 844 546 548 845 845 552 550 846 846 551 551 847 847 550 552 848 848 551 551 849 849 553 553 850 850 550 552 851 851 556 554 852 852 555 555 853 853 554 556 854 854 555 555 855 855 557 557 856 856 554 556 857 857 560 558 858 858 559 559 859 859 558 560 860 860 559 559 861 861 561 561 862 862 558 560 863 863 564 562 864 864 563 563 865 865 562 564 866 866 563 563 867 867 565 565 868 868 562 564 869 869 566 566 870 870 563 563 871 871 564 562 872 872 567 567 873 873 566 566 874 874 564 562 875 875 570 568 876 876 569 569 877 877 568 570 878 878 569 569 879 879 571 571 880 880 568 570 881 881 574 572 882 882 573 573 883 883 572 574 884 884 573 573 885 885 575 575 886 886 572 574 887 887 578 576 888 888 577 577 889 889 576 578 890 890 577 577 891 891 579 579 892 892 576 578 893 893 582 580 894 894 581 581 895 895 580 582 896 896 581 581 897 897 583 583 898 898 580 582 899 899 586 584 900 900 585 585 901 901 584 586 902 902 585 585 903 903 587 587 904 904 584 586 905 905 590 588 906 906 589 589 907 907 588 590 908 908 589 589 909 909 591 591 910 910 588 590 911 911 594 592 912 912 593 593 913 913 592 594 914 914 593 593 915 915 595 595 916 916 592 594 917 917 598 596 918 918 597 597 919 919 596 598 920 920 597 597 921 921 599 599 922 922 596 598 923 923 602 600 924 924 601 601 925 925 600 602 926 926 601 601 927 927 603 603 928 928 600 602 929 929 606 604 930 930 605 605 931 931 604 606 932 932 605 605 933 933 607 607 934 934 604 606 935 935 610 608 936 936 609 609 937 937 608 610 938 938 609 609 939 939 611 611 940 940 608 610 941 941 614 612 942 942 613 613 943 943 612 614 944 944 613 613 945 945 615 615 946 946 612 614 947 947 618 616 948 948 617 617 949 949 616 618 950 950 617 617 951 951 619 619 952 952 616 618 953 953 622 620 954 954 621 621 955 955 620 622 956 956 621 621 957 957 623 623 958 958 620 622 959 959 626 624 960 960 625 625 961 961 624 626 962 962 625 625 963 963 627 627 964 964 624 626 965 965 630 628 966 966 629 629 967 967 628 630 968 968 629 629 969 969 631 631 970 970 628 630 971 971 634 632 972 972 633 633 973 973 632 634 974 974 633 633 975 975 635 635 976 976 632 634 977 977 638 636 978 978 637 637 979 979 636 638 980 980 637 637 981 981 639 639 982 982 636 638 983 983 642 640 984 984 641 641 985 985 640 642 986 986 641 641 987 987 643 643 988 988 640 642 989 989 646 644 990 990 645 645 991 991 644 646 992 992 645 645 993 993 647 647 994 994 644 646 995 995 650 648 996 996 649 649 997 997 648 650 998 998 649 649 999 999 651 651 1000 1000 648 650 1001 1001 654 652 1002 1002 653 653 1003 1003 652 654 1004 1004 653 653 1005 1005 655 655 1006 1006 652 654 1007 1007 658 656 1008 1008 657 657 1009 1009 656 658 1010 1010 657 657 1011 1011 659 659 1012 1012 656 658 1013 1013 662 660 1014 1014 661 661 1015 1015 660 662 1016 1016 661 661 1017 1017 663 663 1018 1018 660 662 1019 1019 666 664 1020 1020 665 665 1021 1021 664 666 1022 1022 665 665 1023 1023 667 667 1024 1024 664 666 1025 1025 670 668 1026 1026 669 669 1027 1027 668 670 1028 1028 669 669 1029 1029 671 671 1030 1030 668 670 1031 1031 674 672 1032 1032 673 673 1033 1033 672 674 1034 1034 673 673 1035 1035 675 675 1036 1036 672 674 1037 1037 678 676 1038 1038 677 677 1039 1039 676 678 1040 1040 677 677 1041 1041 679 679 1042 1042 676 678 1043 1043 682 680 1044 1044 681 681 1045 1045 680 682 1046 1046 681 681 1047 1047 683 683 1048 1048 680 682 1049 1049 686 684 1050 1050 685 685 1051 1051 684 686 1052 1052 685 685 1053 1053 687 687 1054 1054 684 686 1055 1055 690 688 1056 1056 689 689 1057 1057 688 690 1058 1058 689 689 1059 1059 691 691 1060 1060 688 690 1061 1061 694 692 1062 1062 693 693 1063 1063 692 694 1064 1064 693 693 1065 1065 695 695 1066 1066 692 694 1067 1067 698 696 1068 1068 697 697 1069 1069 696 698 1070 1070 697 697 1071 1071 699 699 1072 1072 696 698 1073 1073 697 697 1074 1074 700 700 1075 1075 699 699 1076 1076 700 700 1077 1077 701 701 1078 1078 699 699 1079 1079 704 702 1080 1080 703 703 1081 1081 702 704 1082 1082 703 703 1083 1083 705 705 1084 1084 702 704 1085 1085 703 703 1086 1086 706 706 1087 1087 705 705 1088 1088 706 706 1089 1089 707 707 1090 1090 705 705 1091 1091 710 708 1092 1092 709 709 1093 1093 708 710 1094 1094 709 709 1095 1095 711 711 1096 1096 708 710 1097 1097 714 712 1098 1098 713 713 1099 1099 712 714 1100 1100 713 713 1101 1101 715 715 1102 1102 712 714 1103 1103 718 716 1104 1104 717 717 1105 1105 716 718 1106 1106 717 717 1107 1107 719 719 1108 1108 716 718 1109 1109 722 720 1110 1110 721 721 1111 1111 720 722 1112 1112 721 721 1113 1113 723 723 1114 1114 720 722 1115 1115 726 724 1116 1116 725 725 1117 1117 724 726 1118 1118 725 725 1119 1119 727 727 1120 1120 724 726 1121 1121 730 728 1122 1122 729 729 1123 1123 728 730 1124 1124 729 729 1125 1125 731 731 1126 1126 728 730 1127 1127 734 732 1128 1128 733 733 1129 1129 732 734 1130 1130 733 733 1131 1131 735 735 1132 1132 732 734 1133 1133 738 736 1134 1134 737 737 1135 1135 736 738 1136 1136 737 737 1137 1137 739 739 1138 1138 736 738 1139 1139 742 740 1140 1140 741 741 1141 1141 740 742 1142 1142 741 741 1143 1143 743 743 1144 1144 740 742 1145 1145 746 744 1146 1146 745 745 1147 1147 744 746 1148 1148 745 745 1149 1149 747 747 1150 1150 744 746 1151 1151 750 748 1152 1152 749 749 1153 1153 748 750 1154 1154 749 749 1155 1155 751 751 1156 1156 748 750 1157 1157 754 752 1158 1158 753 753 1159 1159 752 754 1160 1160 753 753 1161 1161 755 755 1162 1162 752 754 1163 1163 758 756 1164 1164 757 757 1165 1165 756 758 1166 1166 757 757 1167 1167 759 759 1168 1168 756 758 1169 1169 762 760 1170 1170 761 761 1171 1171 760 762 1172 1172 761 761 1173 1173 763 763 1174 1174 760 762 1175 1175 766 764 1176 1176 765 765 1177 1177 764 766 1178 1178 765 765 1179 1179 767 767 1180 1180 764 766 1181 1181 770 768 1182 1182 769 769 1183 1183 768 770 1184 1184 769 769 1185 1185 771 771 1186 1186 768 770 1187 1187 774 772 1188 1188 773 773 1189 1189 772 774 1190 1190 773 773 1191 1191 775 775 1192 1192 772 774 1193 1193 778 776 1194 1194 777 777 1195 1195 776 778 1196 1196 777 777 1197 1197 779 779 1198 1198 776 778 1199 1199 782 780 1200 1200 781 781 1201 1201 780 782 1202 1202 781 781 1203 1203 783 783 1204 1204 780 782 1205 1205 786 784 1206 1206 785 785 1207 1207 784 786 1208 1208 785 785 1209 1209 787 787 1210 1210 784 786 1211 1211 790 788 1212 1212 789 789 1213 1213 788 790 1214 1214 789 789 1215 1215 791 791 1216 1216 788 790 1217 1217 789 789 1218 1218 792 792 1219 1219 791 791 1220 1220 792 792 1221 1221 793 793 1222 1222 791 791 1223 1223 796 794 1224 1224 795 795 1225 1225 794 796 1226 1226 795 795 1227 1227 797 797 1228 1228 794 796 1229 1229 800 798 1230 1230 799 799 1231 1231 798 800 1232 1232 799 799 1233 1233 801 801 1234 1234 798 800 1235 1235 804 802 1236 1236 803 803 1237 1237 802 804 1238 1238 803 803 1239 1239 805 805 1240 1240 802 804 1241 1241 808 806 1242 1242 807 807 1243 1243 806 808 1244 1244 807 807 1245 1245 809 809 1246 1246 806 808 1247 1247 812 810 1248 1248 811 811 1249 1249 810 812 1250 1250 811 811 1251 1251 813 813 1252 1252 810 812 1253 1253 816 814 1254 1254 815 815 1255 1255 814 816 1256 1256 815 815 1257 1257 817 817 1258 1258 814 816 1259 1259 820 818 1260 1260 819 819 1261 1261 818 820 1262 1262 819 819 1263 1263 821 821 1264 1264 818 820 1265 1265 824 822 1266 1266 823 823 1267 1267 822 824 1268 1268 823 823 1269 1269 825 825 1270 1270 822 824 1271 1271 828 826 1272 1272 827 827 1273 1273 826 828 1274 1274 827 827 1275 1275 829 829 1276 1276 826 828 1277 1277 832 830 1278 1278 831 831 1279 1279 830 832 1280 1280 831 831 1281 1281 833 833 1282 1282 830 832 1283 1283 836 834 1284 1284 835 835 1285 1285 834 836 1286 1286 835 835 1287 1287 837 837 1288 1288 834 836 1289 1289 840 838 1290 1290 839 839 1291 1291 838 840 1292 1292 839 839 1293 1293 841 841 1294 1294 838 840 1295 1295 844 842 1296 1296 843 843 1297 1297 842 844 1298 1298 843 843 1299 1299 845 845 1300 1300 842 844 1301 1301 848 846 1302 1302 847 847 1303 1303 846 848 1304 1304 847 847 1305 1305 849 849 1306 1306 846 848 1307 1307 852 850 1308 1308 851 851 1309 1309 850 852 1310 1310 851 851 1311 1311 853 853 1312 1312 850 852 1313 1313 856 854 1314 1314 855 855 1315 1315 854 856 1316 1316 855 855 1317 1317 857 857 1318 1318 854 856 1319 1319 860 858 1320 1320 859 859 1321 1321 858 860 1322 1322 859 859 1323 1323 861 861 1324 1324 858 860 1325 1325 864 862 1326 1326 863 863 1327 1327 862 864 1328 1328 863 863 1329 1329 865 865 1330 1330 862 864 1331 1331 868 866 1332 1332 867 867 1333 1333 866 868 1334 1334 867 867 1335 1335 869 869 1336 1336 866 868 1337 1337 872 870 1338 1338 871 871 1339 1339 870 872 1340 1340 871 871 1341 1341 873 873 1342 1342 870 872 1343 1343 876 874 1344 1344 875 875 1345 1345 874 876 1346 1346 875 875 1347 1347 877 877 1348 1348 874 876 1349 1349 880 878 1350 1350 879 879 1351 1351 878 880 1352 1352 879 879 1353 1353 881 881 1354 1354 878 880 1355 1355 884 882 1356 1356 883 883 1357 1357 882 884 1358 1358 883 883 1359 1359 885 885 1360 1360 882 884 1361 1361 888 886 1362 1362 887 887 1363 1363 886 888 1364 1364 887 887 1365 1365 889 889 1366 1366 886 888 1367 1367 892 890 1368 1368 891 891 1369 1369 890 892 1370 1370 891 891 1371 1371 893 893 1372 1372 890 892 1373 1373 896 894 1374 1374 895 895 1375 1375 894 896 1376 1376 895 895 1377 1377 897 897 1378 1378 894 896 1379 1379 900 898 1380 1380 899 899 1381 1381 898 900 1382 1382 899 899 1383 1383 901 901 1384 1384 898 900 1385 1385 904 902 1386 1386 903 903 1387 1387 902 904 1388 1388 903 903 1389 1389 905 905 1390 1390 902 904 1391 1391 908 906 1392 1392 907 907 1393 1393 906 908 1394 1394 907 907 1395 1395 909 909 1396 1396 906 908 1397 1397 912 910 1398 1398 911 911 1399 1399 910 912 1400 1400 911 911 1401 1401 913 913 1402 1402 910 912 1403 1403 916 914 1404 1404 915 915 1405 1405 914 916 1406 1406 915 915 1407 1407 917 917 1408 1408 914 916 1409 1409 920 918 1410 1410 919 919 1411 1411 918 920 1412 1412 919 919 1413 1413 921 921 1414 1414 918 920 1415 1415 924 922 1416 1416 923 923 1417 1417 922 924 1418 1418 923 923 1419 1419 925 925 1420 1420 922 924 1421 1421 928 926 1422 1422 927 927 1423 1423 926 928 1424 1424 927 927 1425 1425 929 929 1426 1426 926 928 1427 1427 932 930 1428 1428 931 931 1429 1429 930 932 1430 1430 931 931 1431 1431 933 933 1432 1432 930 932 1433 1433 934 934 1434 1434 931 931 1435 1435 932 930 1436 1436 934 934 1437 1437 935 935 1438 1438 931 931 1439 1439 935 935 1440 1440 936 936 1441 1441 931 931 1442 1442 935 935 1443 1443 937 937 1444 1444 936 936 1445 1445 937 937 1446 1446 938 938 1447 1447 936 936 1448 1448 939 939 1449 1449 934 934 1450 1450 932 930 1451 1451 939 939 1452 1452 932 930 1453 1453 940 940 1454 1454 940 940 1455 1455 932 930 1456 1456 941 941 1457 1457 932 930 1458 1458 942 942 1459 1459 941 941 1460 1460 940 940 1461 1461 941 941 1462 1462 943 943 1463 1463 944 944 1464 1464 940 940 1465 1465 943 943 1466 1466 945 945 1467 1467 939 939 1468 1468 940 940 1469 1469 945 945 1470 1470 940 940 1471 1471 946 946 1472 1472 940 940 1473 1473 944 944 1474 1474 946 946 1475 1475 947 947 1476 1476 937 937 1477 1477 935 935 1478 1478 948 948 1479 1479 947 947 1480 1480 935 935 1481 1481 948 948 1482 1482 935 935 1483 1483 934 934 1484 1484 949 949 1485 1485 948 948 1486 1486 934 934 1487 1487 949 949 1488 1488 934 934 1489 1489 939 939 1490 1490 950 950 1491 1491 949 949 1492 1492 939 939 1493 1493 950 950 1494 1494 939 939 1495 1495 945 945 1496 1496 951 951 1497 1497 950 950 1498 1498 945 945 1499 1499 951 951 1500 1500 945 945 1501 1501 946 946 1502 1502 941 941 1503 1503 942 942 1504 1504 951 951 1505 1505 942 942 1506 1506 950 950 1507 1507 951 951 1508 1508 952 952 1509 1509 951 951 1510 1510 946 946 1511 1511 943 943 1512 1512 941 941 1513 1513 952 952 1514 1514 941 941 1515 1515 951 951 1516 1516 952 952 1517 1517 953 953 1518 1518 947 947 1519 1519 948 948 1520 1520 954 954 1521 1521 953 953 1522 1522 948 948 1523 1523 954 954 1524 1524 948 948 1525 1525 949 949 1526 1526 955 955 1527 1527 954 954 1528 1528 949 949 1529 1529 942 942 1530 1530 955 955 1531 1531 950 950 1532 1532 955 955 1533 1533 949 949 1534 1534 950 950 1535 1535 956 956 1536 1536 947 947 1537 1537 953 953 1538 1538 956 956 1539 1539 957 957 1540 1540 947 947 1541 1541 957 957 1542 1542 937 937 1543 1543 947 947 1544 1544 957 957 1545 1545 958 958 1546 1546 937 937 1547 1547 958 958 1548 1548 938 938 1549 1549 937 937 1550 1550 958 958 1551 1551 959 959 1552 1552 938 938 1553 1553 959 959 1554 1554 953 953 1555 1555 938 938 1556 1556 959 959 1557 1557 956 956 1558 1558 953 953 1559 1559 960 960 1560 1560 959 959 1561 1561 958 958 1562 1562 961 961 1563 1563 960 960 1564 1564 958 958 1565 1565 961 961 1566 1566 958 958 1567 1567 957 957 1568 1568 962 962 1569 1569 961 961 1570 1570 957 957 1571 1571 962 962 1572 1572 957 957 1573 1573 956 956 1574 1574 963 963 1575 1575 962 962 1576 1576 956 956 1577 1577 960 960 1578 1578 963 963 1579 1579 959 959 1580 1580 963 963 1581 1581 956 956 1582 1582 959 959 1583 1583 964 964 1584 1584 960 960 1585 1585 961 961 1586 1586 965 965 1587 1587 964 964 1588 1588 961 961 1589 1589 965 965 1590 1590 961 961 1591 1591 962 962 1592 1592 966 966 1593 1593 965 965 1594 1594 962 962 1595 1595 966 966 1596 1596 962 962 1597 1597 963 963 1598 1598 964 964 1599 1599 965 965 1600 1600 966 966 1601 1601 967 967 1602 1602 966 966 1603 1603 963 963 1604 1604 964 964 1605 1605 967 967 1606 1606 960 960 1607 1607 967 967 1608 1608 963 963 1609 1609 960 960 1610 1610 967 967 1611 1611 964 964 1612 1612 966 966 1613 1613 970 968 1614 1614 969 969 1615 1615 968 970 1616 1616 969 969 1617 1617 971 971 1618 1618 968 970 1619 1619 969 969 1620 1620 970 968 1621 1621 972 972 1622 1622 973 973 1623 1623 969 969 1624 1624 972 972 1625 1625 974 974 1626 1626 973 973 1627 1627 972 972 1628 1628 975 975 1629 1629 974 974 1630 1630 972 972 1631 1631 968 970 1632 1632 971 971 1633 1633 975 975 1634 1634 971 971 1635 1635 974 974 1636 1636 975 975 1637 1637 970 968 1638 1638 968 970 1639 1639 976 976 1640 1640 977 977 1641 1641 970 968 1642 1642 976 976 1643 1643 977 977 1644 1644 976 976 1645 1645 978 978 1646 1646 979 979 1647 1647 977 977 1648 1648 978 978 1649 1649 979 979 1650 1650 978 978 1651 1651 980 980 1652 1652 981 981 1653 1653 979 979 1654 1654 980 980 1655 1655 981 981 1656 1656 980 980 1657 1657 982 982 1658 1658 983 983 1659 1659 981 981 1660 1660 982 982 1661 1661 983 983 1662 1662 982 982 1663 1663 984 984 1664 1664 985 985 1665 1665 983 983 1666 1666 984 984 1667 1667 985 985 1668 1668 984 984 1669 1669 986 986 1670 1670 987 987 1671 1671 985 985 1672 1672 986 986 1673 1673 988 988 1674 1674 979 979 1675 1675 981 981 1676 1676 989 989 1677 1677 988 988 1678 1678 981 981 1679 1679 989 989 1680 1680 981 981 1681 1681 983 983 1682 1682 990 990 1683 1683 989 989 1684 1684 983 983 1685 1685 990 990 1686 1686 983 983 1687 1687 985 985 1688 1688 991 991 1689 1689 990 990 1690 1690 985 985 1691 1691 991 991 1692 1692 985 985 1693 1693 987 987 1694 1694 992 992 1695 1695 991 991 1696 1696 987 987 1697 1697 993 993 1698 1698 988 988 1699 1699 989 989 1700 1700 994 994 1701 1701 993 993 1702 1702 989 989 1703 1703 994 994 1704 1704 989 989 1705 1705 990 990 1706 1706 995 995 1707 1707 994 994 1708 1708 990 990 1709 1709 995 995 1710 1710 990 990 1711 1711 991 991 1712 1712 982 982 1713 1713 980 980 1714 1714 995 995 1715 1715 980 980 1716 1716 994 994 1717 1717 995 995 1718 1718 996 996 1719 1719 995 995 1720 1720 991 991 1721 1721 996 996 1722 1722 991 991 1723 1723 992 992 1724 1724 984 984 1725 1725 982 982 1726 1726 996 996 1727 1727 982 982 1728 1728 995 995 1729 1729 996 996 1730 1730 997 997 1731 1731 996 996 1732 1732 992 992 1733 1733 986 986 1734 1734 984 984 1735 1735 997 997 1736 1736 984 984 1737 1737 996 996 1738 1738 997 997 1739 1739 978 978 1740 1740 993 993 1741 1741 994 994 1742 1742 980 980 1743 1743 978 978 1744 1744 994 994 1745 1745 998 998 1746 1746 987 987 1747 1747 986 986 1748 1748 999 999 1749 1749 998 998 1750 1750 986 986 1751 1751 999 999 1752 1752 986 986 1753 1753 997 997 1754 1754 998 998 1755 1755 1000 1000 1756 1756 987 987 1757 1757 1000 1000 1758 1758 992 992 1759 1759 987 987 1760 1760 1000 1000 1761 1761 1001 1001 1762 1762 992 992 1763 1763 1001 1001 1764 1764 997 997 1765 1765 992 992 1766 1766 1001 1001 1767 1767 999 999 1768 1768 997 997 1769 1769 1002 1002 1770 1770 998 998 1771 1771 999 999 1772 1772 1003 1003 1773 1773 1002 1002 1774 1774 999 999 1775 1775 1003 1003 1776 1776 999 999 1777 1777 1001 1001 1778 1778 1002 1002 1779 1779 1004 1004 1780 1780 998 998 1781 1781 1004 1004 1782 1782 1000 1000 1783 1783 998 998 1784 1784 1004 1004 1785 1785 1005 1005 1786 1786 1000 1000 1787 1787 1005 1005 1788 1788 1001 1001 1789 1789 1000 1000 1790 1790 1005 1005 1791 1791 1003 1003 1792 1792 1001 1001 1793 1793 978 978 1794 1794 976 976 1795 1795 993 993 1796 1796 976 976 1797 1797 1006 1006 1798 1798 993 993 1799 1799 976 976 1800 1800 968 970 1801 1801 1006 1006 1802 1802 968 970 1803 1803 975 975 1804 1804 1006 1006 1805 1805 1006 1006 1806 1806 975 975 1807 1807 1007 1007 1808 1808 1006 1006 1809 1809 1007 1007 1810 1810 988 988 1811 1811 993 993 1812 1812 1006 1006 1813 1813 988 988 1814 1814 988 988 1815 1815 1007 1007 1816 1816 979 979 1817 1817 1007 1007 1818 1818 977 977 1819 1819 979 979 1820 1820 975 975 1821 1821 972 972 1822 1822 1007 1007 1823 1823 972 972 1824 1824 970 968 1825 1825 1007 1007 1826 1826 970 968 1827 1827 977 977 1828 1828 1007 1007 1829 1829 1008 1008 1830 1830 1002 1002 1831 1831 1003 1003 1832 1832 1009 1009 1833 1833 1008 1008 1834 1834 1003 1003 1835 1835 1009 1009 1836 1836 1003 1003 1837 1837 1005 1005 1838 1838 1010 1010 1839 1839 1005 1005 1840 1840 1004 1004 1841 1841 1010 1010 1842 1842 1009 1009 1843 1843 1005 1005 1844 1844 1009 1009 1845 1845 1010 1010 1846 1846 1008 1008 1847 1847 1011 1011 1848 1848 1010 1010 1849 1849 1004 1004 1850 1850 1010 1010 1851 1851 1011 1011 1852 1852 1008 1008 1853 1853 1008 1008 1854 1854 1011 1011 1855 1855 1002 1002 1856 1856 1011 1011 1857 1857 1004 1004 1858 1858 1002 1002 1859 1859 1013 1012 1860 1860 944 944 1861 1861 1012 1013 1862 1862 944 944 1863 1863 943 943 1864 1864 1012 1013 1865 1865 1012 1013 1866 1866 943 943 1867 1867 1014 1014 1868 1868 943 943 1869 1869 952 952 1870 1870 1014 1014 1871 1871 1014 1014 1872 1872 952 952 1873 1873 1015 1015 1874 1874 944 944 1875 1875 1013 1012 1876 1876 1015 1015 1877 1877 952 952 1878 1878 946 946 1879 1879 1015 1015 1880 1880 946 946 1881 1881 944 944 1882 1882 1015 1015 1883 1883 1013 1012 1884 1884 1012 1013 1885 1885 971 971 1886 1886 969 969 1887 1887 1013 1012 1888 1888 971 971 1889 1889 1015 1015 1890 1890 1013 1012 1891 1891 969 969 1892 1892 971 971 1893 1893 1012 1013 1894 1894 974 974 1895 1895 1012 1013 1896 1896 1014 1014 1897 1897 974 974 1898 1898 974 974 1899 1899 1014 1014 1900 1900 973 973 1901 1901 1014 1014 1902 1902 1015 1015 1903 1903 973 973 1904 1904 973 973 1905 1905 1015 1015 1906 1906 969 969 1907 1907</p>
        </triangles>
      </mesh>
    </geometry>
    <geometry id="slingShotMesh-mesh" name="slingShotMesh">
      <mesh>
        <source id="slingShotMesh-mesh-positions">
          <float_array id="slingShotMesh-mesh-positions-array" count="3240">-0.9724285 0.05730694 -1.43209e-6 -0.6202608 0.7290315 -0.6253256 -0.8751788 0.7392333 3.87053e-6 -0.685321 0.04724806 -0.6631518 -0.4815156 2.469821 -0.5076056 -0.6603887 2.480707 3.99753e-6 -0.685321 0.04724806 -0.6631518 1.08636e-6 0.7195711 -0.8849939 -0.6202608 0.7290315 -0.6253256 0 0.03698885 -0.9372655 9.81552e-7 2.463206 -0.7313801 -0.4815156 2.469821 -0.5076056 -0.6603887 2.480707 3.99753e-6 -0.4360849 3.554512 -0.4691253 -0.5546052 3.576533 3.98437e-6 -0.4815156 2.469821 -0.5076056 -0.4815156 2.469821 -0.5076056 9.44197e-7 3.55872 -0.6997722 -0.4360849 3.554512 -0.4691253 9.81552e-7 2.463206 -0.7313801 -0.5546052 3.576533 3.98437e-6 -0.4748418 4.069279 -0.4875739 -0.546266 4.173092 3.98524e-6 -0.4360849 3.554512 -0.4691253 -0.4360849 3.554512 -0.4691253 9.06829e-7 3.984669 -0.7905982 -0.4748418 4.069279 -0.4875739 9.44197e-7 3.55872 -0.6997722 -0.4256646 5.066675 4.01393e-6 -0.5682209 4.718991 -0.8450989 -0.4231141 5.163753 -0.781622 -0.552059 4.632721 3.99895e-6 -0.5682209 4.718991 -0.8450989 -0.5490491 4.294675 3.98524e-6 -0.472347 4.310922 -0.6963399 -0.552059 4.632721 3.99895e-6 -0.472347 4.310922 -0.6963399 -0.546266 4.173092 3.98524e-6 -0.4748418 4.069279 -0.4875739 -0.5490491 4.294675 3.98524e-6 9.30966e-7 5.275821 3.98397e-6 -0.4231141 5.163753 -0.781622 1.00866e-6 5.361211 -0.7410194 -0.4256646 5.066675 4.01393e-6 -0.4231141 5.163753 -0.781622 -0.5704903 5.02901 -1.640591 -0.42225 5.409523 -1.482506 -0.5682209 4.718991 -0.8450989 -0.5682209 4.718991 -0.8450989 -0.4091697 4.641468 -1.763978 -0.5704903 5.02901 -1.640591 -0.472347 4.310922 -0.6963399 -0.472347 4.310922 -0.6963399 8.9299e-7 4.483169 -1.817599 -0.4091697 4.641468 -1.763978 9.55291e-7 4.089836 -0.8753035 1.00866e-6 5.361211 -0.7410194 -0.42225 5.409523 -1.482506 1.17993e-6 5.583755 -1.409846 -0.4231141 5.163753 -0.781622 -0.42225 5.409523 -1.482506 -0.5764451 5.568417 -2.212764 -0.4144662 5.885301 -1.943794 -0.5704903 5.02901 -1.640591 -0.5704903 5.02901 -1.640591 -0.40556 5.253619 -2.461742 -0.5764451 5.568417 -2.212764 -0.4091697 4.641468 -1.763978 -0.4091697 4.641468 -1.763978 9.42153e-7 5.127635 -2.560119 -0.40556 5.253619 -2.461742 8.9299e-7 4.483169 -1.817599 1.17993e-6 5.583755 -1.409846 -0.4144662 5.885301 -1.943794 1.04576e-6 6.017611 -1.825958 -0.42225 5.409523 -1.482506 -0.4144662 5.885301 -1.943794 -0.578328 6.308578 -2.638543 -0.4092174 6.536371 -2.289934 -0.5764451 5.568417 -2.212764 -0.5764451 5.568417 -2.212764 -0.4102272 6.080884 -2.977384 -0.578328 6.308578 -2.638543 -0.40556 5.253619 -2.461742 -0.40556 5.253619 -2.461742 1.3229e-6 5.993146 -3.117498 -0.4102272 6.080884 -2.977384 9.42153e-7 5.127635 -2.560119 1.04576e-6 6.017611 -1.825958 -0.4092174 6.536371 -2.289934 6.7422e-7 6.630433 -2.142241 -0.4144662 5.885301 -1.943794 -0.4092174 6.536371 -2.289934 -0.5631366 7.234195 -2.84564 -0.3867679 7.38358 -2.485134 -0.578328 6.308578 -2.638543 -0.578328 6.308578 -2.638543 -0.4020159 7.090335 -3.240505 -0.5631366 7.234195 -2.84564 -0.4102272 6.080884 -2.977384 -0.4102272 6.080884 -2.977384 1.33941e-6 7.037264 -3.391156 -0.4020159 7.090335 -3.240505 1.3229e-6 5.993146 -3.117498 6.7422e-7 6.630433 -2.142241 -0.3867679 7.38358 -2.485134 -0.03490394 7.435482 -2.332914 -0.4092174 6.536371 -2.289934 -0.3867679 7.38358 -2.485134 -0.5296539 7.710211 -2.843593 -0.0885601 7.822673 -2.553482 -0.5631366 7.234195 -2.84564 -0.5631366 7.234195 -2.84564 -0.3840215 7.69893 -3.284998 -0.5296539 7.710211 -2.843593 -0.4020159 7.090335 -3.240505 -0.4020159 7.090335 -3.240505 7.94173e-7 7.698748 -3.435625 -0.3840215 7.69893 -3.284998 1.33941e-6 7.037264 -3.391156 -0.03490394 7.435482 -2.332914 -0.0885601 7.822673 -2.553482 -0.1530438 7.814689 -2.410791 -0.03490394 7.435482 -2.332914 -0.3867679 7.38358 -2.485134 -0.5330889 9.055845 -2.833497 1.28097e-6 9.158823 -2.868204 -0.3705503 9.064438 -2.44193 -0.3827463 9.048578 -3.226884 1.49309e-6 9.044122 -3.390524 1.28097e-6 9.158823 -2.868204 -0.3827463 9.048578 -3.226884 0.3827481 9.048573 -3.226888 1.28097e-6 9.158823 -2.868204 7.91688e-7 9.064407 -2.271969 -0.3705503 9.064438 -2.44193 0.370552 9.064442 -2.441936 9.55291e-7 4.089836 -0.8753035 -0.4748418 4.069279 -0.4875739 9.06829e-7 3.984669 -0.7905982 -0.472347 4.310922 -0.6963399 -0.0885601 7.822673 -2.553482 -0.6218082 7.776436 -2.872097 -0.1605412 7.832993 -2.555513 -0.5296539 7.710211 -2.843593 -0.5296539 7.710211 -2.843593 -0.4607084 7.78381 -3.350115 -0.6218082 7.776436 -2.872097 -0.3840215 7.69893 -3.284998 -0.3840215 7.69893 -3.284998 1.3353e-6 7.780797 -3.531541 -0.4607084 7.78381 -3.350115 7.94173e-7 7.698748 -3.435625 -0.1530438 7.814689 -2.410791 -0.1605412 7.832993 -2.555513 -0.05625951 7.801357 -2.302389 -0.1530438 7.814689 -2.410791 -0.0885601 7.822673 -2.553482 -0.1605412 7.832993 -2.555513 -0.1605412 7.832993 -2.555513 -0.6600723 8.475574 -2.871148 -0.4569706 8.473447 -2.4245 -0.6218082 7.776436 -2.872097 -0.6218082 7.776436 -2.872097 -0.4787442 8.472264 -3.37153 -0.6600723 8.475574 -2.871148 -0.4607084 7.78381 -3.350115 -0.4607084 7.78381 -3.350115 1.60618e-6 8.464418 -3.567935 -0.4787442 8.472264 -3.37153 1.3353e-6 7.780797 -3.531541 -0.05625951 7.801357 -2.302389 -0.4569706 8.473447 -2.4245 -0.02384072 8.491882 -2.228162 -0.05625951 7.801357 -2.302389 -0.1605412 7.832993 -2.555513 -0.4569706 8.473447 -2.4245 -0.6034721 8.551391 -2.88937 -0.4192575 8.551986 -2.4581 -0.6600723 8.475574 -2.871148 -0.6600723 8.475574 -2.871148 -0.4338364 8.548319 -3.324893 -0.6034721 8.551391 -2.88937 -0.4787442 8.472264 -3.37153 -0.4787442 8.472264 -3.37153 1.32572e-6 8.542693 -3.504146 -0.4338364 8.548319 -3.324893 1.60618e-6 8.464418 -3.567935 -0.02384072 8.491882 -2.228162 -0.4192575 8.551986 -2.4581 9.01596e-7 8.555607 -2.273227 -0.4569706 8.473447 -2.4245 -0.4192575 8.551986 -2.4581 -0.5685689 8.951436 -2.862025 -0.3908795 8.96746 -2.450746 -0.6034721 8.551391 -2.88937 -0.6034721 8.551391 -2.88937 -0.4135353 8.934768 -3.281264 -0.5685689 8.951436 -2.862025 -0.4338364 8.548319 -3.324893 -0.4338364 8.548319 -3.324893 -1.57102e-7 8.928421 -3.455547 -0.4135353 8.934768 -3.281264 1.32572e-6 8.542693 -3.504146 9.01596e-7 8.555607 -2.273227 -0.3908795 8.96746 -2.450746 3.53597e-7 8.971287 -2.273843 -0.4192575 8.551986 -2.4581 -0.3908795 8.96746 -2.450746 -0.4898666 8.991971 -2.881652 -0.356476 8.997418 -2.51003 -0.5685689 8.951436 -2.862025 -0.5685689 8.951436 -2.862025 -0.3405961 8.984418 -3.225535 -0.4898666 8.991971 -2.881652 -0.4135353 8.934768 -3.281264 -0.4135353 8.934768 -3.281264 -9.19183e-7 8.979401 -3.364221 -0.3405961 8.984418 -3.225535 -1.57102e-7 8.928421 -3.455547 3.53597e-7 8.971287 -2.273843 -0.356476 8.997418 -2.51003 0 9.003412 -2.3431 -0.3908795 8.96746 -2.450746 -0.356476 8.997418 -2.51003 -0.5330889 9.055845 -2.833497 -0.3705503 9.064438 -2.44193 -0.4898666 8.991971 -2.881652 -0.5330889 9.055845 -2.833497 -0.4898666 8.991971 -2.881652 -0.3827463 9.048578 -3.226884 -0.5330889 9.055845 -2.833497 -0.3405961 8.984418 -3.225535 -0.3405961 8.984418 -3.225535 1.49309e-6 9.044122 -3.390524 -0.3827463 9.048578 -3.226884 -0.3405961 8.984418 -3.225535 -9.19183e-7 8.979401 -3.364221 1.49309e-6 9.044122 -3.390524 0 9.003412 -2.3431 -0.3705503 9.064438 -2.44193 7.91688e-7 9.064407 -2.271969 -0.356476 8.997418 -2.51003 -0.3705503 9.064438 -2.44193 -0.9724285 0.05730694 -1.43209e-6 -0.620261 0.7290291 0.6253333 -0.6853221 0.04724967 0.6631588 -0.8751788 0.7392333 3.87053e-6 -0.4815155 2.46982 0.5076132 -0.6603887 2.480707 3.99753e-6 -0.6853221 0.04724967 0.6631588 9.85508e-7 0.7195713 0.8850017 9.20835e-7 0.03699332 0.9372729 -0.620261 0.7290291 0.6253333 9.40361e-7 2.463205 0.7313878 -0.4815155 2.46982 0.5076132 -0.6603887 2.480707 3.99753e-6 -0.4360849 3.554512 0.469133 -0.4815155 2.46982 0.5076132 -0.5546052 3.576533 3.98437e-6 -0.4815155 2.46982 0.5076132 9.81795e-7 3.55872 0.6997807 9.40361e-7 2.463205 0.7313878 -0.4360849 3.554512 0.469133 -0.5546052 3.576533 3.98437e-6 -0.4748417 4.069279 0.4875824 -0.4360849 3.554512 0.469133 -0.546266 4.173092 3.98524e-6 -0.4360849 3.554512 0.469133 1.13931e-6 3.984669 0.7906054 9.81795e-7 3.55872 0.6997807 -0.4748417 4.069279 0.4875824 -0.4256646 5.066675 4.01393e-6 -0.5682209 4.718991 0.8451073 -0.552059 4.632721 3.99895e-6 -0.4231141 5.163753 0.7816293 -0.5682209 4.718991 0.8451073 -0.5490491 4.294675 3.98524e-6 -0.552059 4.632721 3.99895e-6 -0.4723469 4.310922 0.6963485 -0.4723469 4.310922 0.6963485 -0.546266 4.173092 3.98524e-6 -0.5490491 4.294675 3.98524e-6 -0.4748417 4.069279 0.4875824 9.30966e-7 5.275821 3.98397e-6 -0.4231141 5.163753 0.7816293 -0.4256646 5.066675 4.01393e-6 8.93197e-7 5.361211 0.7410276 -0.4231141 5.163753 0.7816293 -0.57049 5.029009 1.640599 -0.5682209 4.718991 0.8451073 -0.42225 5.409523 1.482514 -0.5682209 4.718991 0.8451073 -0.4091697 4.641468 1.763983 -0.4723469 4.310922 0.6963485 -0.57049 5.029009 1.640599 -0.4723469 4.310922 0.6963485 1.03546e-6 4.483169 1.817606 1.12333e-6 4.089836 0.8753116 -0.4091697 4.641468 1.763983 8.93197e-7 5.361211 0.7410276 -0.42225 5.409523 1.482514 -0.4231141 5.163753 0.7816293 9.8947e-7 5.583755 1.409854 -0.42225 5.409523 1.482514 -0.5764451 5.568417 2.212776 -0.57049 5.029009 1.640599 -0.4144662 5.8853 1.9438 -0.57049 5.029009 1.640599 -0.4055598 5.25362 2.461754 -0.4091697 4.641468 1.763983 -0.5764451 5.568417 2.212776 -0.4091697 4.641468 1.763983 1.18801e-6 5.127634 2.560128 1.03546e-6 4.483169 1.817606 -0.4055598 5.25362 2.461754 9.8947e-7 5.583755 1.409854 -0.4144662 5.8853 1.9438 -0.42225 5.409523 1.482514 1.34357e-6 6.017609 1.825965 -0.4144662 5.8853 1.9438 -0.578328 6.308577 2.638551 -0.5764451 5.568417 2.212776 -0.4092178 6.536371 2.289942 -0.5764451 5.568417 2.212776 -0.4102271 6.080883 2.97739 -0.4055598 5.25362 2.461754 -0.578328 6.308577 2.638551 -0.4055598 5.25362 2.461754 1.37558e-6 5.993147 3.117507 1.18801e-6 5.127634 2.560128 -0.4102271 6.080883 2.97739 1.34357e-6 6.017609 1.825965 -0.4092178 6.536371 2.289942 -0.4144662 5.8853 1.9438 1.39176e-6 6.630435 2.142248 -0.4092178 6.536371 2.289942 -0.5640078 7.222437 2.861549 -0.578328 6.308577 2.638551 -0.3904598 7.355654 2.482053 -0.5421191 7.710003 2.907108 -0.3761962 7.724474 2.531626 -0.578328 6.308577 2.638551 -0.402015 7.090332 3.240518 -0.4102271 6.080883 2.97739 -0.5640078 7.222437 2.861549 -0.4102271 6.080883 2.97739 1.30051e-6 7.037266 3.391163 1.37558e-6 5.993147 3.117507 -0.402015 7.090332 3.240518 1.39176e-6 6.630435 2.142248 -0.3904598 7.355654 2.482053 -0.4092178 6.536371 2.289942 1.08885e-6 7.411128 2.325323 -0.5640078 7.222437 2.861549 -0.3840197 7.698927 3.285005 -0.402015 7.090332 3.240518 -0.5421191 7.710003 2.907108 -0.402015 7.090332 3.240518 1.63418e-6 7.698747 3.435629 1.30051e-6 7.037266 3.391163 -0.3840197 7.698927 3.285005 1.08885e-6 7.411128 2.325323 -0.3761962 7.724474 2.531626 -0.3904598 7.355654 2.482053 1.61137e-6 7.727182 2.376476 7.84003e-7 8.965517 2.868206 -0.5330933 8.862511 2.833502 -0.3705507 8.871111 2.441938 -0.382747 8.855262 3.226893 7.84003e-7 8.965517 2.868206 1.02037e-6 8.8508 3.390532 -0.382747 8.855262 3.226893 0.3827478 8.855264 3.226891 1.31296e-6 8.871099 2.271981 7.84003e-7 8.965517 2.868206 -0.3705507 8.871111 2.441938 0.3705533 8.871111 2.441942 1.12333e-6 4.089836 0.8753116 -0.4748417 4.069279 0.4875824 -0.4723469 4.310922 0.6963485 1.13931e-6 3.984669 0.7906054 -0.3761962 7.724474 2.531626 -0.6333832 7.790276 2.907843 -0.5421191 7.710003 2.907108 -0.4317418 7.795315 2.475802 -0.5421191 7.710003 2.907108 -0.4607084 7.783803 3.350121 -0.3840197 7.698927 3.285005 -0.6333832 7.790276 2.907843 -0.3840197 7.698927 3.285005 1.1836e-6 7.780796 3.531553 1.63418e-6 7.698747 3.435629 -0.4607084 7.783803 3.350121 1.61137e-6 7.727182 2.376476 -0.4317418 7.795315 2.475802 -0.3761962 7.724474 2.531626 1.31937e-6 7.795606 2.297518 -0.4317418 7.795315 2.475802 -0.6580866 8.486736 2.894934 -0.6333832 7.790276 2.907843 -0.4495391 8.496858 2.426184 -0.6333832 7.790276 2.907843 -0.4787467 8.472261 3.371531 -0.4607084 7.783803 3.350121 -0.6580866 8.486736 2.894934 -0.4607084 7.783803 3.350121 1.20564e-6 8.464422 3.567943 1.1836e-6 7.780796 3.531553 -0.4787467 8.472261 3.371531 1.31937e-6 7.795606 2.297518 -0.4495391 8.496858 2.426184 -0.4317418 7.795315 2.475802 7.82706e-7 8.501097 2.229634 -0.4495391 8.496858 2.426184 -0.6026596 8.553149 2.892008 -0.6580866 8.486736 2.894934 -0.4225561 8.545249 2.45775 -0.6580866 8.486736 2.894934 -0.4299674 8.555215 3.323278 -0.4787467 8.472261 3.371531 -0.6026596 8.553149 2.892008 -0.4787467 8.472261 3.371531 1.3092e-6 8.551056 3.499428 1.20564e-6 8.464422 3.567943 -0.4299674 8.555215 3.323278 7.82706e-7 8.501097 2.229634 -0.4225561 8.545249 2.45775 -0.4495391 8.496858 2.426184 1.21038e-6 8.543927 2.268957 -0.4225561 8.545249 2.45775 -0.5683048 8.758271 2.857927 -0.6026596 8.553149 2.892008 -0.391869 8.768047 2.444964 -0.6026596 8.553149 2.892008 -0.4113484 8.747468 3.27622 -0.4299674 8.555215 3.323278 -0.5683048 8.758271 2.857927 -0.4299674 8.555215 3.323278 -1.05834e-6 8.743014 3.448776 1.3092e-6 8.551056 3.499428 -0.4113484 8.747468 3.27622 1.21038e-6 8.543927 2.268957 -0.391869 8.768047 2.444964 -0.4225561 8.545249 2.45775 4.66001e-7 8.769266 2.267366 -0.391869 8.768047 2.444964 -0.4898544 8.798651 2.881664 -0.5683048 8.758271 2.857927 -0.3564684 8.804102 2.510038 -0.5683048 8.758271 2.857927 -0.3405946 8.791113 3.225536 -0.4113484 8.747468 3.27622 -0.4898544 8.798651 2.881664 -0.4113484 8.747468 3.27622 -1.81107e-6 8.786088 3.364217 -1.05834e-6 8.743014 3.448776 -0.3405946 8.791113 3.225536 4.66001e-7 8.769266 2.267366 -0.3564684 8.804102 2.510038 -0.391869 8.768047 2.444964 -5.09977e-7 8.810091 2.3431 -0.3564684 8.804102 2.510038 -0.5330933 8.862511 2.833502 -0.4898544 8.798651 2.881664 -0.3705507 8.871111 2.441938 -0.5330933 8.862511 2.833502 -0.4898544 8.798651 2.881664 -0.382747 8.855262 3.226893 -0.3405946 8.791113 3.225536 -0.5330933 8.862511 2.833502 -0.3405946 8.791113 3.225536 1.02037e-6 8.8508 3.390532 -1.81107e-6 8.786088 3.364217 -0.3405946 8.791113 3.225536 -0.382747 8.855262 3.226893 1.02037e-6 8.8508 3.390532 -5.09977e-7 8.810091 2.3431 -0.3705507 8.871111 2.441938 -0.3564684 8.804102 2.510038 1.31296e-6 8.871099 2.271981 -0.3705507 8.871111 2.441938 0.9724304 0.05730831 4.84955e-6 0.620263 0.7290314 -0.6253256 0.6853236 0.04725432 -0.6631518 0.875181 0.7392325 4.15284e-6 0.4815177 2.46982 -0.5076054 0.6603907 2.480707 4.03533e-6 0.6853236 0.04725432 -0.6631518 1.08636e-6 0.7195711 -0.8849939 0 0.03698885 -0.9372655 0.620263 0.7290314 -0.6253256 9.81552e-7 2.463206 -0.7313801 0.4815177 2.46982 -0.5076054 0.6603907 2.480707 4.03533e-6 0.4360871 3.554512 -0.4691254 0.4815177 2.46982 -0.5076054 0.5546073 3.576533 4.02536e-6 0.4815177 2.46982 -0.5076054 9.44197e-7 3.55872 -0.6997722 9.81552e-7 2.463206 -0.7313801 0.4360871 3.554512 -0.4691254 0.5546073 3.576533 4.02536e-6 0.4748438 4.069279 -0.4875743 0.4360871 3.554512 -0.4691254 0.5462681 4.173092 4.05522e-6 0.4360871 3.554512 -0.4691254 9.06829e-7 3.984669 -0.7905982 9.44197e-7 3.55872 -0.6997722 0.4748438 4.069279 -0.4875743 0.4256666 5.066675 3.96838e-6 0.5682221 4.718991 -0.8450993 0.5520612 4.632721 3.99371e-6 0.4231163 5.163753 -0.7816218 0.5682221 4.718991 -0.8450993 0.549051 4.294676 4.03978e-6 0.5520612 4.632721 3.99371e-6 0.4723492 4.310922 -0.6963399 0.4723492 4.310922 -0.6963399 0.5462681 4.173092 4.05522e-6 0.549051 4.294676 4.03978e-6 0.4723492 4.310922 -0.6963399 0.4748438 4.069279 -0.4875743 0.5462681 4.173092 4.05522e-6 9.30966e-7 5.275821 3.98397e-6 0.4231163 5.163753 -0.7816218 0.4256666 5.066675 3.96838e-6 1.00866e-6 5.361211 -0.7410194 0.4231163 5.163753 -0.7816218 0.5704924 5.02901 -1.640592 0.5682221 4.718991 -0.8450993 0.4222515 5.409523 -1.482506 0.5682221 4.718991 -0.8450993 0.4091717 4.641468 -1.763977 0.4723492 4.310922 -0.6963399 0.5704924 5.02901 -1.640592 0.4723492 4.310922 -0.6963399 8.9299e-7 4.483169 -1.817599 9.55291e-7 4.089836 -0.8753035 0.4091717 4.641468 -1.763977 1.00866e-6 5.361211 -0.7410194 0.4222515 5.409523 -1.482506 0.4231163 5.163753 -0.7816218 1.17993e-6 5.583755 -1.409846 0.4222515 5.409523 -1.482506 0.5764472 5.568417 -2.212764 0.5704924 5.02901 -1.640592 0.4144681 5.8853 -1.943794 0.5704924 5.02901 -1.640592 0.4055621 5.25362 -2.461745 0.4091717 4.641468 -1.763977 0.5764472 5.568417 -2.212764 0.4091717 4.641468 -1.763977 9.42153e-7 5.127635 -2.560119 8.9299e-7 4.483169 -1.817599 0.4055621 5.25362 -2.461745 1.17993e-6 5.583755 -1.409846 0.4144681 5.8853 -1.943794 0.4222515 5.409523 -1.482506 1.04576e-6 6.017611 -1.825958 0.4144681 5.8853 -1.943794 0.5783301 6.308578 -2.638544 0.5764472 5.568417 -2.212764 0.4092194 6.536372 -2.289934 0.5764472 5.568417 -2.212764 0.410229 6.080883 -2.977381 0.4055621 5.25362 -2.461745 0.5783301 6.308578 -2.638544 0.4055621 5.25362 -2.461745 1.3229e-6 5.993146 -3.117498 9.42153e-7 5.127635 -2.560119 0.410229 6.080883 -2.977381 1.04576e-6 6.017611 -1.825958 0.4092194 6.536372 -2.289934 0.4144681 5.8853 -1.943794 6.7422e-7 6.630433 -2.142241 0.4092194 6.536372 -2.289934 0.5640099 7.222437 -2.861541 0.5783301 6.308578 -2.638544 0.390461 7.355655 -2.482042 0.5421222 7.710004 -2.907102 0.3761979 7.724473 -2.531617 0.5783301 6.308578 -2.638544 0.4020172 7.090335 -3.240505 0.410229 6.080883 -2.977381 0.5640099 7.222437 -2.861541 0.410229 6.080883 -2.977381 1.33941e-6 7.037264 -3.391156 1.3229e-6 5.993146 -3.117498 0.4020172 7.090335 -3.240505 6.7422e-7 6.630433 -2.142241 0.390461 7.355655 -2.482042 0.4092194 6.536372 -2.289934 -0.03490394 7.435482 -2.332914 0.5640099 7.222437 -2.861541 0.3840231 7.69893 -3.284999 0.4020172 7.090335 -3.240505 0.5421222 7.710004 -2.907102 0.4020172 7.090335 -3.240505 7.94173e-7 7.698748 -3.435625 1.33941e-6 7.037264 -3.391156 0.3840231 7.69893 -3.284999 -0.03490394 7.435482 -2.332914 0.3761979 7.724473 -2.531617 0.390461 7.355655 -2.482042 -0.1530438 7.814689 -2.410791 1.28097e-6 9.158823 -2.868204 0.5330903 9.055846 -2.833496 0.370552 9.064442 -2.441936 0.3827481 9.048573 -3.226888 9.55291e-7 4.089836 -0.8753035 0.4748438 4.069279 -0.4875743 0.4723492 4.310922 -0.6963399 9.06829e-7 3.984669 -0.7905982 0.3761979 7.724473 -2.531617 0.6333853 7.790277 -2.907837 0.5421222 7.710004 -2.907102 0.4317442 7.795315 -2.475794 0.5421222 7.710004 -2.907102 0.4607104 7.78381 -3.350116 0.3840231 7.69893 -3.284999 0.6333853 7.790277 -2.907837 0.3840231 7.69893 -3.284999 1.3353e-6 7.780797 -3.531541 7.94173e-7 7.698748 -3.435625 0.4607104 7.78381 -3.350116 -0.1530438 7.814689 -2.410791 0.4317442 7.795315 -2.475794 0.3761979 7.724473 -2.531617 -0.05625951 7.801357 -2.302389 0.4317442 7.795315 -2.475794 0.4317442 7.795315 -2.475794 0.6580868 8.486742 -2.894931 0.6333853 7.790277 -2.907837 0.4495397 8.49686 -2.426174 0.6333853 7.790277 -2.907837 0.4787474 8.472267 -3.371523 0.4607104 7.78381 -3.350116 0.6580868 8.486742 -2.894931 0.4607104 7.78381 -3.350116 1.60618e-6 8.464418 -3.567935 1.3353e-6 7.780797 -3.531541 0.4787474 8.472267 -3.371523 -0.05625951 7.801357 -2.302389 0.4495397 8.49686 -2.426174 0.4317442 7.795315 -2.475794 -0.05625951 7.801357 -2.302389 -0.02384072 8.491882 -2.228162 0.4495397 8.49686 -2.426174 0.603474 8.551392 -2.889371 0.6580868 8.486742 -2.894931 0.4192605 8.551986 -2.458105 0.6580868 8.486742 -2.894931 0.4338365 8.548316 -3.324894 0.4787474 8.472267 -3.371523 0.603474 8.551392 -2.889371 0.4787474 8.472267 -3.371523 1.32572e-6 8.542693 -3.504146 1.60618e-6 8.464418 -3.567935 0.4338365 8.548316 -3.324894 -0.02384072 8.491882 -2.228162 0.4192605 8.551986 -2.458105 0.4495397 8.49686 -2.426174 9.01596e-7 8.555607 -2.273227 0.4192605 8.551986 -2.458105 0.5685601 8.951453 -2.862025 0.603474 8.551392 -2.889371 0.3908759 8.967469 -2.450747 0.603474 8.551392 -2.889371 0.4135308 8.93478 -3.281263 0.4338365 8.548316 -3.324894 0.5685601 8.951453 -2.862025 0.4338365 8.548316 -3.324894 -1.57102e-7 8.928421 -3.455547 1.32572e-6 8.542693 -3.504146 0.4135308 8.93478 -3.281263 9.01596e-7 8.555607 -2.273227 0.3908759 8.967469 -2.450747 0.4192605 8.551986 -2.458105 3.53597e-7 8.971287 -2.273843 0.3908759 8.967469 -2.450747 0.4898467 8.991981 -2.881652 0.5685601 8.951453 -2.862025 0.3564652 8.997429 -2.510036 0.5685601 8.951453 -2.862025 0.3405869 8.984428 -3.22553 0.4135308 8.93478 -3.281263 0.4898467 8.991981 -2.881652 0.4135308 8.93478 -3.281263 -9.19183e-7 8.979401 -3.364221 -1.57102e-7 8.928421 -3.455547 0.3405869 8.984428 -3.22553 3.53597e-7 8.971287 -2.273843 0.3564652 8.997429 -2.510036 0.3908759 8.967469 -2.450747 0 9.003412 -2.3431 0.3564652 8.997429 -2.510036 0.5330903 9.055846 -2.833496 0.4898467 8.991981 -2.881652 0.370552 9.064442 -2.441936 0.5330903 9.055846 -2.833496 0.4898467 8.991981 -2.881652 0.3827481 9.048573 -3.226888 0.3405869 8.984428 -3.22553 0.5330903 9.055846 -2.833496 0.3405869 8.984428 -3.22553 1.49309e-6 9.044122 -3.390524 -9.19183e-7 8.979401 -3.364221 0.3405869 8.984428 -3.22553 0.3827481 9.048573 -3.226888 1.49309e-6 9.044122 -3.390524 0 9.003412 -2.3431 0.370552 9.064442 -2.441936 0.3564652 8.997429 -2.510036 7.91688e-7 9.064407 -2.271969 0.370552 9.064442 -2.441936 0.9724304 0.05730831 4.84955e-6 0.6202629 0.7290284 0.6253334 0.875181 0.7392325 4.15284e-6 0.6853236 0.04725062 0.6631594 0.4815176 2.46982 0.5076134 0.6603907 2.480707 4.03533e-6 0.6853236 0.04725062 0.6631594 9.85508e-7 0.7195713 0.8850017 0.6202629 0.7290284 0.6253334 9.20835e-7 0.03699332 0.9372729 9.40361e-7 2.463205 0.7313878 0.4815176 2.46982 0.5076134 0.6603907 2.480707 4.03533e-6 0.4360871 3.554512 0.469133 0.5546073 3.576533 4.02536e-6 0.4815176 2.46982 0.5076134 0.4815176 2.46982 0.5076134 9.81795e-7 3.55872 0.6997807 0.4360871 3.554512 0.469133 9.40361e-7 2.463205 0.7313878 0.5546073 3.576533 4.02536e-6 0.4748436 4.069279 0.487582 0.5462681 4.173092 4.05522e-6 0.4360871 3.554512 0.469133 0.4360871 3.554512 0.469133 1.13931e-6 3.984669 0.7906054 0.4748436 4.069279 0.487582 9.81795e-7 3.55872 0.6997807 0.4256666 5.066675 3.96838e-6 0.5682224 4.718991 0.8451072 0.4231163 5.163753 0.7816296 0.5520612 4.632721 3.99371e-6 0.5682224 4.718991 0.8451072 0.549051 4.294676 4.03978e-6 0.4723487 4.310922 0.6963477 0.5520612 4.632721 3.99371e-6 0.4723487 4.310922 0.6963477 0.5462681 4.173092 4.05522e-6 0.4748436 4.069279 0.487582 0.549051 4.294676 4.03978e-6 9.30966e-7 5.275821 3.98397e-6 0.4231163 5.163753 0.7816296 8.93197e-7 5.361211 0.7410276 0.4256666 5.066675 3.96838e-6 0.4231163 5.163753 0.7816296 0.5704922 5.029009 1.640599 0.4222515 5.409524 1.482514 0.5682224 4.718991 0.8451072 0.5682224 4.718991 0.8451072 0.4091717 4.641468 1.763984 0.5704922 5.029009 1.640599 0.4723487 4.310922 0.6963477 0.4723487 4.310922 0.6963477 1.03546e-6 4.483169 1.817606 0.4091717 4.641468 1.763984 1.12333e-6 4.089836 0.8753116 8.93197e-7 5.361211 0.7410276 0.4222515 5.409524 1.482514 9.8947e-7 5.583755 1.409854 0.4231163 5.163753 0.7816296 0.4222515 5.409524 1.482514 0.5764472 5.568417 2.212777 0.4144682 5.885301 1.943801 0.5704922 5.029009 1.640599 0.5704922 5.029009 1.640599 0.4055622 5.253619 2.461751 0.5764472 5.568417 2.212777 0.4091717 4.641468 1.763984 0.4091717 4.641468 1.763984 1.18801e-6 5.127634 2.560128 0.4055622 5.253619 2.461751 1.03546e-6 4.483169 1.817606 9.8947e-7 5.583755 1.409854 0.4144682 5.885301 1.943801 1.34357e-6 6.017609 1.825965 0.4222515 5.409524 1.482514 0.4144682 5.885301 1.943801 0.5783299 6.308577 2.63855 0.40922 6.536371 2.289945 0.5764472 5.568417 2.212777 0.5764472 5.568417 2.212777 0.4102286 6.080883 2.97739 0.5783299 6.308577 2.63855 0.4055622 5.253619 2.461751 0.4055622 5.253619 2.461751 1.37558e-6 5.993147 3.117507 0.4102286 6.080883 2.97739 1.18801e-6 5.127634 2.560128 1.34357e-6 6.017609 1.825965 0.40922 6.536371 2.289945 1.39176e-6 6.630435 2.142248 0.4144682 5.885301 1.943801 0.40922 6.536371 2.289945 0.5640101 7.222439 2.861551 0.3904615 7.355653 2.482051 0.5783299 6.308577 2.63855 0.5421222 7.710006 2.90711 0.3762001 7.724474 2.531627 0.5783299 6.308577 2.63855 0.4020164 7.090332 3.240518 0.5640101 7.222439 2.861551 0.4102286 6.080883 2.97739 0.4102286 6.080883 2.97739 1.30051e-6 7.037266 3.391163 0.4020164 7.090332 3.240518 1.37558e-6 5.993147 3.117507 1.39176e-6 6.630435 2.142248 0.3904615 7.355653 2.482051 1.08885e-6 7.411128 2.325323 0.40922 6.536371 2.289945 0.5640101 7.222439 2.861551 0.3840237 7.698927 3.285005 0.5421222 7.710006 2.90711 0.4020164 7.090332 3.240518 0.4020164 7.090332 3.240518 1.63418e-6 7.698747 3.435629 0.3840237 7.698927 3.285005 1.30051e-6 7.037266 3.391163 1.08885e-6 7.411128 2.325323 0.3762001 7.724474 2.531627 1.61137e-6 7.727182 2.376476 0.3904615 7.355653 2.482051 0.5330944 8.862514 2.833501 7.84003e-7 8.965517 2.868206 0.3705533 8.871111 2.441942 0.3827478 8.855264 3.226891 1.12333e-6 4.089836 0.8753116 0.4748436 4.069279 0.487582 1.13931e-6 3.984669 0.7906054 0.4723487 4.310922 0.6963477 0.3762001 7.724474 2.531627 0.6333854 7.790278 2.907844 0.4317449 7.795319 2.475802 0.5421222 7.710006 2.90711 0.5421222 7.710006 2.90711 0.4607106 7.783808 3.350122 0.6333854 7.790278 2.907844 0.3840237 7.698927 3.285005 0.3840237 7.698927 3.285005 1.1836e-6 7.780796 3.531553 0.4607106 7.783808 3.350122 1.63418e-6 7.698747 3.435629 1.61137e-6 7.727182 2.376476 0.4317449 7.795319 2.475802 1.31937e-6 7.795606 2.297518 0.3762001 7.724474 2.531627 0.4317449 7.795319 2.475802 0.6580884 8.486738 2.894938 0.4495403 8.496862 2.426183 0.6333854 7.790278 2.907844 0.6333854 7.790278 2.907844 0.4787487 8.472257 3.371533 0.6580884 8.486738 2.894938 0.4607106 7.783808 3.350122 0.4607106 7.783808 3.350122 1.20564e-6 8.464422 3.567943 0.4787487 8.472257 3.371533 1.1836e-6 7.780796 3.531553 1.31937e-6 7.795606 2.297518 0.4495403 8.496862 2.426183 7.82706e-7 8.501097 2.229634 0.4317449 7.795319 2.475802 0.4495403 8.496862 2.426183 0.6026596 8.553149 2.892007 0.4225574 8.545254 2.457752 0.6580884 8.486738 2.894938 0.6580884 8.486738 2.894938 0.4299703 8.555216 3.32328 0.6026596 8.553149 2.892007 0.4787487 8.472257 3.371533 0.4787487 8.472257 3.371533 1.3092e-6 8.551056 3.499428 0.4299703 8.555216 3.32328 1.20564e-6 8.464422 3.567943 7.82706e-7 8.501097 2.229634 0.4225574 8.545254 2.457752 1.21038e-6 8.543927 2.268957 0.4495403 8.496862 2.426183 0.4225574 8.545254 2.457752 0.5683008 8.758282 2.857928 0.3918678 8.768054 2.444969 0.6026596 8.553149 2.892007 0.6026596 8.553149 2.892007 0.411345 8.747478 3.276218 0.5683008 8.758282 2.857928 0.4299703 8.555216 3.32328 0.4299703 8.555216 3.32328 -1.05834e-6 8.743014 3.448776 0.411345 8.747478 3.276218 1.3092e-6 8.551056 3.499428 1.21038e-6 8.543927 2.268957 0.3918678 8.768054 2.444969 4.66001e-7 8.769266 2.267366 0.4225574 8.545254 2.457752 0.3918678 8.768054 2.444969 0.4898444 8.798661 2.881661 0.3564621 8.804108 2.510039 0.5683008 8.758282 2.857928 0.5683008 8.758282 2.857928 0.3405864 8.791119 3.22553 0.4898444 8.798661 2.881661 0.411345 8.747478 3.276218 0.411345 8.747478 3.276218 -1.81107e-6 8.786088 3.364217 0.3405864 8.791119 3.22553 -1.05834e-6 8.743014 3.448776 4.66001e-7 8.769266 2.267366 0.3564621 8.804108 2.510039 -5.09977e-7 8.810091 2.3431 0.3918678 8.768054 2.444969 0.3564621 8.804108 2.510039 0.5330944 8.862514 2.833501 0.3705533 8.871111 2.441942 0.4898444 8.798661 2.881661 0.5330944 8.862514 2.833501 0.4898444 8.798661 2.881661 0.3827478 8.855264 3.226891 0.5330944 8.862514 2.833501 0.3405864 8.791119 3.22553 0.3405864 8.791119 3.22553 1.02037e-6 8.8508 3.390532 0.3827478 8.855264 3.226891 0.3405864 8.791119 3.22553 -1.81107e-6 8.786088 3.364217 1.02037e-6 8.8508 3.390532 -5.09977e-7 8.810091 2.3431 0.3705533 8.871111 2.441942 1.31296e-6 8.871099 2.271981 0.3564621 8.804108 2.510039 0.3705533 8.871111 2.441942 -1.685189 7.908335 -2.262146 -1.132318 8.414828 -2.34994 -1.132318 7.908335 -2.378561 -1.685189 8.414828 -2.242917 -2.183941 7.908335 -1.924296 -1.685189 8.414828 -2.242917 -1.685189 7.908335 -2.262146 -2.183941 8.414828 -1.914071 -2.579753 7.908335 -1.398083 -2.183941 8.414828 -1.914071 -2.183941 7.908335 -1.924296 -2.579753 8.414828 -1.39419 -2.281145 8.414828 -2.015528 -1.746807 8.414828 -2.361408 -1.685189 8.414828 -2.242917 -1.15449 8.414828 -2.473621 -1.132318 8.414828 -2.34994 -2.705197 8.414828 -1.468284 -2.83388 8.414828 -0.7341625 -2.83388 7.908335 -0.735016 -2.579753 7.908335 -1.398083 -2.977456 8.414828 -0.7732452 -2.989484 8.695649 -0.6959207 -2.778933 8.695649 -0.6607463 -1.15449 7.908335 -2.503748 -1.746807 7.908335 -2.381206 -2.281145 7.908335 -2.025575 -2.705197 7.908335 -1.471666 -2.977456 7.908335 -0.7737008 -1.132318 7.908335 -2.378561 -1.685189 7.908335 -2.262146 -2.183941 7.908335 -1.924296 -0.5453798 7.908335 -2.378561 -0.5571159 7.908335 -2.503748 -0.5571159 8.414828 -2.464232 -0.5453798 8.414828 -2.341021 0.007554233 7.908335 -2.387925 0.007554233 8.414828 -2.334433 -0.00178653 8.414828 -2.4632 -0.00178653 7.908335 -2.511779 0.1377063 8.016182 -2.403922 0.1377063 8.306982 -2.366004 0.1377063 8.306982 -2.494772 0.1377063 8.016182 -2.527775 -2.778933 7.627514 -0.6615144 -2.83388 8.414828 -0.7341625 -2.83388 7.908335 -0.735016 -2.778933 8.695649 -0.6607463 -2.833677 7.509214 -0.3969087 -2.833677 8.813949 -0.3964477 -2.915791 7.544777 0 -2.915791 8.778387 0 -2.833677 7.509214 0.3969085 -2.833677 8.813949 0.3964477 -2.778933 7.627514 0.6615143 -2.778933 8.695649 0.6607462 -2.83388 7.908335 0.7350159 -2.83388 8.414828 0.7341623 -2.579753 7.908335 1.398083 -2.83388 8.414828 0.7341623 -2.83388 7.908335 0.7350159 -2.579753 8.414828 1.39419 -2.183941 7.908335 1.924296 -2.183941 8.414828 1.914071 -1.685189 7.908335 2.262146 -1.685189 8.414828 2.242918 -1.132318 7.908335 2.378562 -1.132318 8.414828 2.349941 -2.977456 8.414828 0.7732452 -2.705197 8.414828 1.468285 -2.281145 8.414828 2.015528 -1.746808 8.414828 2.361408 -1.15449 8.414828 2.473622 -2.977456 7.908335 0.7737008 -2.705197 7.908335 1.471667 -2.281145 7.908335 2.025575 -1.746808 7.908335 2.381207 -1.15449 7.908335 2.503749 -0.5453799 8.414828 2.341022 -0.5453799 7.908335 2.378562 -0.5571159 8.414828 2.464233 -0.5571159 7.908335 2.503749 0.02295649 8.414828 2.32641 0.02295649 7.908335 2.379902 0.01361572 8.414828 2.455171 0.01361572 7.908335 2.503749 0.1531087 8.306982 2.359642 0.1531087 8.016182 2.413134 0.1531087 8.306982 2.488403 0.1531085 8.016182 2.536981 -3.048132 8.813949 0.4175525 -2.915791 8.778387 0 -2.833677 8.813949 0.3964477 -3.136106 8.778387 0 -2.989484 8.695649 0.6959207 -2.778933 8.695649 0.6607462 -3.048133 8.813949 -0.4175525 -2.833677 8.813949 -0.3964477 -2.989484 8.695649 -0.6959207 -2.977456 7.908335 -0.7737008 -2.977456 8.414828 -0.7732452 -2.989484 7.627514 -0.6963307 -3.048133 8.813949 -0.4175525 -3.048133 7.509214 -0.4177985 -3.136106 8.778387 0 -3.136106 7.544777 0 -3.048132 8.813949 0.4175525 -3.048132 7.509214 0.4177985 -2.989484 8.695649 0.6959207 -2.989484 7.627514 0.6963306 -2.977456 8.414828 0.7732452 -2.977456 7.908335 0.7737008 -2.989484 7.627514 -0.6963307 -2.83388 7.908335 -0.735016 -2.977456 7.908335 -0.7737008 -2.778933 7.627514 -0.6615144 -3.048133 7.509214 -0.4177985 -2.833677 7.509214 -0.3969087 -3.136106 7.544777 0 -2.915791 7.544777 0 -3.048132 7.509214 0.4177985 -2.833677 7.509214 0.3969085 -2.989484 7.627514 0.6963306 -2.778933 7.627514 0.6615143 -2.977456 7.908335 0.7737008 -2.83388 7.908335 0.7350159 0.1377063 8.306982 -2.494772 0.1377063 8.016182 -2.403922 0.1377063 8.306982 -2.366004 0.1377063 8.016182 -2.527775 0.1531087 8.306982 2.359642 0.1531085 8.016182 2.536981 0.1531087 8.306982 2.488403 0.1531087 8.016182 2.413134</float_array>
          <technique_common>
            <accessor source="#slingShotMesh-mesh-positions-array" count="1080" stride="3">
              <param name="X" type="float"/>
              <param name="Y" type="float"/>
              <param name="Z" type="float"/>
            </accessor>
          </technique_common>
        </source>
        <source id="slingShotMesh-mesh-normals">
          <float_array id="slingShotMesh-mesh-normals-array" count="3276">-0.9144765 0.1195654 -0.3865708 -0.9144779 0.1195579 -0.3865697 -0.9145382 0.1198058 -0.3863505 -0.9144735 0.1195592 -0.3865795 -0.9279371 0.1062903 -0.3572607 -0.9279288 0.1062834 -0.3572845 -0.3762546 0.07891297 -0.9231497 -0.3762557 0.07890838 -0.9231496 -0.3762725 0.0789451 -0.9231396 -0.3762344 0.07890057 -0.9231589 -0.3992038 0.08696347 -0.9127288 -0.3992133 0.08696877 -0.9127241 -0.9535366 0.07129848 -0.2927193 -0.953537 0.07129567 -0.2927185 -0.9535368 0.07129609 -0.2927193 -0.9535326 0.07128787 -0.2927347 -0.4433972 0.03803324 -0.895518 -0.4433884 0.03802859 -0.8955226 -0.4433952 0.03803253 -0.8955191 -0.4433665 0.03801625 -0.8955339 -0.9811609 -0.03002095 -0.1908459 -0.9811581 -0.03003138 -0.1908583 -0.9811604 -0.03002166 -0.1908481 -0.9811599 -0.0300188 -0.1908512 -0.5097089 -0.1199599 -0.8519429 -0.5096976 -0.1199703 -0.8519481 -0.5097389 -0.1199159 -0.8519311 -0.5096976 -0.1199677 -0.8519485 -0.9554573 0.2922782 0.04092502 -0.9554555 0.2922847 0.04092204 -0.9554612 0.2922646 0.0409314 -0.9554609 0.2922655 0.04093122 -0.9888797 -0.1406892 -0.04820311 -0.9888884 -0.1406379 -0.04817491 -0.988883 -0.1406706 -0.04819089 -0.9888918 -0.1406146 -0.04817289 -0.9905117 -0.06906473 -0.1188147 -0.9905102 -0.06908124 -0.1188163 -0.9905082 -0.06909888 -0.1188228 -0.9905112 -0.06906867 -0.118816 -0.4337322 0.8947249 0.1065075 -0.4337052 0.8947401 0.1064908 -0.4337323 0.8947249 0.1065074 -0.4337114 0.8947364 0.1064947 -0.9453539 0.3053557 0.1142973 -0.9453595 0.3053371 0.1143012 -0.9453581 0.3053419 0.1143 -0.9453573 0.3053442 0.1143 -0.9412699 -0.3086646 -0.1368839 -0.9412717 -0.3086579 -0.1368864 -0.9412742 -0.3086505 -0.1368867 -0.9412755 -0.3086454 -0.1368885 -0.4441605 -0.838407 -0.3159037 -0.4441627 -0.8384042 -0.3159083 -0.4441705 -0.8384003 -0.3159079 -0.4442074 -0.8383751 -0.3159227 -0.4174484 0.8599116 0.2937501 -0.4174281 0.8599251 0.2937394 -0.4174367 0.8599193 0.293744 -0.4174624 0.8599023 0.2937573 -0.9319486 0.2594971 0.2532454 -0.9319703 0.2594289 0.2532352 -0.9319542 0.2594798 0.2532429 -0.9319567 0.2594715 0.2532417 -0.9183826 -0.2939696 -0.2648686 -0.9183798 -0.2939772 -0.2648701 -0.9183843 -0.2939652 -0.2648677 -0.9183794 -0.2939781 -0.2648702 -0.3597224 -0.7026239 -0.6139378 -0.3597024 -0.7026368 -0.6139347 -0.3597068 -0.7026336 -0.6139358 -0.3597075 -0.7026335 -0.6139354 -0.386044 0.6421291 0.6622993 -0.3860579 0.6421167 0.6623032 -0.3859656 0.6421984 0.6622778 -0.3860216 0.6421489 0.662293 -0.9248697 0.1862013 0.3315801 -0.9248651 0.1862129 0.3315863 -0.9248579 0.1862314 0.331596 -0.9248609 0.1862235 0.3315919 -0.9179778 -0.2070296 -0.3383128 -0.9179853 -0.2070127 -0.3383027 -0.9179809 -0.207023 -0.3383085 -0.9179692 -0.2070508 -0.3383232 -0.3611193 -0.4999592 -0.7871682 -0.3610945 -0.4999752 -0.7871693 -0.3610991 -0.4999718 -0.7871694 -0.3610928 -0.4999765 -0.7871694 -0.38191 0.430282 0.8179255 -0.3819387 0.430258 0.8179248 -0.3819125 0.430279 0.817926 -0.3819141 0.4302772 0.8179262 -0.9150916 0.10763 0.3886169 -0.9150888 0.107634 0.3886225 -0.915104 0.1076085 0.3885937 -0.9151092 0.1075991 0.388584 -0.9239166 -0.07975524 -0.3741888 -0.9239153 -0.0797587 -0.3741914 -0.9239079 -0.07977133 -0.3742067 -0.923909 -0.07977062 -0.3742046 -0.3633977 -0.234242 -0.9017055 -0.3634136 -0.2342334 -0.9017014 -0.3633857 -0.2342484 -0.9017087 -0.3633762 -0.2342541 -0.9017111 -0.3927288 0.2063416 0.8962072 -0.3927525 0.2063289 0.8961998 -0.3927178 0.2063509 0.8962098 -0.3927108 0.2063561 0.8962118 -0.7485358 0.3136888 0.5842034 -0.7485522 0.3136641 0.5841957 -0.7485737 0.3136411 0.5841804 -0.7485731 0.313636 0.5841839 -0.9365314 0.03078794 -0.3492292 -0.9365352 0.03080457 -0.3492178 -0.9365233 0.03076684 -0.3492528 -0.9365277 0.03078031 -0.3492401 -0.3608002 -0.06007623 -0.9307063 -0.3607962 -0.06007909 -0.9307076 -0.3607761 -0.06009453 -0.9307144 -0.3608033 -0.06007361 -0.9307053 -0.7090916 0.2722346 0.6504442 -0.7090976 0.2722841 0.6504169 -0.7091071 0.2723474 0.65038 -0.7090836 0.2723066 0.6504227 -0.709078 0.2722666 0.6504455 -0.7090817 0.2722919 0.6504309 -0.1906982 0.9815039 -0.01686942 -0.1906962 0.9815042 -0.01687341 -0.1906969 0.9815038 -0.01688498 -0.190697 0.9815039 -0.01687359 -6.73905e-6 0.9767255 -0.2144932 4.74512e-6 0.976727 -0.214487 5.50312e-6 0.976727 -0.214487 1.70413e-5 0.9767259 -0.2144913 -7.8883e-6 0.9876927 0.1564072 -4.2518e-6 0.9876936 0.1564012 -3.43342e-6 0.9876936 0.1564012 2.83122e-7 0.9876928 0.1564067 -0.5127242 -0.5524387 -0.6572103 -0.5127255 -0.5524368 -0.6572109 -0.5127233 -0.5524433 -0.6572071 -0.5127192 -0.5524505 -0.6572043 -0.3931984 -0.5488049 0.7377047 -0.3932033 -0.548789 0.7377139 -0.3931999 -0.5488759 0.7376512 -0.3931896 -0.5488116 0.7377045 -0.5921607 -0.7820612 -0.1942324 -0.5922117 -0.7820217 -0.194236 -0.5921866 -0.7820389 -0.1942427 -0.5922178 -0.7820169 -0.1942361 -0.2526565 -0.7293802 -0.635743 -0.2526521 -0.7293856 -0.6357387 -0.2526622 -0.7293716 -0.6357506 -0.2526519 -0.7293861 -0.6357381 -0.4716814 0.8714334 0.1346129 -0.4716815 0.871421 0.1346917 -0.4716798 0.8714248 0.1346743 -0.4717013 0.8714128 0.1346769 -0.4717018 0.8714123 0.1346779 -0.4717099 0.871417 0.1346194 -0.7227385 -0.244302 0.6465027 -0.7227256 -0.2442684 0.6465298 -0.7227169 -0.2442467 0.6465477 -0.7227063 -0.2442346 0.6465641 -0.9429278 -0.04312866 -0.3301926 -0.9429267 -0.04313057 -0.3301954 -0.9429293 -0.04312479 -0.3301887 -0.9429246 -0.04313451 -0.3302009 -0.3732202 -0.04394453 -0.9267015 -0.3732095 -0.04395246 -0.9267054 -0.3732514 -0.0439192 -0.9266901 -0.3732249 -0.04394018 -0.9266998 -0.626429 -0.2386683 0.7420405 -0.6264282 -0.2386692 0.742041 -0.6264212 -0.2386812 0.742043 -0.6264418 -0.2386537 0.7420344 -0.6264216 -0.238687 0.7420408 -0.626422 -0.2386881 0.7420401 -0.7510585 0.5704883 0.3323468 -0.75107 0.5704724 0.3323478 -0.751061 0.5704874 0.3323426 -0.7510465 0.5705055 0.3323442 -0.7689536 0.5686005 -0.2922394 -0.7689359 0.5686328 -0.2922234 -0.7689398 0.5686254 -0.2922273 -0.7689335 0.5686398 -0.2922161 -0.2935181 0.6112953 -0.7349593 -0.2935207 0.6112641 -0.7349842 -0.2935196 0.6112688 -0.7349808 -0.2935184 0.611294 -0.7349603 -0.349076 0.5646337 0.7478869 -0.3491016 0.5645847 0.7479119 -0.3490879 0.5646089 0.7479001 -0.3490983 0.5645853 0.747913 -0.9178497 0.05448961 0.3931704 -0.9178844 0.05440586 0.3931009 -0.9178109 0.05458199 0.3932479 -0.9178568 0.05447256 0.3931559 -0.9296473 0.09731501 -0.355367 -0.9296627 0.09738361 -0.3553081 -0.9296526 0.09733939 -0.3553465 -0.9296497 0.09732705 -0.3553576 -0.3808754 0.119562 -0.9168636 -0.3807503 0.1193941 -0.9169375 -0.380849 0.1195266 -0.9168793 -0.3808574 0.1195382 -0.9168743 -0.4078079 0.006504416 0.9130447 -0.4076623 0.006668925 0.9131084 -0.4078145 0.006496727 0.9130417 -0.4077886 0.006525874 0.9130531 -0.444103 0.8829469 0.1522407 -0.444058 0.8829715 0.1522296 -0.4440798 0.8829595 0.1522356 -0.4440603 0.8829699 0.1522327 -0.4619101 0.861333 -0.2115293 -0.4619064 0.8613353 -0.2115284 -0.4619015 0.8613386 -0.2115249 -0.4619004 0.8613398 -0.2115228 -0.1899229 0.8516086 -0.4885613 -0.1899244 0.8516011 -0.4885739 -0.1899214 0.8516199 -0.4885423 -0.1899216 0.8516173 -0.4885467 -0.1892427 0.9030791 0.3855328 -0.1892163 0.903099 0.385499 -0.189234 0.9030864 0.3855196 -0.1892195 0.9030984 0.3854991 -0.7465895 -0.5935935 0.3004181 -0.7465879 -0.5935943 0.3004204 -0.7465912 -0.593593 0.3004147 -0.7465708 -0.5936222 0.3004076 -0.7465692 -0.5936226 0.3004109 -0.7465726 -0.593622 0.3004038 -0.8364558 -0.4366798 -0.331138 -0.8364456 -0.4366984 -0.3311398 -0.8364702 -0.436654 -0.3311359 -0.8364295 -0.4367262 -0.3311433 -0.3701977 -0.3090105 -0.8760516 -0.3701946 -0.30901 -0.876053 -0.3701949 -0.3090099 -0.8760529 -0.3701907 -0.3090305 -0.8760474 -0.3701906 -0.3090307 -0.8760474 -0.3701909 -0.3090309 -0.8760472 -0.2871608 -0.7194084 0.6324478 -0.2871618 -0.7194083 0.6324474 -0.2871611 -0.7194085 0.6324477 -0.2871609 -0.7194082 0.6324481 -0.2871621 -0.719408 0.6324477 -0.2871609 -0.7194082 0.6324481 -0.9144765 0.1195601 0.3865723 -0.914479 0.1195574 0.3865672 -0.9145398 0.1198037 0.3863472 -0.9144768 0.1195638 0.3865706 -0.9279366 0.1062917 0.3572616 -0.927929 0.1062814 0.3572844 -0.3762347 0.07889914 0.923159 -0.376256 0.07890826 0.9231496 -0.3762726 0.07894486 0.9231396 -0.3762552 0.07891297 0.9231495 -0.3992445 0.08698076 0.9127093 -0.3992139 0.08696722 0.912724 -0.9535319 0.07129049 0.2927367 -0.9535366 0.07129782 0.2927196 -0.9535366 0.07129597 0.2927198 -0.9535373 0.0712952 0.2927179 -0.4433661 0.03801733 0.8955342 -0.4433894 0.03802824 0.8955221 -0.4433958 0.03803187 0.8955187 -0.4433988 0.03803229 0.8955172 -0.9811605 -0.03002226 0.1908472 -0.9811581 -0.03003138 0.1908584 -0.9811603 -0.03002065 0.1908492 -0.9811602 -0.03001755 0.1908499 -0.5097026 -0.1199681 0.8519454 -0.5096973 -0.1199691 0.8519485 -0.5096811 -0.1199909 0.8519551 -0.5097035 -0.1199571 0.8519464 -0.955461 0.2922652 -0.04093056 -0.9554676 0.2922425 -0.04094135 -0.9554612 0.2922647 -0.04093122 -0.9554572 0.2922787 -0.04092532 -0.9888917 -0.1406174 0.04816728 -0.9888886 -0.1406334 0.04818385 -0.988883 -0.1406697 0.04819262 -0.9888796 -0.1406918 0.04819756 -0.9905113 -0.06906884 0.1188148 -0.9905098 -0.06908053 0.1188203 -0.9905083 -0.0690996 0.1188222 -0.9905114 -0.06906521 0.1188156 -0.4337122 0.8947363 -0.1064935 -0.433743 0.8947191 -0.1065127 -0.433733 0.8947245 -0.1065067 -0.4337332 0.8947246 -0.106507 -0.9453575 0.3053442 -0.1142989 -0.9453595 0.3053367 -0.1143012 -0.9453582 0.3053418 -0.1143 -0.9453542 0.3053549 -0.1142972 -0.9412753 -0.3086457 0.1368891 -0.9412716 -0.3086585 0.1368865 -0.9412739 -0.3086509 0.1368876 -0.9412689 -0.3086658 0.1368886 -0.4442074 -0.8383759 0.3159207 -0.4441651 -0.8384037 0.3159062 -0.4441704 -0.8384003 0.315908 -0.4441605 -0.838405 0.3159093 -0.4174255 0.8599266 -0.2937387 -0.4174265 0.8599259 -0.2937392 -0.4174358 0.8599197 -0.2937441 -0.4174461 0.8599128 -0.2937496 -0.9319283 0.2595618 -0.2532535 -0.9319712 0.2594276 -0.2532334 -0.9319548 0.2594791 -0.2532411 -0.9319785 0.2594045 -0.2532299 -0.9183957 -0.2939355 0.2648612 -0.9183961 -0.2939345 0.2648611 -0.9183838 -0.2939668 0.2648674 -0.9183822 -0.2939713 0.2648681 -0.3597109 -0.7026334 0.6139336 -0.3597024 -0.7026391 0.6139321 -0.3597094 -0.7026348 0.6139329 -0.3597213 -0.7026273 0.6139344 -0.3860199 0.6421491 -0.662294 -0.3860566 0.642116 -0.6623047 -0.3860342 0.6421359 -0.6622985 -0.3860433 0.6421281 -0.6623007 -0.9248623 0.1862204 -0.3315899 -0.9248657 0.1862115 -0.3315854 -0.9248745 0.1861888 -0.3315736 -0.9248543 0.1862409 -0.3316005 -0.9179685 -0.207049 0.3383262 -0.9179846 -0.2070124 0.338305 -0.9179805 -0.2070226 0.3383099 -0.9179771 -0.2070302 0.3383143 -0.3610891 -0.4999758 0.7871714 -0.3610965 -0.4999711 0.7871711 -0.361098 -0.4999713 0.7871704 -0.3611242 -0.4999555 0.7871683 -0.3819136 0.4302787 -0.8179256 -0.38194 0.4302579 -0.8179242 -0.3819131 0.4302797 -0.8179253 -0.3819122 0.4302807 -0.8179253 -0.9190938 0.1082927 -0.3788658 -0.9190981 0.1082614 -0.3788642 -0.9191097 0.1082639 -0.3788356 -0.9190968 0.1082693 -0.3788651 -0.9148644 0.08254158 -0.3952342 -0.9148713 0.08252447 -0.3952217 -0.9207748 -0.08542251 0.3806268 -0.9207789 -0.08541566 0.3806183 -0.9207777 -0.08541858 0.3806208 -0.9207807 -0.08541315 0.3806149 -0.363383 -0.2342497 0.9017094 -0.3633638 -0.2342604 0.9017145 -0.3633879 -0.2342474 0.9017081 -0.3634248 -0.2342275 0.9016983 -0.382317 0.2152107 -0.8986202 -0.3823442 0.2151923 -0.8986129 -0.3823026 0.2152204 -0.898624 -0.3823288 0.2152032 -0.8986169 -0.9209185 0.001492679 0.3897523 -0.9209078 0.001465976 0.3897779 -0.9208761 0.001387357 0.389853 -0.920911 0.001474261 0.3897705 -0.3607899 -0.06007033 0.9307106 -0.360787 -0.06007248 0.9307116 -0.3607652 -0.06008934 0.930719 -0.3607938 -0.06006741 0.9307094 -0.38224 0.1422297 -0.9130516 -0.3822517 0.1422144 -0.9130492 -0.3822548 0.14221 -0.9130485 -0.3822302 0.1422435 -0.9130536 -0.1907435 0.9814957 0.01682174 -0.1907413 0.9814963 0.01682251 -0.1907436 0.9814952 0.01685929 -0.1907479 0.9814938 0.01689273 -5.4203e-7 0.9767203 0.2145169 -2.09113e-6 0.9767208 0.2145145 -1.88122e-6 0.9767208 0.2145146 -3.30061e-6 0.9767196 0.2145203 -1.08518e-5 0.9876917 -0.1564137 1.0131e-6 0.9876923 -0.1564102 6.05994e-7 0.9876922 -0.1564102 1.24611e-5 0.9876917 -0.1564133 -0.5127182 -0.5524524 0.6572035 -0.5127246 -0.5524389 0.6572098 -0.5127217 -0.5524462 0.657206 -0.5127236 -0.5524421 0.657208 -0.6262093 -0.7186236 -0.302394 -0.6262395 -0.7185856 -0.3024218 -0.6262095 -0.7186231 -0.3023948 -0.6262071 -0.7186258 -0.3023933 -0.6315705 -0.7375838 0.2389329 -0.6315608 -0.7375922 0.2389325 -0.6315761 -0.7375789 0.2389333 -0.6315697 -0.7375843 0.2389333 -0.2526568 -0.7293834 0.6357393 -0.2526606 -0.7293787 0.6357432 -0.2526569 -0.7293831 0.6357397 -0.252653 -0.7293887 0.6357347 -0.2612212 -0.7230924 -0.6394536 -0.261223 -0.7230799 -0.6394671 -0.2612221 -0.7230892 -0.6394569 -0.2612228 -0.7230831 -0.6394634 -0.9088134 -0.04615867 -0.4146419 -0.9088165 -0.0461651 -0.4146343 -0.9088104 -0.04615426 -0.4146488 -0.9088192 -0.04616951 -0.4146275 -0.9336102 -0.03100055 0.3569468 -0.9335775 -0.03106236 0.3570269 -0.9336142 -0.03099304 0.3569369 -0.9336073 -0.03100609 0.356954 -0.3732354 -0.04393398 0.926696 -0.3732902 -0.04389047 0.9266759 -0.3732241 -0.04394263 0.9266999 -0.3732265 -0.04394036 0.9266992 -0.3897363 -0.08153408 -0.9173102 -0.3897472 -0.08154189 -0.9173049 -0.3897204 -0.08152252 -0.9173179 -0.3897493 -0.08154398 -0.9173036 -0.7325369 0.6040899 -0.3137916 -0.7325437 0.604081 -0.3137927 -0.7325313 0.6040974 -0.3137905 -0.7325277 0.604102 -0.31379 -0.7341112 0.6125481 0.2930285 -0.7340956 0.6125727 0.2930161 -0.7341054 0.6125571 0.2930242 -0.7341076 0.6125541 0.293025 -0.2972692 0.5980072 0.7443243 -0.2972696 0.5980048 0.7443259 -0.297268 0.5980277 0.7443082 -0.2972686 0.5980281 0.7443076 -0.3127465 0.6387678 -0.7029689 -0.3127396 0.6387826 -0.7029586 -0.3127306 0.6388008 -0.7029461 -0.3127267 0.6388083 -0.702941 -0.9174236 0.09717726 -0.3858634 -0.9174314 0.09714949 -0.3858518 -0.9174137 0.09721159 -0.3858783 -0.9174204 0.09718775 -0.3858684 -0.913774 0.1946191 0.3565676 -0.9137744 0.1946262 0.3565628 -0.9137739 0.1946369 0.3565583 -0.9137747 0.1946127 0.3565694 -0.3689983 0.2458472 0.8963255 -0.3689869 0.2458102 0.8963404 -0.3690044 0.2458659 0.896318 -0.3689987 0.2458457 0.8963257 -0.4102612 -0.001144111 -0.9119673 -0.4102706 -0.001163661 -0.9119632 -0.4102873 -0.001199245 -0.9119556 -0.410269 -0.001159608 -0.9119638 -0.4583987 0.8734723 -0.1640635 -0.4584277 0.8734562 -0.1640685 -0.4584341 0.873453 -0.1640669 -0.4584335 0.8734515 -0.1640775 -0.4524434 0.8684593 0.2026662 -0.452447 0.8684572 0.2026671 -0.452468 0.8684431 0.2026802 -0.4524719 0.8684405 0.2026827 -0.1804105 0.8681647 0.4623228 -0.1804092 0.8681675 0.462318 -0.1804094 0.868165 0.4623222 -0.1804079 0.8681717 0.4623104 -0.2057946 0.8797464 -0.4285964 -0.2057873 0.8797533 -0.428586 -0.2058066 0.8797381 -0.4286078 -0.2057989 0.8797419 -0.4286036 -0.7464475 -0.5937982 -0.3003661 -0.7464489 -0.5937978 -0.3003636 -0.7464452 -0.5937989 -0.3003706 -0.7464658 -0.5937682 -0.30038 -0.7464626 -0.5937698 -0.3003849 -0.7464642 -0.593769 -0.3003824 -0.836358 -0.4368854 0.3311141 -0.8363655 -0.4368677 0.3311185 -0.8363943 -0.4368116 0.3311197 -0.8363962 -0.4368062 0.3311222 -0.3701713 -0.3092237 0.8759875 -0.370174 -0.3092244 0.875986 -0.370175 -0.3092242 0.8759857 -0.3701929 -0.3091613 0.8760003 -0.3701914 -0.3091611 0.876001 -0.3701921 -0.3091613 0.8760007 -0.2871684 -0.7193872 -0.6324684 -0.2871688 -0.7193872 -0.6324684 -0.287169 -0.7193871 -0.6324683 -0.2871656 -0.7194116 -0.6324421 -0.2871664 -0.7194114 -0.632442 -0.2871662 -0.7194114 -0.6324419 0.9144757 0.11956 -0.3865742 0.9144789 0.119558 -0.3865674 0.914476 0.1195622 -0.3865731 0.9144768 0.1195651 -0.3865702 0.9279367 0.1062918 -0.3572611 0.9279292 0.1062815 -0.357284 0.3762335 0.07889878 -0.9231595 0.3762552 0.07890832 -0.9231499 0.3762716 0.07894504 -0.92314 0.376254 0.07891452 -0.9231498 0.3992447 0.08698081 -0.9127092 0.3992143 0.08696734 -0.9127238 0.9535322 0.07129043 -0.2927358 0.9535367 0.0712977 -0.2927193 0.9535369 0.07129591 -0.2927191 0.9535373 0.07129508 -0.2927176 0.4433657 0.03801792 -0.8955343 0.4433881 0.03802835 -0.8955227 0.4433951 0.03803229 -0.8955191 0.4433972 0.03803223 -0.8955181 0.9811607 -0.03002226 -0.190847 0.9811582 -0.03003132 -0.1908584 0.9811604 -0.03002136 -0.1908483 0.9811602 -0.03001743 -0.1908499 0.5097002 -0.1199709 -0.8519465 0.5096966 -0.1199701 -0.8519488 0.5097382 -0.119916 -0.8519315 0.5097044 -0.1199565 -0.8519461 0.9554612 0.2922652 0.04092991 0.9554559 0.2922832 0.0409215 0.9554736 0.2922214 0.04094982 0.9554579 0.2922763 0.04092538 0.9888916 -0.1406179 -0.04816854 0.9888886 -0.1406329 -0.04818451 0.9888832 -0.1406684 -0.0481925 0.98888 -0.1406894 -0.04819691 0.9905113 -0.06906735 -0.1188151 0.9905112 -0.06906706 -0.1188167 0.9905116 -0.06906771 -0.1188135 0.9905117 -0.06906569 -0.1188141 0.9905114 -0.06906539 -0.1188154 0.9905114 -0.06906539 -0.1188156 0.4337109 0.8947369 0.1064944 0.4337047 0.8947402 0.1064905 0.4337318 0.8947252 0.1065073 0.4337318 0.894725 0.1065074 0.9453582 0.3053418 0.1142997 0.9453595 0.3053373 0.1143006 0.9453583 0.3053408 0.1143004 0.9453535 0.3053572 0.114297 0.9412763 -0.3086433 -0.1368884 0.941272 -0.3086579 -0.1368852 0.9412746 -0.308649 -0.1368868 0.9412691 -0.3086658 -0.1368871 0.444208 -0.8383755 -0.3159211 0.4441643 -0.8384044 -0.3159055 0.4441704 -0.8384001 -0.315908 0.4441594 -0.838406 -0.315908 0.417462 0.8599029 0.2937561 0.4174655 0.8599005 0.2937582 0.417437 0.8599194 0.293743 0.4174495 0.8599109 0.2937502 0.931942 0.2595172 0.2532489 0.9318979 0.2596552 0.2532697 0.9319972 0.2593444 0.2532231 0.9319484 0.2594971 0.2532459 0.9183791 -0.2939789 -0.2648706 0.91838 -0.2939767 -0.2648701 0.9183675 -0.2940098 -0.2648764 0.918383 -0.2939687 -0.2648683 0.3597081 -0.7026336 -0.6139349 0.3597004 -0.7026388 -0.6139336 0.3597069 -0.7026347 -0.6139345 0.3597196 -0.7026269 -0.6139358 0.3860226 0.6421487 0.6622928 0.3860589 0.6421162 0.662303 0.3860017 0.6421669 0.6622874 0.386045 0.6421284 0.6622993 0.9248606 0.1862237 0.3315927 0.924865 0.1862124 0.3315865 0.9248732 0.1861913 0.3315755 0.9248697 0.1862003 0.3315804 0.9179695 -0.2070474 -0.3383245 0.9179673 -0.2070525 -0.3383275 0.917981 -0.2070219 -0.3383089 0.9179764 -0.2070323 -0.338315 0.3610877 -0.4999772 -0.7871713 0.361098 -0.4999713 -0.7871702 0.3610975 -0.4999722 -0.7871699 0.3611263 -0.4999542 -0.7871682 0.3819145 0.4302774 0.8179259 0.381938 0.4302579 0.8179252 0.3819125 0.430279 0.817926 0.3819456 0.4302511 0.8179252 0.9190937 0.1082925 0.3788663 0.9190976 0.1082623 0.3788654 0.9191266 0.1082326 0.3788034 0.9190973 0.1082691 0.3788641 0.9148211 0.08265447 0.3953109 0.9148717 0.08252555 0.3952207 0.9207739 -0.08542203 -0.380629 0.9207773 -0.08541613 -0.3806223 0.9207764 -0.08541816 -0.3806239 0.9207789 -0.0854147 -0.3806189 0.3633832 -0.2342523 -0.9017087 0.3633746 -0.2342568 -0.901711 0.3633913 -0.234248 -0.9017065 0.3633984 -0.2342446 -0.9017046 0.3677459 0.2247963 0.9023467 0.3677483 0.2247949 0.9023461 0.3677775 0.2247757 0.9023389 0.3677555 0.22479 0.9023444 0.920931 0.001519799 -0.3897229 0.9209073 0.001461207 -0.389779 0.9209023 0.00144875 -0.3897908 0.9209242 0.001503765 -0.3897388 0.360804 -0.06007331 -0.930705 0.3608325 -0.06005138 -0.9306954 0.3608129 -0.06006646 -0.930702 0.360799 -0.06007725 -0.9307067 0.3007084 0.2116315 0.929939 0.3006801 0.211673 0.9299387 0.3006938 0.2116507 0.9299395 0.3006817 0.2116661 0.9299398 0.1906974 0.981504 -0.01686871 0.190697 0.9815036 -0.01689678 0.1906964 0.9815039 -0.01688629 0.1907007 0.9815028 -0.01689797 0.5127193 -0.5524503 -0.6572044 0.5127253 -0.5524368 -0.6572111 0.5127224 -0.5524439 -0.6572074 0.5127241 -0.5524398 -0.6572096 0.6262154 -0.7186167 0.3023978 0.6262192 -0.7186117 0.3024019 0.6262399 -0.7185857 0.3024207 0.6262117 -0.7186211 0.3023951 0.6315839 -0.7375692 -0.2389425 0.6315727 -0.7375791 -0.2389417 0.6315824 -0.7375705 -0.2389427 0.6316109 -0.7375456 -0.2389437 0.2526533 -0.7293838 -0.6357403 0.2526538 -0.7293834 -0.6357404 0.252664 -0.7293698 -0.635752 0.2526571 -0.7293784 -0.635745 0.004974186 -0.9452186 0.3264002 0.00493443 -0.9452181 0.3264022 0.004982769 -0.9452198 0.3263967 0.004960298 -0.9452339 0.3263563 0.004941403 -0.9452342 0.3263558 0.004993736 -0.9452349 0.3263529 0.9088301 -0.04618239 0.4146025 0.9088189 -0.04616206 0.4146293 0.9088277 -0.04617792 0.4146081 0.908822 -0.04616755 0.4146218 0.9336099 -0.03099793 -0.3569479 0.9336211 -0.03097659 -0.3569202 0.9335988 -0.03101861 -0.3569748 0.9336063 -0.03100442 -0.3569564 0.373225 -0.04393905 -0.9266998 0.3732149 -0.0439468 -0.9267035 0.3731827 -0.04397225 -0.9267153 0.3732289 -0.04393565 -0.9266984 0.3586323 -0.09554672 0.9285762 0.3586322 -0.09554684 0.9285762 0.3586326 -0.0955463 0.9285762 0.3586563 -0.09556138 0.9285654 0.3586557 -0.09556216 0.9285656 0.3586556 -0.09556233 0.9285656 0.7399014 0.5939723 0.3158211 0.7398918 0.5939851 0.3158195 0.7399045 0.5939683 0.3158213 0.7399197 0.593948 0.3158238 0.7272223 0.6220359 -0.2902053 0.7272229 0.6220346 -0.2902069 0.7272133 0.6220487 -0.2902004 0.7272262 0.6220297 -0.2902088 0.2935267 0.6112939 -0.7349571 0.2935268 0.6113008 -0.7349513 0.2935265 0.611303 -0.7349495 0.2935277 0.6112918 -0.7349585 0.3348229 0.5250535 0.7824403 0.3348194 0.5250548 0.7824407 0.3348371 0.5250134 0.7824611 0.334835 0.5250048 0.7824676 0.9178263 0.0545631 0.3932147 0.9178854 0.05442178 0.3930965 0.9178122 0.05459696 0.3932428 0.9178529 0.05449938 0.3931614 0.9296478 0.09733611 -0.3553599 0.9296458 0.0973277 -0.3553676 0.9296522 0.09735584 -0.3553431 0.9296481 0.09733825 -0.3553586 0.3808583 0.1195408 -0.9168735 0.3808326 0.1195067 -0.9168887 0.380904 0.1196029 -0.9168464 0.3808498 0.11953 -0.9168785 0.4077973 0.00652337 0.9130492 0.4076699 0.006668329 0.9131051 0.4077305 0.006599485 0.9130786 0.4078129 0.006504654 0.9130424 0.4440037 0.8830025 0.1522083 0.4440081 0.8830001 0.1522094 0.4440068 0.8830012 0.1522074 0.4440468 0.8829793 0.152217 0.4618285 0.8613851 -0.2114956 0.4618275 0.8613854 -0.2114961 0.4618381 0.8613779 -0.2115033 0.4618298 0.8613836 -0.2114984 0.1898996 0.851625 -0.4885419 0.189903 0.8516086 -0.4885691 0.1898989 0.8516275 -0.4885377 0.1899028 0.8516159 -0.4885565 0.1891996 0.9030995 0.385506 0.1892016 0.9031004 0.385503 0.1892181 0.9030866 0.3855275 0.1892288 0.9030782 0.3855415 0.7464359 -0.5938209 0.3003499 0.7464346 -0.5938214 0.3003523 0.7464357 -0.5938209 0.3003505 0.7464631 -0.5937809 0.3003618 0.7464573 -0.5937829 0.300372 0.7464607 -0.5937818 0.3003662 0.8363373 -0.4369593 -0.3310689 0.8363239 -0.43698 -0.3310758 0.8363451 -0.4369435 -0.3310701 0.8363481 -0.4369341 -0.3310746 0.3701881 -0.3091495 -0.8760066 0.3701929 -0.3091505 -0.8760041 0.3701909 -0.3091497 -0.8760052 0.3701924 -0.3091428 -0.8760071 0.3701891 -0.3091423 -0.8760086 0.3701925 -0.3091429 -0.876007 0.2871729 -0.7194387 0.6324078 0.2871688 -0.7194712 0.6323727 0.2871698 -0.719471 0.6323725 0.2871716 -0.7194493 0.6323965 0.2871714 -0.7194493 0.6323966 0.2871712 -0.7194494 0.6323966 0.9144763 0.1195656 0.3865709 0.9144784 0.1195582 0.3865684 0.9145388 0.1198055 0.3863492 0.9144747 0.1195607 0.3865764 0.9279369 0.1062904 0.3572611 0.9279286 0.1062834 0.3572848 0.376255 0.07891333 0.9231495 0.3762129 0.0788964 0.9231681 0.3764783 0.07918971 0.9230348 0.3762334 0.07889968 0.9231594 0.3992448 0.08697938 0.9127094 0.399213 0.08696877 0.9127242 0.9535365 0.07129848 0.2927197 0.9535369 0.07129567 0.2927188 0.9535367 0.07129597 0.2927196 0.9535325 0.07128781 0.292735 0.4433981 0.03803455 0.8955176 0.4433894 0.03802841 0.8955221 0.4433954 0.03803199 0.895519 0.4433663 0.03801554 0.895534 0.9811608 -0.03002125 0.1908465 0.981158 -0.0300309 0.1908589 0.9811604 -0.03002148 0.1908482 0.9811525 -0.03005206 0.1908839 0.5097088 -0.1199602 0.8519428 0.5096979 -0.1199691 0.851948 0.5097391 -0.1199148 0.851931 0.5096986 -0.1199648 0.8519483 0.9554577 0.2922769 -0.04092502 0.9554557 0.2922838 -0.0409218 0.9554614 0.2922641 -0.04093027 0.955461 0.2922655 -0.0409305 0.9888798 -0.1406888 0.04820334 0.9888883 -0.1406384 0.04817551 0.988883 -0.1406708 0.04819124 0.9888916 -0.1406154 0.04817378 0.9905116 -0.06906431 0.1188151 0.9905102 -0.06908053 0.1188172 0.9905083 -0.06909841 0.1188234 0.9905111 -0.06906783 0.1188169 0.4337319 0.894725 -0.1065075 0.4336679 0.8947607 -0.1064676 0.4337319 0.8947252 -0.1065073 0.4337109 0.8947368 -0.1064944 0.945354 0.3053556 -0.1142972 0.9453598 0.3053365 -0.1143005 0.9453584 0.305341 -0.1143001 0.9453578 0.3053428 -0.1143002 0.9412696 -0.3086655 0.1368839 0.9412716 -0.3086585 0.1368862 0.9412742 -0.3086505 0.1368862 0.9412757 -0.3086453 0.136888 0.4441612 -0.8384063 0.3159046 0.4441635 -0.8384036 0.3159089 0.4441711 -0.8383998 0.3159078 0.4442082 -0.8383749 0.3159222 0.4174461 0.8599129 -0.2937491 0.4174261 0.8599263 -0.2937387 0.417472 0.8598958 -0.2937626 0.4174612 0.8599029 -0.2937572 0.9319495 0.2594949 -0.2532441 0.9319422 0.259518 -0.2532476 0.9319546 0.259479 -0.2532417 0.9319426 0.2595165 -0.2532474 0.9183983 -0.2939279 0.2648603 0.9183956 -0.293935 0.2648615 0.9183837 -0.2939668 0.264868 0.918379 -0.2939792 0.2648704 0.3597239 -0.702625 0.6139356 0.359704 -0.7026377 0.6139327 0.3597088 -0.7026344 0.6139338 0.3597096 -0.7026343 0.6139334 0.3860446 0.6421275 -0.6623005 0.3860219 0.642147 -0.6622948 0.3860343 0.6421361 -0.6622982 0.3860191 0.6421498 -0.6622937 0.9248691 0.186202 -0.3315809 0.9248653 0.1862123 -0.3315863 0.9248586 0.1862291 -0.331595 0.9248623 0.1862201 -0.3315899 0.9179769 -0.2070291 0.3383156 0.9179844 -0.2070127 0.3383054 0.9179795 -0.207023 0.3383123 0.9179676 -0.2070511 0.3383272 0.3611249 -0.499956 0.7871676 0.3611397 -0.4999477 0.7871661 0.361101 -0.499971 0.787169 0.3610934 -0.499976 0.7871694 0.3819164 0.4302794 -0.817924 0.3819433 0.4302569 -0.8179232 0.3819159 0.4302795 -0.8179242 0.3819164 0.4302798 -0.8179238 0.9190967 0.1082691 -0.3788655 0.9190974 0.1082617 -0.378866 0.9191092 0.1082643 -0.3788369 0.919093 0.1082934 -0.3788677 0.9148653 0.08253973 -0.3952325 0.9148724 0.08252125 -0.39522 0.9207793 -0.08541446 0.3806179 0.9207782 -0.08541762 0.3806199 0.9207773 -0.08541887 0.3806217 0.9207751 -0.08542352 0.3806262 0.3633844 -0.2342498 0.9017089 0.3633649 -0.2342607 0.901714 0.3633893 -0.2342473 0.9017075 0.3633848 -0.2342498 0.9017087 0.382327 0.215204 -0.8986175 0.3823446 0.2151918 -0.8986129 0.3823444 0.2151919 -0.8986129 0.3823219 0.2152069 -0.8986189 0.920924 0.001504838 0.3897394 0.9209472 0.001563072 0.3896843 0.9208753 0.00138396 0.3898552 0.9209174 0.001488566 0.3897551 0.3607936 -0.06006902 0.9307093 0.3607872 -0.06007373 0.9307114 0.3608024 -0.06006222 0.9307063 0.3607907 -0.06007117 0.9307103 0.3822324 0.1422425 -0.913053 0.3825367 0.1418343 -0.9129889 0.3821701 0.1423261 -0.9130659 0.3822392 0.1422341 -0.9130514 0.1907404 0.9814967 0.01680815 0.1907395 0.981496 0.01685708 0.1907402 0.9814957 0.01686835 0.1907411 0.9814957 0.01685285 0.5127226 -0.5524421 0.6572086 0.512707 -0.5524764 0.6571921 0.5127213 -0.5524453 0.6572071 0.5127188 -0.5524495 0.6572056 0.6262258 -0.7186047 -0.3024048 0.6262176 -0.7186149 -0.3023973 0.6262256 -0.718605 -0.3024045 0.626236 -0.7185918 -0.3024142 0.6316096 -0.7375478 0.2389405 0.6315792 -0.7375741 0.23894 0.6315824 -0.7375712 0.2389403 0.6315926 -0.7375627 0.2389397 0.2526422 -0.7294076 0.6357175 0.2526639 -0.7293787 0.635742 0.2526685 -0.7293725 0.6357473 0.2526581 -0.7293868 0.6357349 0.2612291 -0.7230786 -0.639466 0.2612307 -0.7230721 -0.6394727 0.261232 -0.7230519 -0.639495 0.2612297 -0.7230839 -0.6394599 0.9088206 -0.04616719 -0.4146249 0.9088177 -0.0461629 -0.4146318 0.9088268 -0.04617911 -0.4146099 0.9088295 -0.04618465 -0.4146036 0.9336071 -0.03100705 0.3569546 0.9336364 -0.03095155 0.3568827 0.9335992 -0.03102183 0.3569738 0.9336099 -0.03100132 0.3569476 0.3732231 -0.04394322 0.9267004 0.3732149 -0.04394936 0.9267034 0.3732219 -0.04394382 0.9267009 0.3731979 -0.04396253 0.9267097 0.3897497 -0.08154302 -0.9173036 0.3897468 -0.08154153 -0.917305 0.3897198 -0.0815221 -0.9173182 0.3897351 -0.08153402 -0.9173106 0.7324981 0.604142 -0.313782 0.7325378 0.6040905 -0.3137884 0.7325301 0.6041007 -0.313787 0.7325306 0.6040999 -0.3137869 0.7341036 0.6125572 0.2930284 0.7341057 0.6125542 0.2930296 0.7341082 0.6125502 0.2930316 0.7341014 0.6125608 0.2930267 0.2972728 0.5979954 0.7443323 0.2972741 0.5979622 0.7443583 0.2972725 0.5979999 0.7443287 0.2972744 0.597968 0.7443537 0.3127373 0.6387965 -0.7029471 0.3127403 0.6387908 -0.7029508 0.3127415 0.6387872 -0.7029535 0.312748 0.6387749 -0.7029619 0.9174196 0.0972014 -0.3858669 0.9174182 0.09720581 -0.385869 0.9174126 0.09722465 -0.3858776 0.9174224 0.09719055 -0.385863 0.9137728 0.194656 0.3565508 0.913773 0.1946466 0.3565555 0.9137735 0.1946427 0.3565559 0.9137735 0.1946448 0.3565549 0.3689802 0.2458235 0.8963395 0.3689806 0.2458244 0.8963391 0.3689999 0.2458836 0.8963149 0.3689788 0.2458162 0.8963421 0.4102778 -0.001155972 -0.9119599 0.4102564 -0.001109898 -0.9119695 0.4102753 -0.001149535 -0.911961 0.4102863 -0.001172363 -0.911956 0.4583977 0.8734726 -0.1640648 0.4583937 0.8734742 -0.1640668 0.4583972 0.8734728 -0.164065 0.4583654 0.8734903 -0.1640601 0.4524105 0.8684738 0.202677 0.4523813 0.8684936 0.2026577 0.4524078 0.8684769 0.2026695 0.4524106 0.8684731 0.2026804 0.1803882 0.8681949 0.4622744 0.1803866 0.8681987 0.4622682 0.1803858 0.8682032 0.4622599 0.1803885 0.8681914 0.4622809 0.205806 0.8797345 -0.4286154 0.2057985 0.8797408 -0.4286063 0.2058084 0.8797338 -0.4286157 0.2057794 0.8797588 -0.4285784 0.7464017 -0.5938641 -0.3003497 0.7464005 -0.5938652 -0.3003506 0.7463973 -0.5938659 -0.3003573 0.7463775 -0.593904 -0.3003311 0.7463779 -0.5939039 -0.3003302 0.7463723 -0.5939056 -0.3003408 0.8363207 -0.4369791 0.3310845 0.8362863 -0.4370431 0.3310871 0.8363193 -0.43698 0.3310869 0.8363034 -0.4370124 0.3310843 0.3701912 -0.3092409 0.8759729 0.3701878 -0.3092404 0.8759745 0.370186 -0.3092401 0.8759754 0.3701738 -0.3092841 0.8759651 0.3701744 -0.3092844 0.8759647 0.3701736 -0.3092845 0.875965 0.2871628 -0.7194216 -0.6324319 0.2871626 -0.7194217 -0.6324319 0.2871624 -0.7194218 -0.6324319 0.2871633 -0.7194197 -0.6324338 0.2871623 -0.7194198 -0.6324341 0.2871628 -0.7194197 -0.632434 0.1978441 -0.04623848 0.9791424 0.1978852 -0.04628407 0.9791319 0.1978771 -0.04627501 0.979134 0.1978653 -0.04626113 0.979137 0.5555184 -0.0241748 0.8311528 0.5554671 -0.0241006 0.8311893 0.5555201 -0.02417659 0.8311517 0.5555159 -0.0241698 0.8311547 0.7973751 -0.008390605 0.6034259 0.6892454 0.5028676 0.5215986 0.7973445 -0.008324801 0.6034671 0.8355255 0.3012943 0.459477 -0.664695 0.2477334 -0.7048466 -0.3728992 0.2517631 -0.8930631 0 1 0 -0.09101712 0.2740641 -0.9573947 -0.006908416 0.4184087 0.9082327 -0.8457831 0.249353 -0.4716718 0.9625088 0.2708593 -0.01455938 0.9617845 -0.2734609 -0.01377749 0.7939183 -0.5260035 0.3049821 -0.8899905 0.2189013 -0.3999991 -0.9157133 0.1637557 -0.3669511 0.9868158 0.1611793 0.01469862 -0.09257048 -0.1698651 -0.9811099 -0.3751952 -0.1879865 -0.9076837 -0.6707096 -0.2210002 -0.7080307 -0.8468543 -0.2423697 -0.4733865 -0.8903499 -0.2171757 -0.4001398 -0.006518781 -0.5142959 0.857588 0 -1 -5.99849e-6 0 -1 3.01944e-6 -0.002588927 -0.3076965 0.9514811 0.001055538 -0.166934 -0.9859676 0.004007279 0.3077844 -0.9514478 -0.002588331 0.1669756 0.9859577 0.05825245 -0.3387759 0.9390621 0.05973339 0.171163 0.9834303 0.02288472 0.3561331 -0.934155 0.01942467 -0.1905295 -0.9814893 0.6544219 -0.2548382 0.7118915 0.6412636 0.1117043 0.7591464 0.4176487 0.2585675 -0.8710411 0.3887189 -0.0910716 -0.9168444 0.9617674 -0.27352 -0.01379591 0.9625062 0.2708689 -0.01455879 0.9867724 -0.1614654 0.01446747 0.9868252 0.1611199 0.01471298 0.9647404 -0.1989523 0.1723198 0.9647886 0.1986947 0.1723475 0.9823854 -0.1868663 5.36442e-7 0.9824249 0.186659 -6.00331e-6 0.9647417 -0.1989417 -0.1723242 0.9647822 0.1987302 -0.1723414 0.9867694 -0.1614828 -0.01447623 0.9868242 0.1611284 -0.01468586 0.96178 -0.2734766 0.01377326 0.9624897 0.2709279 0.01455485 0.9617797 -0.2734753 0.01382541 0.9625087 0.2708592 0.0145722 0.8329686 -0.3109468 -0.4576851 0.8360787 0.3012955 -0.4584687 0.6548033 -0.3173441 -0.6859486 0.6653704 0.2865839 -0.6893127 0.3667763 -0.3268853 -0.8709886 0.3812603 0.2592862 -0.887362 0.08857452 -0.3145276 -0.9451069 0.09041446 0.2078962 -0.9739633 -0.8899786 0.2189164 0.4000172 -0.8457755 0.2493516 0.4716859 -0.6647614 0.2477549 0.7047765 -0.3729103 0.2518022 0.8930474 -0.09103965 0.2740634 0.9573928 -0.8903432 -0.2172016 0.4001408 -0.8462249 -0.2423641 0.4745136 -0.6692696 -0.2210209 0.7093857 -0.3752053 -0.1879866 0.9076796 -0.09256911 -0.1698946 0.981105 -0.00948745 0.1678353 -0.9857694 -0.00916624 -0.308902 -0.9510498 0.007525682 0.3066537 0.9517914 0.007770121 -0.1654931 0.9861804 0.05195438 0.1666063 -0.9846538 0.0492202 -0.3344814 -0.9411162 0.02802622 0.3588329 0.932981 0.02639412 -0.1920478 0.9810307 0.6662341 0.09482711 -0.7396891 0.6937789 -0.266955 -0.6688841 0.3753911 0.2780432 0.8841796 0.3222736 -0.06731271 0.9442504 0.9647676 0.1987766 -0.1723696 0.9824243 0.1866616 -2.77162e-5 -0.9558003 0.1932998 0.2215425 -0.9904868 0.1376079 -3.96073e-5 -0.9157127 0.1637567 0.3669525 0.9868158 0.1611776 -0.01470834 -0.9557923 0.1933118 -0.2215667 0.9647865 0.1987509 0.1722939 -0.8899707 0.2189233 -0.4000309 -0.8903675 -0.217174 -0.4001015 -0.9157555 0.1637278 -0.3668587 -0.9157425 -0.1638339 -0.3668437 -0.9557974 0.1932954 -0.2215585 -0.9557916 -0.1933546 -0.2215324 -0.9904878 0.1376008 1.05333e-5 -0.9904788 -0.1376656 -8.69017e-6 -0.9558049 0.1932651 0.2215528 -0.955788 -0.1933702 0.221534 -0.9157456 0.1637351 0.36688 -0.9157391 -0.1638697 0.3668361 -0.8899787 0.2189531 0.3999971 -0.8903643 -0.2171263 0.4001345 -0.8903557 -0.2171053 -0.4001652 0.9617556 -0.273561 -0.01381248 -0.91571 -0.1638866 -0.3669012 0.986769 -0.1614879 0.01444548 -0.9557772 -0.1934166 -0.2215402 0.9647404 -0.1989412 0.1723324 -0.9904755 -0.1376887 1.73301e-5 0.9823821 -0.1868836 7.7337e-6 -0.9557726 -0.1933878 0.2215851 0.9647406 -0.198973 -0.1722941 -0.9156998 -0.163922 0.3669106 0.9867662 -0.1615036 -0.01446497 -0.890339 -0.2171584 0.4001734 0.9618042 -0.2733884 0.0138396 0.6412398 0.1117036 0.7591666 0.6544226 -0.2548021 0.7119038 0.4177049 0.2584898 -0.8710371 0.388798 -0.0910238 -0.9168157 0.3754639 0.2779507 0.8841778 0.3223258 -0.06723207 0.9442383 0.6662308 0.09484416 -0.73969 0.6937821 -0.2668976 -0.6689038</float_array>
          <technique_common>
            <accessor source="#slingShotMesh-mesh-normals-array" count="1092" stride="3">
              <param name="X" type="float"/>
              <param name="Y" type="float"/>
              <param name="Z" type="float"/>
            </accessor>
          </technique_common>
        </source>
        <source id="slingShotMesh-mesh-map-0">
          <float_array id="slingShotMesh-mesh-map-0-array" count="3816">0.1908152 0.07667362 0.2666795 0.07674735 0.190505 0.01540076 0.2666795 0.07674735 0.274895 0.01538908 0.190505 0.01540076 0.2638148 0.1504487 0.2666795 0.07674735 0.1908152 0.07667362 0.1908518 0.1451629 0.2638148 0.1504487 0.1908152 0.07667362 0.2666795 0.07674735 0.3292391 0.0768541 0.274895 0.01538908 0.3292391 0.0768541 0.3414692 0.01538938 0.274895 0.01538908 0.3242306 0.182937 0.3292391 0.0768541 0.2666795 0.07674735 0.2638148 0.1504487 0.3242306 0.182937 0.2666795 0.07674735 0.1908864 0.2245807 0.2701565 0.2559713 0.1908518 0.1451629 0.2701565 0.2559713 0.2638148 0.1504487 0.1908518 0.1451629 0.2701565 0.2559713 0.3341915 0.2581861 0.2638148 0.1504487 0.3341915 0.2581861 0.3242306 0.182937 0.2638148 0.1504487 0.1909134 0.3077844 0.282613 0.3304135 0.1908864 0.2245807 0.282613 0.3304135 0.2701565 0.2559713 0.1908864 0.2245807 0.282613 0.3304135 0.3604329 0.3267483 0.2701565 0.2559713 0.3604329 0.3267483 0.3341915 0.2581861 0.2701565 0.2559713 0.381711 0.4837064 0.3869731 0.4332946 0.1909196 0.4672685 0.3869731 0.4332946 0.1909219 0.4160155 0.1909196 0.4672685 0.3387328 0.3806746 0.1909176 0.3647575 0.3869731 0.4332946 0.1909176 0.3647575 0.1909219 0.4160155 0.3869731 0.4332946 0.282613 0.3304135 0.1909134 0.3077844 0.3387328 0.3806746 0.1909134 0.3077844 0.1909176 0.3647575 0.3387328 0.3806746 0.3691451 0.5189118 0.381711 0.4837064 0.1909168 0.5087338 0.381711 0.4837064 0.1909196 0.4672685 0.1909168 0.5087338 0.5534644 0.5281217 0.5688919 0.4868901 0.381711 0.4837064 0.5688919 0.4868901 0.3869731 0.4332946 0.381711 0.4837064 0.5688919 0.4868901 0.5790696 0.4437608 0.3869731 0.4332946 0.5790696 0.4437608 0.3387328 0.3806746 0.3869731 0.4332946 0.5790696 0.4437608 0.6040412 0.4071066 0.3387328 0.3806746 0.6040412 0.4071066 0.399827 0.3515361 0.3387328 0.3806746 0.5361055 0.5674365 0.5534644 0.5281217 0.3691451 0.5189118 0.5534644 0.5281217 0.381711 0.4837064 0.3691451 0.5189118 0.6703327 0.6141235 0.6955165 0.5788544 0.5534644 0.5281217 0.6955165 0.5788544 0.5688919 0.4868901 0.5534644 0.5281217 0.6955165 0.5788544 0.7295408 0.5423358 0.5688919 0.4868901 0.7295408 0.5423358 0.5790696 0.4437608 0.5688919 0.4868901 0.7295408 0.5423358 0.7602129 0.506089 0.5790696 0.4437608 0.7602129 0.506089 0.6040412 0.4071066 0.5790696 0.4437608 0.6387177 0.6467516 0.6703327 0.6141235 0.5361055 0.5674365 0.6703327 0.6141235 0.5534644 0.5281217 0.5361055 0.5674365 0.7550053 0.7305144 0.7986699 0.701935 0.6703327 0.6141235 0.7986699 0.701935 0.6955165 0.5788544 0.6703327 0.6141235 0.7986699 0.701935 0.8418865 0.6749375 0.6955165 0.5788544 0.8418865 0.6749375 0.7295408 0.5423358 0.6955165 0.5788544 0.8418865 0.6749375 0.8896336 0.6584166 0.7295408 0.5423358 0.8896336 0.6584166 0.7602129 0.506089 0.7295408 0.5423358 0.7137543 0.7534995 0.7550053 0.7305144 0.6387177 0.6467516 0.7550053 0.7305144 0.6703327 0.6141235 0.6387177 0.6467516 0.8020828 0.8749058 0.8513475 0.8565717 0.7550053 0.7305144 0.8513475 0.8565717 0.7986699 0.701935 0.7550053 0.7305144 0.8513475 0.8565717 0.9000197 0.8393968 0.7986699 0.701935 0.9000197 0.8393968 0.8418865 0.6749375 0.7986699 0.701935 0.9000197 0.8393968 0.9588198 0.8251954 0.8418865 0.6749375 0.9588198 0.8251954 0.8896336 0.6584166 0.8418865 0.6749375 0.7541908 0.8902797 0.8020828 0.8749058 0.7137543 0.7534995 0.8020828 0.8749058 0.7550053 0.7305144 0.7137543 0.7534995 0.8104522 0.9597474 0.8634607 0.9597449 0.8020828 0.8749058 0.8634607 0.9597449 0.8513475 0.8565717 0.8020828 0.8749058 0.8634607 0.9597449 0.9164578 0.9597492 0.8513475 0.8565717 0.9164578 0.9597492 0.9000197 0.8393968 0.8513475 0.8565717 0.9164578 0.9597492 0.9857838 0.9597508 0.9000197 0.8393968 0.9857838 0.9597508 0.9588198 0.8251954 0.9000197 0.8393968 0.7597799 0.9598215 0.8104522 0.9597474 0.7541908 0.8902797 0.8104522 0.9597474 0.8020828 0.8749058 0.7541908 0.8902797 0.2356606 0.6681167 0.3098919 0.620246 0.3068777 0.6905319 0.3098919 0.620246 0.3781827 0.6716601 0.3068777 0.6905319 0.3781827 0.6716601 0.3098919 0.620246 0.4078004 0.6202085 0.3098919 0.620246 0.3781827 0.5686598 0.4078004 0.6202085 0.2356606 0.6681167 0.2061478 0.6202075 0.3098919 0.620246 0.2061478 0.6202075 0.2356606 0.5722034 0.3098919 0.620246 0.3604329 0.3267483 0.282613 0.3304135 0.399827 0.3515361 0.282613 0.3304135 0.3387328 0.3806746 0.399827 0.3515361 0.958951 0.2918022 0.9592021 0.3548032 0.986748 0.2919067 0.9592021 0.3548032 0.9867736 0.3547324 0.986748 0.2919067 0.9592021 0.3548032 0.9593953 0.4177402 0.9867736 0.3547324 0.9593953 0.4177402 0.9867293 0.4178998 0.9867736 0.3547324 0.9593953 0.4177402 0.9594739 0.489136 0.9867293 0.4178998 0.9594739 0.489136 0.9867129 0.4891712 0.9867293 0.4178998 0.9588424 0.2375645 0.958951 0.2918022 0.986735 0.2376207 0.958951 0.2918022 0.986748 0.2919067 0.986735 0.2376207 0.8302975 0.291718 0.8301946 0.3540012 0.958951 0.2918022 0.8301946 0.3540012 0.9592021 0.3548032 0.958951 0.2918022 0.8301946 0.3540012 0.8300989 0.4177025 0.9592021 0.3548032 0.8300989 0.4177025 0.9593953 0.4177402 0.9592021 0.3548032 0.8300989 0.4177025 0.83006 0.4891244 0.9593953 0.4177402 0.83006 0.4891244 0.9594739 0.489136 0.9593953 0.4177402 0.8303412 0.237524 0.8302975 0.291718 0.9588424 0.2375645 0.8302975 0.291718 0.958951 0.2918022 0.9588424 0.2375645 0.8042405 0.2917658 0.8044244 0.353695 0.8302975 0.291718 0.8044244 0.353695 0.8301946 0.3540012 0.8302975 0.291718 0.8044244 0.353695 0.8045965 0.4178051 0.8301946 0.3540012 0.8045965 0.4178051 0.8300989 0.4177025 0.8301946 0.3540012 0.8045965 0.4178051 0.8046671 0.4891465 0.8300989 0.4177025 0.8046671 0.4891465 0.83006 0.4891244 0.8300989 0.4177025 0.8041632 0.2375514 0.8042405 0.2917658 0.8303412 0.237524 0.8042405 0.2917658 0.8302975 0.291718 0.8303412 0.237524 0.4907264 0.2980883 0.5784999 0.2975536 0.4913107 0.2478444 0.5784999 0.2975536 0.5789617 0.2470882 0.4913107 0.2478444 0.5784999 0.2975536 0.6590538 0.2970451 0.5789617 0.2470882 0.6590538 0.2970451 0.6598925 0.2463791 0.5789617 0.2470882 0.6590538 0.2970451 0.7451506 0.296836 0.6598925 0.2463791 0.7451506 0.296836 0.7451316 0.2460882 0.6598925 0.2463791 0.4053133 0.2983131 0.4907264 0.2980883 0.4061363 0.2481635 0.4907264 0.2980883 0.4913107 0.2478444 0.4061363 0.2481635 0.4912074 0.3253954 0.5785009 0.3253301 0.4907264 0.2980883 0.5785009 0.3253301 0.5784999 0.2975536 0.4907264 0.2980883 0.5785009 0.3253301 0.6581875 0.325268 0.5784999 0.2975536 0.6581875 0.325268 0.6590538 0.2970451 0.5784999 0.2975536 0.6581875 0.325268 0.7451799 0.3252425 0.6590538 0.2970451 0.7451799 0.3252425 0.7451506 0.296836 0.6590538 0.2970451 0.406229 0.3254224 0.4912074 0.3253954 0.4053133 0.2983131 0.4912074 0.3253954 0.4907264 0.2980883 0.4053133 0.2983131 0.2356606 0.6681167 0.3068777 0.6905319 0.2164938 0.6757429 0.3068777 0.6905319 0.304917 0.7063166 0.2164938 0.6757429 0.3068777 0.6905319 0.3781827 0.6716601 0.304917 0.7063166 0.3781827 0.6716601 0.3948051 0.6842498 0.304917 0.7063166 0.3781827 0.6716601 0.4078004 0.6202085 0.3948051 0.6842498 0.4078004 0.6202085 0.4320545 0.6201601 0.3948051 0.6842498 0.2061478 0.6202075 0.2356606 0.6681167 0.1857793 0.6201601 0.2356606 0.6681167 0.2164938 0.6757429 0.1857793 0.6201601 0.274895 0.01538908 0.2666795 0.07674735 0.1904454 0.01537704 0.2666795 0.07674735 0.1908152 0.07667362 0.1904454 0.01537704 0.2666795 0.07674735 0.2638148 0.1825048 0.1908152 0.07667362 0.2638148 0.1825048 0.1908518 0.1823479 0.1908152 0.07667362 0.3414692 0.01538938 0.3292391 0.0768541 0.274895 0.01538908 0.3292391 0.0768541 0.2666795 0.07674735 0.274895 0.01538908 0.3292391 0.0768541 0.3242306 0.182937 0.2666795 0.07674735 0.3242306 0.182937 0.2638148 0.1825048 0.2666795 0.07674735 0.2638148 0.1825048 0.2701565 0.2559713 0.1908518 0.1823479 0.2701565 0.2559713 0.1908864 0.2566368 0.1908518 0.1823479 0.3242306 0.182937 0.3341915 0.2581861 0.2638148 0.1825048 0.3341915 0.2581861 0.2701565 0.2559713 0.2638148 0.1825048 0.2701565 0.2559713 0.282613 0.3304135 0.1908864 0.2566368 0.282613 0.3304135 0.1909134 0.342405 0.1908864 0.2566368 0.3341915 0.2581861 0.3604329 0.3267483 0.2701565 0.2559713 0.3604329 0.3267483 0.282613 0.3304135 0.2701565 0.2559713 0.1909219 0.4160155 0.3869731 0.4332946 0.1909196 0.4672685 0.3869731 0.4332946 0.381711 0.4837064 0.1909196 0.4672685 0.1909219 0.4160155 0.1909176 0.3647575 0.3869731 0.4332946 0.1909176 0.3647575 0.3387328 0.3806746 0.3869731 0.4332946 0.1909176 0.3647575 0.1909134 0.342405 0.3387328 0.3806746 0.1909134 0.342405 0.282613 0.3304135 0.3387328 0.3806746 0.1909196 0.4672685 0.381711 0.4837064 0.1909168 0.5087338 0.381711 0.4837064 0.3691451 0.5189118 0.1909168 0.5087338 0.3869731 0.4332946 0.5688919 0.4868901 0.381711 0.4837064 0.5688919 0.4868901 0.5534644 0.5281217 0.381711 0.4837064 0.3387328 0.3806746 0.5790696 0.4437608 0.3869731 0.4332946 0.5790696 0.4437608 0.5688919 0.4868901 0.3869731 0.4332946 0.399827 0.3515361 0.6040412 0.4071066 0.3387328 0.3806746 0.6040412 0.4071066 0.5790696 0.4437608 0.3387328 0.3806746 0.381711 0.4837064 0.5534644 0.5281217 0.3691451 0.5189118 0.5534644 0.5281217 0.5361055 0.5674365 0.3691451 0.5189118 0.5688919 0.4868901 0.7007382 0.5775722 0.5534644 0.5281217 0.7007382 0.5775722 0.6703327 0.6141235 0.5534644 0.5281217 0.5790696 0.4437608 0.7295408 0.5423358 0.5688919 0.4868901 0.7295408 0.5423358 0.7007382 0.5775722 0.5688919 0.4868901 0.6040412 0.4071066 0.7602129 0.506089 0.5790696 0.4437608 0.7602129 0.506089 0.7295408 0.5423358 0.5790696 0.4437608 0.5534644 0.5281217 0.6703327 0.6141235 0.5361055 0.5674365 0.6703327 0.6141235 0.6387177 0.6467516 0.5361055 0.5674365 0.7007382 0.5775722 0.7986699 0.701935 0.6703327 0.6141235 0.7986699 0.701935 0.7550053 0.7305144 0.6703327 0.6141235 0.7295408 0.5423358 0.8418865 0.6749375 0.7007382 0.5775722 0.8418865 0.6749375 0.7986699 0.701935 0.7007382 0.5775722 0.7602129 0.506089 0.8896336 0.6584166 0.7295408 0.5423358 0.8896336 0.6584166 0.8418865 0.6749375 0.7295408 0.5423358 0.6703327 0.6141235 0.7550053 0.7305144 0.6387177 0.6467516 0.7550053 0.7305144 0.7137543 0.7534995 0.6387177 0.6467516 0.7986699 0.701935 0.8513475 0.8565717 0.7550053 0.7305144 0.8513475 0.8565717 0.8020828 0.8749058 0.7550053 0.7305144 0.8513475 0.8565717 0.8634607 0.9597449 0.8020828 0.8749058 0.8634607 0.9597449 0.8104522 0.9597474 0.8020828 0.8749058 0.8418865 0.6749375 0.9000197 0.8393968 0.7986699 0.701935 0.9000197 0.8393968 0.8513475 0.8565717 0.7986699 0.701935 0.8896336 0.6584166 0.9588198 0.8251954 0.8418865 0.6749375 0.9588198 0.8251954 0.9000197 0.8393968 0.8418865 0.6749375 0.7550053 0.7305144 0.8020828 0.8749058 0.7137543 0.7534995 0.8020828 0.8749058 0.7541908 0.8902797 0.7137543 0.7534995 0.9000197 0.8393968 0.9164578 0.9597492 0.8513475 0.8565717 0.9164578 0.9597492 0.8634607 0.9597449 0.8513475 0.8565717 0.9588198 0.8251954 0.9857838 0.9597508 0.9000197 0.8393968 0.9857838 0.9597508 0.9164578 0.9597492 0.9000197 0.8393968 0.8020828 0.8749058 0.8104522 0.9597474 0.7541908 0.8902797 0.8104522 0.9597474 0.7597799 0.9598215 0.7541908 0.8902797 0.2356606 0.6681167 0.3068777 0.6905319 0.3098919 0.620246 0.3068777 0.6905319 0.3781827 0.6716601 0.3098919 0.620246 0.3781827 0.6716601 0.4078004 0.6202085 0.3098919 0.620246 0.4078004 0.6202085 0.3781827 0.5686598 0.3098919 0.620246 0.2356606 0.6681167 0.3098919 0.620246 0.2061478 0.6202075 0.3098919 0.620246 0.2356606 0.5722034 0.2061478 0.6202075 0.3387328 0.3806746 0.282613 0.3304135 0.399827 0.3515361 0.282613 0.3304135 0.3604329 0.3267483 0.399827 0.3515361 0.9867736 0.3547324 0.9592021 0.3548032 0.986748 0.2919067 0.9592021 0.3548032 0.958951 0.2918022 0.986748 0.2919067 0.9867293 0.4178998 0.9593953 0.4177402 0.9867736 0.3547324 0.9593953 0.4177402 0.9592021 0.3548032 0.9867736 0.3547324 0.9867129 0.4891712 0.9594739 0.489136 0.9867293 0.4178998 0.9594739 0.489136 0.9593953 0.4177402 0.9867293 0.4178998 0.986748 0.2919067 0.958951 0.2918022 0.986735 0.2376207 0.958951 0.2918022 0.9588424 0.2375645 0.986735 0.2376207 0.9592021 0.3548032 0.8301946 0.3540012 0.958951 0.2918022 0.8301946 0.3540012 0.8302975 0.291718 0.958951 0.2918022 0.9593953 0.4177402 0.8300989 0.4177025 0.9592021 0.3548032 0.8300989 0.4177025 0.8301946 0.3540012 0.9592021 0.3548032 0.9594739 0.489136 0.83006 0.4891244 0.9593953 0.4177402 0.83006 0.4891244 0.8300989 0.4177025 0.9593953 0.4177402 0.958951 0.2918022 0.8302975 0.291718 0.9588424 0.2375645 0.8302975 0.291718 0.8303412 0.237524 0.9588424 0.2375645 0.8301946 0.3540012 0.8044244 0.353695 0.8302975 0.291718 0.8044244 0.353695 0.8042405 0.2917658 0.8302975 0.291718 0.8300989 0.4177025 0.8045965 0.4178051 0.8301946 0.3540012 0.8045965 0.4178051 0.8044244 0.353695 0.8301946 0.3540012 0.83006 0.4891244 0.8046671 0.4891465 0.8300989 0.4177025 0.8046671 0.4891465 0.8045965 0.4178051 0.8300989 0.4177025 0.8302975 0.291718 0.8042405 0.2917658 0.8303412 0.237524 0.8042405 0.2917658 0.8041632 0.2375514 0.8303412 0.237524 0.5789617 0.2470882 0.5784999 0.2975536 0.4913107 0.2478444 0.5784999 0.2975536 0.4907264 0.2980883 0.4913107 0.2478444 0.6598925 0.2463791 0.6590538 0.2970451 0.5789617 0.2470882 0.6590538 0.2970451 0.5784999 0.2975536 0.5789617 0.2470882 0.7451316 0.2460882 0.7451506 0.296836 0.6598925 0.2463791 0.7451506 0.296836 0.6590538 0.2970451 0.6598925 0.2463791 0.4913107 0.2478444 0.4907264 0.2980883 0.4061363 0.2481635 0.4907264 0.2980883 0.4053133 0.2983131 0.4061363 0.2481635 0.5784999 0.2975536 0.5785009 0.3253301 0.4907264 0.2980883 0.5785009 0.3253301 0.4912074 0.3253954 0.4907264 0.2980883 0.6590538 0.2970451 0.6581875 0.325268 0.5784999 0.2975536 0.6581875 0.325268 0.5785009 0.3253301 0.5784999 0.2975536 0.7451506 0.296836 0.7451799 0.3252425 0.6590538 0.2970451 0.7451799 0.3252425 0.6581875 0.325268 0.6590538 0.2970451 0.4907264 0.2980883 0.4912074 0.3253954 0.4053133 0.2983131 0.4912074 0.3253954 0.406229 0.3254224 0.4053133 0.2983131 0.304917 0.7063166 0.3068777 0.6905319 0.2164938 0.6757429 0.3068777 0.6905319 0.2356606 0.6681167 0.2164938 0.6757429 0.3948051 0.6842498 0.3781827 0.6716601 0.304917 0.7063166 0.3781827 0.6716601 0.3068777 0.6905319 0.304917 0.7063166 0.4320545 0.6201601 0.4078004 0.6202085 0.3948051 0.6842498 0.4078004 0.6202085 0.3781827 0.6716601 0.3948051 0.6842498 0.2164938 0.6757429 0.2356606 0.6681167 0.1857793 0.6201601 0.2356606 0.6681167 0.2061478 0.6202075 0.1857793 0.6201601 0.274895 0.01538908 0.2666795 0.07674735 0.1908017 0.01538902 0.2666795 0.07674735 0.1908152 0.05102878 0.1908017 0.01538902 0.2666795 0.07674735 0.2638148 0.1825048 0.1908152 0.05102878 0.2638148 0.1825048 0.1908518 0.1502919 0.1908152 0.05102878 0.3414692 0.01538938 0.3292391 0.0768541 0.274895 0.01538908 0.3292391 0.0768541 0.2666795 0.07674735 0.274895 0.01538908 0.3292391 0.0768541 0.3242306 0.182937 0.2666795 0.07674735 0.3242306 0.182937 0.2638148 0.1825048 0.2666795 0.07674735 0.2638148 0.1825048 0.2701565 0.275205 0.1908518 0.1502919 0.2701565 0.275205 0.1908864 0.2809993 0.1908518 0.1502919 0.3242306 0.182937 0.3341915 0.2581861 0.2638148 0.1825048 0.3341915 0.2581861 0.2701565 0.275205 0.2638148 0.1825048 0.2701565 0.275205 0.282613 0.3304135 0.1908864 0.2809993 0.282613 0.3304135 0.1909134 0.342405 0.1908864 0.2809993 0.3341915 0.2581861 0.3604329 0.3267483 0.2701565 0.275205 0.3604329 0.3267483 0.282613 0.3304135 0.2701565 0.275205 0.1909219 0.4160155 0.3869731 0.4332946 0.1909196 0.4672685 0.3869731 0.4332946 0.381711 0.4837064 0.1909196 0.4672685 0.1909219 0.4160155 0.1909176 0.3262903 0.3869731 0.4332946 0.1909176 0.3262903 0.3387328 0.3806746 0.3869731 0.4332946 0.1909176 0.3262903 0.1909134 0.342405 0.3387328 0.3806746 0.1909134 0.342405 0.282613 0.3304135 0.3387328 0.3806746 0.1909196 0.4672685 0.381711 0.4837064 0.1909168 0.5087338 0.381711 0.4837064 0.3691451 0.5189118 0.1909168 0.5087338 0.3869731 0.4332946 0.5688919 0.4868901 0.381711 0.4837064 0.5688919 0.4868901 0.5534644 0.5281217 0.381711 0.4837064 0.3387328 0.3806746 0.5790696 0.4437608 0.3869731 0.4332946 0.5790696 0.4437608 0.5688919 0.4868901 0.3869731 0.4332946 0.399827 0.3515361 0.6040412 0.4071066 0.3387328 0.3806746 0.6040412 0.4071066 0.5790696 0.4437608 0.3387328 0.3806746 0.381711 0.4837064 0.5534644 0.5281217 0.3691451 0.5189118 0.5534644 0.5281217 0.5361055 0.5674365 0.3691451 0.5189118 0.5688919 0.4868901 0.7007382 0.5775722 0.5534644 0.5281217 0.7007382 0.5775722 0.6703327 0.6141235 0.5534644 0.5281217 0.5790696 0.4437608 0.7295408 0.5423358 0.5688919 0.4868901 0.7295408 0.5423358 0.7007382 0.5775722 0.5688919 0.4868901 0.6040412 0.4071066 0.7602129 0.506089 0.5790696 0.4437608 0.7602129 0.506089 0.7295408 0.5423358 0.5790696 0.4437608 0.5534644 0.5281217 0.6703327 0.6141235 0.5361055 0.5674365 0.6703327 0.6141235 0.6387177 0.6467516 0.5361055 0.5674365 0.7007382 0.5775722 0.7986699 0.701935 0.6703327 0.6141235 0.7986699 0.701935 0.7550053 0.7305144 0.6703327 0.6141235 0.7295408 0.5423358 0.8418865 0.6749375 0.7007382 0.5775722 0.8418865 0.6749375 0.7986699 0.701935 0.7007382 0.5775722 0.7602129 0.506089 0.8896336 0.6584166 0.7295408 0.5423358 0.8896336 0.6584166 0.8418865 0.6749375 0.7295408 0.5423358 0.6703327 0.6141235 0.7550053 0.7305144 0.6387177 0.6467516 0.7550053 0.7305144 0.7137543 0.7534995 0.6387177 0.6467516 0.7986699 0.701935 0.8513475 0.8565717 0.7550053 0.7305144 0.8513475 0.8565717 0.8020828 0.8749058 0.7550053 0.7305144 0.8513475 0.8565717 0.8634607 0.9597449 0.8020828 0.8749058 0.8634607 0.9597449 0.8104522 0.9597474 0.8020828 0.8749058 0.8418865 0.6749375 0.9000197 0.8393968 0.7986699 0.701935 0.9000197 0.8393968 0.8513475 0.8565717 0.7986699 0.701935 0.8896336 0.6584166 0.9588198 0.8251954 0.8418865 0.6749375 0.9588198 0.8251954 0.9000197 0.8393968 0.8418865 0.6749375 0.7550053 0.7305144 0.8020828 0.8749058 0.7137543 0.7534995 0.8020828 0.8749058 0.7541908 0.8902797 0.7137543 0.7534995 0.9000197 0.8393968 0.9164578 0.9597492 0.8513475 0.8565717 0.9164578 0.9597492 0.8634607 0.9597449 0.8513475 0.8565717 0.9588198 0.8251954 0.9857838 0.9597508 0.9000197 0.8393968 0.9857838 0.9597508 0.9164578 0.9597492 0.9000197 0.8393968 0.8020828 0.8749058 0.8104522 0.9597474 0.7541908 0.8902797 0.8104522 0.9597474 0.7597799 0.9598215 0.7541908 0.8902797 0.2356606 0.5722034 0.3068777 0.549788 0.3098919 0.620246 0.3068777 0.549788 0.3781827 0.5686598 0.3098919 0.620246 0.3387328 0.3806746 0.282613 0.3304135 0.399827 0.3515361 0.282613 0.3304135 0.3604329 0.3267483 0.399827 0.3515361 0.9867736 0.3547324 0.9592021 0.3548032 0.986748 0.2919067 0.9592021 0.3548032 0.958951 0.2918022 0.986748 0.2919067 0.9867293 0.4178998 0.9593953 0.4177402 0.9867736 0.3547324 0.9593953 0.4177402 0.9592021 0.3548032 0.9867736 0.3547324 0.9867129 0.4891712 0.9594739 0.489136 0.9867293 0.4178998 0.9594739 0.489136 0.9593953 0.4177402 0.9867293 0.4178998 0.986748 0.2919067 0.958951 0.2918022 0.986735 0.2376207 0.958951 0.2918022 0.9588424 0.2375645 0.986735 0.2376207 0.9592021 0.3548032 0.8301946 0.3540012 0.958951 0.2918022 0.8301946 0.3540012 0.8302975 0.291718 0.958951 0.2918022 0.9593953 0.4177402 0.8300989 0.4177025 0.9592021 0.3548032 0.8300989 0.4177025 0.8301946 0.3540012 0.9592021 0.3548032 0.9594739 0.489136 0.83006 0.4891244 0.9593953 0.4177402 0.83006 0.4891244 0.8300989 0.4177025 0.9593953 0.4177402 0.958951 0.2918022 0.8302975 0.291718 0.9588424 0.2375645 0.8302975 0.291718 0.8303412 0.237524 0.9588424 0.2375645 0.8301946 0.3540012 0.8044244 0.353695 0.8302975 0.291718 0.8044244 0.353695 0.8042405 0.2917658 0.8302975 0.291718 0.8300989 0.4177025 0.8045965 0.4178051 0.8301946 0.3540012 0.8045965 0.4178051 0.8044244 0.353695 0.8301946 0.3540012 0.83006 0.4891244 0.8046671 0.4891465 0.8300989 0.4177025 0.8046671 0.4891465 0.8045965 0.4178051 0.8300989 0.4177025 0.8302975 0.291718 0.8042405 0.2917658 0.8303412 0.237524 0.8042405 0.2917658 0.8041632 0.2375514 0.8303412 0.237524 0.5789617 0.2470882 0.5784999 0.2975536 0.4913107 0.2478444 0.5784999 0.2975536 0.4907264 0.2980883 0.4913107 0.2478444 0.6598925 0.2463791 0.6590538 0.2970451 0.5789617 0.2470882 0.6590538 0.2970451 0.5784999 0.2975536 0.5789617 0.2470882 0.7451316 0.2460882 0.7451506 0.296836 0.6598925 0.2463791 0.7451506 0.296836 0.6590538 0.2970451 0.6598925 0.2463791 0.4913107 0.2478444 0.4907264 0.2980883 0.4061363 0.2481635 0.4907264 0.2980883 0.4053133 0.2983131 0.4061363 0.2481635 0.5784999 0.2975536 0.5785009 0.3253301 0.4907264 0.2980883 0.5785009 0.3253301 0.4912074 0.3253954 0.4907264 0.2980883 0.6590538 0.2970451 0.6581875 0.325268 0.5784999 0.2975536 0.6581875 0.325268 0.5785009 0.3253301 0.5784999 0.2975536 0.7451506 0.296836 0.7451799 0.3252425 0.6590538 0.2970451 0.7451799 0.3252425 0.6581875 0.325268 0.6590538 0.2970451 0.4907264 0.2980883 0.4912074 0.3253954 0.4053133 0.2983131 0.4912074 0.3253954 0.406229 0.3254224 0.4053133 0.2983131 0.304917 0.5340034 0.3068777 0.549788 0.2164938 0.5645771 0.3068777 0.549788 0.2356606 0.5722034 0.2164938 0.5645771 0.3948051 0.5560702 0.3781827 0.5686598 0.304917 0.5340034 0.3781827 0.5686598 0.3068777 0.549788 0.304917 0.5340034 0.4320545 0.6201601 0.4078004 0.6202085 0.3948051 0.5560702 0.4078004 0.6202085 0.3781827 0.5686598 0.3948051 0.5560702 0.2164938 0.5645771 0.2356606 0.5722034 0.1857793 0.6201601 0.2356606 0.5722034 0.2061478 0.6202075 0.1857793 0.6201601 0.1908152 0.09590727 0.2666795 0.07674735 0.1908017 0.01538902 0.2666795 0.07674735 0.274895 0.01538908 0.1908017 0.01538902 0.2638148 0.1825048 0.2666795 0.07674735 0.1908152 0.09590727 0.1908518 0.2015815 0.2638148 0.1825048 0.1908152 0.09590727 0.2666795 0.07674735 0.3292391 0.0768541 0.274895 0.01538908 0.3292391 0.0768541 0.3414692 0.01538938 0.274895 0.01538908 0.3242306 0.182937 0.3292391 0.0768541 0.2666795 0.07674735 0.2638148 0.1825048 0.3242306 0.182937 0.2666795 0.07674735 0.1908864 0.2809993 0.2701565 0.2559713 0.1908518 0.2015815 0.2701565 0.2559713 0.2638148 0.1825048 0.1908518 0.2015815 0.2701565 0.2559713 0.3341915 0.2581861 0.2638148 0.1825048 0.3341915 0.2581861 0.3242306 0.182937 0.2638148 0.1825048 0.1909134 0.342405 0.282613 0.3304135 0.1908864 0.2809993 0.282613 0.3304135 0.2701565 0.2559713 0.1908864 0.2809993 0.282613 0.3304135 0.3604329 0.3267483 0.2701565 0.2559713 0.3604329 0.3267483 0.3341915 0.2581861 0.2701565 0.2559713 0.381711 0.4837064 0.3869731 0.4332946 0.1909196 0.4672685 0.3869731 0.4332946 0.1909219 0.4160155 0.1909196 0.4672685 0.3387328 0.3806746 0.1909176 0.3762977 0.3869731 0.4332946 0.1909176 0.3762977 0.1909219 0.4160155 0.3869731 0.4332946 0.282613 0.3304135 0.1909134 0.342405 0.3387328 0.3806746 0.1909134 0.342405 0.1909176 0.3762977 0.3387328 0.3806746 0.3691451 0.5189118 0.381711 0.4837064 0.1909168 0.5087338 0.381711 0.4837064 0.1909196 0.4672685 0.1909168 0.5087338 0.5534644 0.5281217 0.5688919 0.4868901 0.381711 0.4837064 0.5688919 0.4868901 0.3869731 0.4332946 0.381711 0.4837064 0.5688919 0.4868901 0.5790696 0.4437608 0.3869731 0.4332946 0.5790696 0.4437608 0.3387328 0.3806746 0.3869731 0.4332946 0.5790696 0.4437608 0.6040412 0.4071066 0.3387328 0.3806746 0.6040412 0.4071066 0.399827 0.3515361 0.3387328 0.3806746 0.5361055 0.5674365 0.5534644 0.5281217 0.3691451 0.5189118 0.5534644 0.5281217 0.381711 0.4837064 0.3691451 0.5189118 0.6703327 0.6141235 0.7007382 0.5775722 0.5534644 0.5281217 0.7007382 0.5775722 0.5688919 0.4868901 0.5534644 0.5281217 0.7007382 0.5775722 0.7295408 0.5423358 0.5688919 0.4868901 0.7295408 0.5423358 0.5790696 0.4437608 0.5688919 0.4868901 0.7295408 0.5423358 0.7602129 0.506089 0.5790696 0.4437608 0.7602129 0.506089 0.6040412 0.4071066 0.5790696 0.4437608 0.6387177 0.6467516 0.6703327 0.6141235 0.5361055 0.5674365 0.6703327 0.6141235 0.5534644 0.5281217 0.5361055 0.5674365 0.7550053 0.7305144 0.7986699 0.701935 0.6703327 0.6141235 0.7986699 0.701935 0.7007382 0.5775722 0.6703327 0.6141235 0.7986699 0.701935 0.8418865 0.6749375 0.7007382 0.5775722 0.8418865 0.6749375 0.7295408 0.5423358 0.7007382 0.5775722 0.8418865 0.6749375 0.8896336 0.6584166 0.7295408 0.5423358 0.8896336 0.6584166 0.7602129 0.506089 0.7295408 0.5423358 0.7137543 0.7534995 0.7550053 0.7305144 0.6387177 0.6467516 0.7550053 0.7305144 0.6703327 0.6141235 0.6387177 0.6467516 0.8020828 0.8749058 0.8513475 0.8565717 0.7550053 0.7305144 0.8513475 0.8565717 0.7986699 0.701935 0.7550053 0.7305144 0.8634607 0.9597449 0.8513475 0.8565717 0.8020828 0.8749058 0.8104522 0.9597474 0.8634607 0.9597449 0.8020828 0.8749058 0.8513475 0.8565717 0.9000197 0.8393968 0.7986699 0.701935 0.9000197 0.8393968 0.8418865 0.6749375 0.7986699 0.701935 0.9000197 0.8393968 0.9588198 0.8251954 0.8418865 0.6749375 0.9588198 0.8251954 0.8896336 0.6584166 0.8418865 0.6749375 0.7541908 0.8902797 0.8020828 0.8749058 0.7137543 0.7534995 0.8020828 0.8749058 0.7550053 0.7305144 0.7137543 0.7534995 0.8634607 0.9597449 0.9164578 0.9597492 0.8513475 0.8565717 0.9164578 0.9597492 0.9000197 0.8393968 0.8513475 0.8565717 0.9164578 0.9597492 0.9857838 0.9597508 0.9000197 0.8393968 0.9857838 0.9597508 0.9588198 0.8251954 0.9000197 0.8393968 0.7597799 0.9598215 0.8104522 0.9597474 0.7541908 0.8902797 0.8104522 0.9597474 0.8020828 0.8749058 0.7541908 0.8902797 0.2356606 0.5722034 0.3098919 0.620246 0.3068777 0.549788 0.3098919 0.620246 0.3781827 0.5686598 0.3068777 0.549788 0.3604329 0.3267483 0.282613 0.3304135 0.399827 0.3515361 0.282613 0.3304135 0.3387328 0.3806746 0.399827 0.3515361 0.958951 0.2918022 0.9592021 0.3548032 0.986748 0.2919067 0.9592021 0.3548032 0.9867736 0.3547324 0.986748 0.2919067 0.9592021 0.3548032 0.9593953 0.4177402 0.9867736 0.3547324 0.9593953 0.4177402 0.9867293 0.4178998 0.9867736 0.3547324 0.9593953 0.4177402 0.9594739 0.489136 0.9867293 0.4178998 0.9594739 0.489136 0.9867129 0.4891712 0.9867293 0.4178998 0.9588424 0.2375645 0.958951 0.2918022 0.986735 0.2376207 0.958951 0.2918022 0.986748 0.2919067 0.986735 0.2376207 0.8302975 0.291718 0.8301946 0.3540012 0.958951 0.2918022 0.8301946 0.3540012 0.9592021 0.3548032 0.958951 0.2918022 0.8301946 0.3540012 0.8300989 0.4177025 0.9592021 0.3548032 0.8300989 0.4177025 0.9593953 0.4177402 0.9592021 0.3548032 0.8300989 0.4177025 0.83006 0.4891244 0.9593953 0.4177402 0.83006 0.4891244 0.9594739 0.489136 0.9593953 0.4177402 0.8303412 0.237524 0.8302975 0.291718 0.9588424 0.2375645 0.8302975 0.291718 0.958951 0.2918022 0.9588424 0.2375645 0.8042405 0.2917658 0.8044244 0.353695 0.8302975 0.291718 0.8044244 0.353695 0.8301946 0.3540012 0.8302975 0.291718 0.8044244 0.353695 0.8045965 0.4178051 0.8301946 0.3540012 0.8045965 0.4178051 0.8300989 0.4177025 0.8301946 0.3540012 0.8045965 0.4178051 0.8046671 0.4891465 0.8300989 0.4177025 0.8046671 0.4891465 0.83006 0.4891244 0.8300989 0.4177025 0.8041632 0.2375514 0.8042405 0.2917658 0.8303412 0.237524 0.8042405 0.2917658 0.8302975 0.291718 0.8303412 0.237524 0.4907264 0.2980883 0.5784999 0.2975536 0.4913107 0.2478444 0.5784999 0.2975536 0.5789617 0.2470882 0.4913107 0.2478444 0.5784999 0.2975536 0.6590538 0.2970451 0.5789617 0.2470882 0.6590538 0.2970451 0.6598925 0.2463791 0.5789617 0.2470882 0.6590538 0.2970451 0.7451506 0.296836 0.6598925 0.2463791 0.7451506 0.296836 0.7451316 0.2460882 0.6598925 0.2463791 0.4053133 0.2983131 0.4907264 0.2980883 0.4061363 0.2481635 0.4907264 0.2980883 0.4913107 0.2478444 0.4061363 0.2481635 0.4912074 0.3253954 0.5785009 0.3253301 0.4907264 0.2980883 0.5785009 0.3253301 0.5784999 0.2975536 0.4907264 0.2980883 0.5785009 0.3253301 0.6581875 0.325268 0.5784999 0.2975536 0.6581875 0.325268 0.6590538 0.2970451 0.5784999 0.2975536 0.6581875 0.325268 0.7451799 0.3252425 0.6590538 0.2970451 0.7451799 0.3252425 0.7451506 0.296836 0.6590538 0.2970451 0.406229 0.3254224 0.4912074 0.3253954 0.4053133 0.2983131 0.4912074 0.3253954 0.4907264 0.2980883 0.4053133 0.2983131 0.2356606 0.5722034 0.3068777 0.549788 0.2164938 0.5645771 0.3068777 0.549788 0.304917 0.5340034 0.2164938 0.5645771 0.3068777 0.549788 0.3781827 0.5686598 0.304917 0.5340034 0.3781827 0.5686598 0.3948051 0.5560702 0.304917 0.5340034 0.3781827 0.5686598 0.4078004 0.6202085 0.3948051 0.5560702 0.4078004 0.6202085 0.4320545 0.6201601 0.3948051 0.5560702 0.2061478 0.6202075 0.2356606 0.5722034 0.1857793 0.6201601 0.2356606 0.5722034 0.2164938 0.5645771 0.1857793 0.6201601 0.9634011 0.3523988 0.8356353 0.3523988 0.9634011 0.3523988 0.8356353 0.3523988 0.8356353 0.3523988 0.9634011 0.3523988 0.9634011 0.3523988 0.8356353 0.3523988 0.9634011 0.3523988 0.8356353 0.3523988 0.8356353 0.3523988 0.9634011 0.3523988 0.9634011 0.3523988 0.8356353 0.3523988 0.9634011 0.3523988 0.8356353 0.3523988 0.8356353 0.3523988 0.9634011 0.3523988 0.8356353 0.3523988 0.8356354 0.3523988 0.8356353 0.3523988 0.8356354 0.3523988 0.8356354 0.3523988 0.8356353 0.3523988 0.8356354 0.3523988 0.8356354 0.3523988 0.8356353 0.3523988 0.8356354 0.3523988 0.8356354 0.3523988 0.8356354 0.3523988 0.8356354 0.3523988 0.8356354 0.3523988 0.8356354 0.3523988 0.8356354 0.3523988 0.8356354 0.3523988 0.8356353 0.3523988 0.8356353 0.3523988 0.8356354 0.3523988 0.8356353 0.3523988 0.8356353 0.3523988 0.8356353 0.3523988 0.9634011 0.3523988 0.9634011 0.3523988 0.8356353 0.3523988 0.9634011 0.3523988 0.8356354 0.3523988 0.8356354 0.3523988 0.8356353 0.3523988 0.8356353 0.3523988 0.8356354 0.3523988 0.8356353 0.3523988 0.8356353 0.3523988 0.8356353 0.3523988 0.8356353 0.3523988 0.8356354 0.3523988 0.9634012 0.3523988 0.8356354 0.3523988 0.9634012 0.3523988 0.9634012 0.3523988 0.8356354 0.3523988 0.8356354 0.3523988 0.9634012 0.3523988 0.8356354 0.3523988 0.9634012 0.3523988 0.9634012 0.3523988 0.8356354 0.3523988 0.8356354 0.3523988 0.9634012 0.3523988 0.8356354 0.3523988 0.9634012 0.3523988 0.9634012 0.3523988 0.8356354 0.3523988 0.8356354 0.3523988 0.9634012 0.3523988 0.8356354 0.3523988 0.9634012 0.3523988 0.9634012 0.3523988 0.8356354 0.3523988 0.9634012 0.3523988 0.9634011 0.3523988 0.9634012 0.3523988 0.9634011 0.3523988 0.9634011 0.3523988 0.9634012 0.3523988 0.9634012 0.3523988 0.9634012 0.3523988 0.9634012 0.3523988 0.9634012 0.3523988 0.9634012 0.3523988 0.9634012 0.3523988 0.9634012 0.3523988 0.9634012 0.3523988 0.9634012 0.3523988 0.9634012 0.3523988 0.9634012 0.3523988 0.9634012 0.3523988 0.9634012 0.3523988 0.9634012 0.3523988 0.9634012 0.3523988 0.9634012 0.3523988 0.9634011 0.3523988 0.9634012 0.3523988 0.9634012 0.3523988 0.9634011 0.3523988 0.8356354 0.3523988 0.9634012 0.3523988 0.9634012 0.3523988 0.9634012 0.3523988 0.9634012 0.3523988 0.9634011 0.3523988 0.9634012 0.3523988 0.8356356 0.3523988 0.9634012 0.3523988 0.9634012 0.3523988 0.8356354 0.3523988 0.8356356 0.3523988 0.9634012 0.3523988 0.8356353 0.3523988 0.8356356 0.3523988 0.8356354 0.3523988 0.9634011 0.3523988 0.8356353 0.3523988 0.8356354 0.3523988 0.8356354 0.3523988 0.8356353 0.3523988 0.8356354 0.3523988 0.9634011 0.3523988 0.9634011 0.3523988 0.8356353 0.3523988 0.9634011 0.3523988 0.8356353 0.3523988 0.8356353 0.3523988 0.8356353 0.3523988 0.8356353 0.3523988 0.8356356 0.3523988 0.8356353 0.3523988 0.8356356 0.3523988 0.8356356 0.3523988 0.8356356 0.3523988 0.8356356 0.3523988 0.9634012 0.3523988 0.8356356 0.3523988 0.9634012 0.3523988 0.9634012 0.3523988 0.9634012 0.3523988 0.9634012 0.3523988 0.9634011 0.3523988 0.9634012 0.3523988 0.9634011 0.3523988 0.9634011 0.3523988 0.9634011 0.3523988 0.9634011 0.3523988 0.8356353 0.3523988 0.9634011 0.3523988 0.8356353 0.3523988 0.8356353 0.3523988 0.8356353 0.3523988 0.8356353 0.3523988 0.8356356 0.3523988 0.8356353 0.3523988 0.8356356 0.3523988 0.8356356 0.3523988 0.8356356 0.3523988 0.8356356 0.3523988 0.9634012 0.3523988 0.8356356 0.3523988 0.9634012 0.3523988 0.9634012 0.3523988 0.9634012 0.3523988 0.9634012 0.3523988 0.9634011 0.3523988 0.9634012 0.3523988 0.9634011 0.3523988 0.9634011 0.3523988 0.9833786 0.325826 0.949397 0.325826 0.9833786 0.325826 0.949397 0.325826 0.9566108 0.325826 0.9833786 0.325826 0.9833786 0.325826 0.9566108 0.325826 0.9894831 0.325826 0.9566108 0.325826 0.9566111 0.325826 0.9894831 0.325826 0.9894831 0.325826 0.9566111 0.325826 0.9894829 0.325826 0.9566111 0.325826 0.9566111 0.325826 0.9894829 0.325826 0.9894829 0.325826 0.9566111 0.325826 0.9894831 0.325826 0.9566111 0.325826 0.9566111 0.325826 0.9894831 0.325826 0.9894831 0.325826 0.9566111 0.325826 0.9833786 0.325826 0.9566111 0.325826 0.9566111 0.325826 0.9833786 0.325826 0.9833786 0.325826 0.9566111 0.325826 0.9833786 0.325826 0.9566111 0.325826 0.949397 0.325826 0.9833786 0.325826 0.9634011 0.3523988 0.8356353 0.3523988 0.9634011 0.3523988 0.8356353 0.3523988 0.8356353 0.3523988 0.9634011 0.3523988 0.9634011 0.3523988 0.8356353 0.3523988 0.9634011 0.3523988 0.8356353 0.3523988 0.8356353 0.3523988 0.9634011 0.3523988 0.9634011 0.3523988 0.8356353 0.3523988 0.9634011 0.3523988 0.8356353 0.3523988 0.8356353 0.3523988 0.9634011 0.3523988 0.9634011 0.3523988 0.8356353 0.3523988 0.9634011 0.3523988 0.8356353 0.3523988 0.8356353 0.3523988 0.9634011 0.3523988 0.8356353 0.3523988 0.8356354 0.3523988 0.8356353 0.3523988 0.8356354 0.3523988 0.8356354 0.3523988 0.8356353 0.3523988 0.8356353 0.3523988 0.8356354 0.3523988 0.8356353 0.3523988 0.8356354 0.3523988 0.8356354 0.3523988 0.8356353 0.3523988 0.8356353 0.3523988 0.8356354 0.3523988 0.8356353 0.3523988 0.8356354 0.3523988 0.8356354 0.3523988 0.8356353 0.3523988 0.8356353 0.3523988 0.8356354 0.3523988 0.8356353 0.3523988 0.8356354 0.3523988 0.8356354 0.3523988 0.8356353 0.3523988 0.8356354 0.3523988 0.9634012 0.3523988 0.8356354 0.3523988 0.9634012 0.3523988 0.9634012 0.3523988 0.8356354 0.3523988 0.8356354 0.3523988 0.9634012 0.3523988 0.8356354 0.3523988 0.9634012 0.3523988 0.9634011 0.3523988 0.9634012 0.3523988 0.9634012 0.3523988 0.9634012 0.3523988 0.8356354 0.3523988 0.8356354 0.3523988 0.9634012 0.3523988 0.8356354 0.3523988 0.9634012 0.3523988 0.9634012 0.3523988 0.8356354 0.3523988 0.8356354 0.3523988 0.9634012 0.3523988 0.8356354 0.3523988 0.9634012 0.3523988 0.9634011 0.3523988 0.9634012 0.3523988 0.9634011 0.3523988 0.9634011 0.3523988 0.9634012 0.3523988 0.9634012 0.3523988 0.9634012 0.3523988 0.8356354 0.3523988 0.9634012 0.3523988 0.9634011 0.3523988 0.9634012 0.3523988 0.9634011 0.3523988 0.9634011 0.3523988 0.9634012 0.3523988 0.9634012 0.3523988 0.9634011 0.3523988 0.9634012 0.3523988 0.9634011 0.3523988 0.9634011 0.3523988 0.9634012 0.3523988 0.9634011 0.3523988 0.9634011 0.3523988 0.9634012 0.3523988 0.8356353 0.3523988 0.8356353 0.3523988 0.9634011 0.3523988 0.8356353 0.3523988 0.9634012 0.3523988 0.9634011 0.3523988 0.8356354 0.3523988 0.8356356 0.3523988 0.8356353 0.3523988 0.8356356 0.3523988 0.8356353 0.3523988 0.8356353 0.3523988 0.9634012 0.3523988 0.9634012 0.3523988 0.8356354 0.3523988 0.9634012 0.3523988 0.8356356 0.3523988 0.8356354 0.3523988 0.9634012 0.3523988 0.9634012 0.3523988 0.9634012 0.3523988 0.9634011 0.3523988 0.9634012 0.3523988 0.9634012 0.3523988 0.8356353 0.3523988 0.8356353 0.3523988 0.9634012 0.3523988 0.8356353 0.3523988 0.9634012 0.3523988 0.9634012 0.3523988 0.9634012 0.3523988 0.9634012 0.3523988 0.9634012 0.3523988 0.8356356 0.3523988 0.8356356 0.3523988 0.8356353 0.3523988 0.8356356 0.3523988 0.8356353 0.3523988 0.8356353 0.3523988 0.9634012 0.3523988 0.9634012 0.3523988 0.8356356 0.3523988 0.9634012 0.3523988 0.8356356 0.3523988 0.8356356 0.3523988 0.9634012 0.3523988 0.9634012 0.3523988 0.9634012 0.3523988 0.8356353 0.3523988 0.8356353 0.3523988 0.9634012 0.3523988 0.8356353 0.3523988 0.9634012 0.3523988 0.9634012 0.3523988 0.9634012 0.3523988 0.9634012 0.3523988 0.9634012 0.3523988 0.8356356 0.3523988 0.8356356 0.3523988 0.8356353 0.3523988 0.8356356 0.3523988 0.8356353 0.3523988 0.8356353 0.3523988 0.9634012 0.3523988 0.9634012 0.3523988 0.8356356 0.3523988 0.9634012 0.3523988 0.8356356 0.3523988 0.8356356 0.3523988 0.9634012 0.3523988 0.9634012 0.3523988 0.9634012 0.3523988 0.8356353 0.3523988 0.8356354 0.3523988 0.8356353 0.3523988 0.8356354 0.3523988 0.8356354 0.3523988 0.8356353 0.3523988 0.8356353 0.3523988 0.8356353 0.3523988 0.8356354 0.3523988 0.8356354 0.3523988 0.8356353 0.3523988 0.8356354 0.3523988 0.8356354 0.3523988 0.8356354 0.3523988 0.8356353 0.3523988 0.8356354 0.3523988 0.8356354 0.3523988 0.8356353 0.3523988 0.8356354 0.3523988 0.8356354 0.3523988 0.8356354 0.3523988 0.8356354 0.3523988 0.8356354 0.3523988 0.8356354 0.3523988 0.8356354 0.3523988 0.8356353 0.3523988 0.8356354 0.3523988 0.8356353 0.3523988 0.8356353 0.3523988 0.8356354 0.3523988 0.949397 0.325826 0.9833787 0.325826 0.949397 0.325826 0.9833787 0.325826 0.9833787 0.325826 0.949397 0.325826 0.949397 0.325826 0.9833787 0.325826 0.949397 0.325826 0.9833787 0.325826 0.9833787 0.325826 0.949397 0.325826 0.949397 0.325826 0.9833787 0.325826 0.949397 0.325826 0.9833787 0.325826 0.9833787 0.325826 0.949397 0.325826 0.949397 0.325826 0.9833787 0.325826 0.949397 0.325826 0.9833787 0.325826 0.9833787 0.325826 0.949397 0.325826 0.949397 0.325826 0.9833787 0.325826 0.949397 0.325826 0.9833787 0.325826 0.9833787 0.325826 0.949397 0.325826 0.949397 0.325826 0.9833787 0.325826 0.949397 0.325826 0.9833787 0.325826 0.9833787 0.325826 0.949397 0.325826 0.9833787 0.3523988 0.9833787 0.3523988 0.9833787 0.3523988 0.9833787 0.3523988 0.9833787 0.3523988 0.9833787 0.3523988 0.9833787 0.3523988 0.9833787 0.3523988 0.9833787 0.3523988 0.9833787 0.3523988 0.9833787 0.3523988 0.9833787 0.3523988 0.9833787 0.3523988 0.9833787 0.3523988 0.9833787 0.3523988 0.9833787 0.3523988 0.9833787 0.3523988 0.9833787 0.3523988 0.9833787 0.3523988 0.9833787 0.3523988 0.9833787 0.3523988 0.9833787 0.3523988 0.9833787 0.3523988 0.9833787 0.3523988 0.9833787 0.3523988 0.9833787 0.3523988 0.9833787 0.3523988 0.9833787 0.3523988 0.9833787 0.3523988 0.9833787 0.3523988 0.9833787 0.3523988 0.9833787 0.3523988 0.9833787 0.3523988 0.9833787 0.3523988 0.9833787 0.3523988 0.9833787 0.3523988 0.8356787 0.3446784 0.9624457 0.3446784 0.8356786 0.3446784 0.9624457 0.3446784 0.9624455 0.3446784 0.8356786 0.3446784 0.8356787 0.3446784 0.9624457 0.3446784 0.8356787 0.3446784 0.9624457 0.3446784 0.9624455 0.3446784 0.8356787 0.3446784</float_array>
          <technique_common>
            <accessor source="#slingShotMesh-mesh-map-0-array" count="1908" stride="2">
              <param name="S" type="float"/>
              <param name="T" type="float"/>
            </accessor>
          </technique_common>
        </source>
        <source id="slingShotMesh-mesh-colors-Attribute" name="Attribute">
          <float_array id="slingShotMesh-mesh-colors-Attribute-array" count="7632">0.1764706 0.1764706 0.1764706 0 0.1882353 0.1921569 0.1882353 0 0.2078431 0.2078431 0.2039216 0 0.1882353 0.1921569 0.1882353 0 0.2509804 0.254902 0.2509804 0 0.2078431 0.2078431 0.2039216 0 0.1764706 0.1803922 0.1764706 0 0.1882353 0.1921569 0.1882353 0 0.1764706 0.1764706 0.1764706 0 0.1607843 0.1607843 0.1607843 0 0.1764706 0.1803922 0.1764706 0 0.1764706 0.1764706 0.1764706 0 0.1882353 0.1921569 0.1882353 0 0.3411765 0.3411765 0.3411765 0 0.2509804 0.254902 0.2509804 0 0.3411765 0.3411765 0.3411765 0 0.3647059 0.3647059 0.3607843 0 0.2509804 0.254902 0.2509804 0 0.3411765 0.345098 0.3411765 0 0.3411765 0.3411765 0.3411765 0 0.1882353 0.1921569 0.1882353 0 0.1764706 0.1803922 0.1764706 0 0.3411765 0.345098 0.3411765 0 0.1882353 0.1921569 0.1882353 0 0.1019608 0.1019608 0.1019608 0 0.1686275 0.1686275 0.1686275 0 0.1607843 0.1607843 0.1607843 0 0.1686275 0.1686275 0.1686275 0 0.1764706 0.1803922 0.1764706 0 0.1607843 0.1607843 0.1607843 0 0.1686275 0.1686275 0.1686275 0 0.317647 0.3215686 0.317647 0 0.1764706 0.1803922 0.1764706 0 0.317647 0.3215686 0.317647 0 0.3411765 0.345098 0.3411765 0 0.1764706 0.1803922 0.1764706 0 0.1254902 0.1254902 0.1254902 0 0.1843137 0.1843137 0.1843137 0 0.1019608 0.1019608 0.1019608 0 0.1843137 0.1843137 0.1843137 0 0.1686275 0.1686275 0.1686275 0 0.1019608 0.1019608 0.1019608 0 0.1843137 0.1843137 0.1843137 0 0.3254902 0.3254902 0.3254902 0 0.1686275 0.1686275 0.1686275 0 0.3254902 0.3254902 0.3254902 0 0.317647 0.3215686 0.317647 0 0.1686275 0.1686275 0.1686275 0 0.2156863 0.2156863 0.2156863 0 0.2235294 0.2235294 0.2235294 0 0.1882353 0.1882353 0.1882353 0 0.2235294 0.2235294 0.2235294 0 0.1098039 0.1098039 0.1058824 0 0.1882353 0.1882353 0.1882353 0 0.2 0.2 0.2 0 0.1098039 0.1098039 0.1098039 0 0.2235294 0.2235294 0.2235294 0 0.1098039 0.1098039 0.1098039 0 0.1098039 0.1098039 0.1058824 0 0.2235294 0.2235294 0.2235294 0 0.1843137 0.1843137 0.1843137 0 0.1254902 0.1254902 0.1254902 0 0.2 0.2 0.2 0 0.1254902 0.1254902 0.1254902 0 0.1098039 0.1098039 0.1098039 0 0.2 0.2 0.2 0 0.2666667 0.2666667 0.2666667 0 0.2156863 0.2156863 0.2156863 0 0.3490196 0.3490196 0.3490196 0 0.2156863 0.2156863 0.2156863 0 0.1882353 0.1882353 0.1882353 0 0.3490196 0.3490196 0.3490196 0 0.0980392 0.0980392 0.0980392 0 0.145098 0.145098 0.145098 0 0.2156863 0.2156863 0.2156863 0 0.145098 0.145098 0.145098 0 0.2235294 0.2235294 0.2235294 0 0.2156863 0.2156863 0.2156863 0 0.145098 0.145098 0.145098 0 0.1686275 0.1686275 0.1686275 0 0.2235294 0.2235294 0.2235294 0 0.1686275 0.1686275 0.1686275 0 0.2 0.2 0.2 0 0.2235294 0.2235294 0.2235294 0 0.1686275 0.1686275 0.1686275 0 0.3372549 0.3372549 0.3372549 0 0.2 0.2 0.2 0 0.3372549 0.3372549 0.3372549 0 0.3764706 0.3803921 0.3764706 0 0.2 0.2 0.2 0 0.145098 0.145098 0.145098 0 0.0980392 0.0980392 0.0980392 0 0.2666667 0.2666667 0.2666667 0 0.0980392 0.0980392 0.0980392 0 0.2156863 0.2156863 0.2156863 0 0.2666667 0.2666667 0.2666667 0 0.5254902 0.5254902 0.5254902 0 0.4117647 0.4117647 0.4117647 0 0.0980392 0.0980392 0.0980392 0 0.4117647 0.4117647 0.4117647 0 0.145098 0.145098 0.145098 0 0.0980392 0.0980392 0.0980392 0 0.4117647 0.4117647 0.4117647 0 0.4078431 0.4078431 0.4078431 0 0.145098 0.145098 0.145098 0 0.4078431 0.4078431 0.4078431 0 0.1686275 0.1686275 0.1686275 0 0.145098 0.145098 0.145098 0 0.4078431 0.4078431 0.4078431 0 0.5529412 0.5529412 0.5529412 0 0.1686275 0.1686275 0.1686275 0 0.5529412 0.5529412 0.5529412 0 0.3372549 0.3372549 0.3372549 0 0.1686275 0.1686275 0.1686275 0 0.5490196 0.5490196 0.5490196 0 0.5254902 0.5254902 0.5254902 0 0.145098 0.145098 0.145098 0 0.5254902 0.5254902 0.5254902 0 0.0980392 0.0980392 0.0980392 0 0.145098 0.145098 0.145098 0 0.7176471 0.7176471 0.7176471 0 0.9137255 0.9137255 0.9137255 0 0.5254902 0.5254902 0.5254902 0 0.9137255 0.9137255 0.9137255 0 0.4117647 0.4117647 0.4117647 0 0.5254902 0.5254902 0.5254902 0 0.9137255 0.9137255 0.9137255 0 0.9098039 0.9098039 0.9098039 0 0.4117647 0.4117647 0.4117647 0 0.9098039 0.9098039 0.9098039 0 0.4078431 0.4078431 0.4078431 0 0.4117647 0.4117647 0.4117647 0 0.9098039 0.9098039 0.9098039 0 0.9098039 0.9098039 0.9098039 0 0.4078431 0.4078431 0.4078431 0 0.9098039 0.9098039 0.9098039 0 0.5529412 0.5529412 0.5529412 0 0.4078431 0.4078431 0.4078431 0 0.8 0.8 0.8 0 0.7176471 0.7176471 0.7176471 0 0.5490196 0.5490196 0.5490196 0 0.7176471 0.7176471 0.7176471 0 0.5254902 0.5254902 0.5254902 0 0.5490196 0.5490196 0.5490196 0 0.7176471 0.7176471 0.7176471 0 0.9098039 0.9098039 0.9098039 0 0.7176471 0.7176471 0.7176471 0 0.9098039 0.9098039 0.9098039 0 0.9137255 0.9137255 0.9137255 0 0.7176471 0.7176471 0.7176471 0 0.9098039 0.9098039 0.9098039 0 0.9098039 0.9098039 0.9098039 0 0.9137255 0.9137255 0.9137255 0 0.9098039 0.9098039 0.9098039 0 0.9098039 0.9098039 0.9098039 0 0.9137255 0.9137255 0.9137255 0 0.9098039 0.9098039 0.9098039 0 0.9098039 0.9098039 0.9098039 0 0.9098039 0.9098039 0.9098039 0 0.9098039 0.9098039 0.9098039 0 0.9098039 0.9098039 0.9098039 0 0.9098039 0.9098039 0.9098039 0 0.7490196 0.7490196 0.7490196 0 0.7176471 0.7176471 0.7176471 0 0.8 0.8 0.8 0 0.7176471 0.7176471 0.7176471 0 0.7176471 0.7176471 0.7176471 0 0.8 0.8 0.8 0 0.3254902 0.3254902 0.3254902 0 0.5019608 0.5019608 0.5019608 0 0.7176471 0.7176471 0.7176471 0 0.5019608 0.5019608 0.5019608 0 0.9098039 0.9098039 0.9098039 0 0.7176471 0.7176471 0.7176471 0 0.5019608 0.5019608 0.5019608 0 0.4862745 0.4862745 0.4862745 0 0.9098039 0.9098039 0.9098039 0 0.4862745 0.4862745 0.4862745 0 0.9098039 0.9098039 0.9098039 0 0.9098039 0.9098039 0.9098039 0 0.4862745 0.4862745 0.4862745 0 0.6117647 0.6117647 0.6117647 0 0.9098039 0.9098039 0.9098039 0 0.6117647 0.6117647 0.6117647 0 0.9098039 0.9098039 0.9098039 0 0.9098039 0.9098039 0.9098039 0 0.2431373 0.2431373 0.2431373 0 0.3254902 0.3254902 0.3254902 0 0.7490196 0.7490196 0.7490196 0 0.3254902 0.3254902 0.3254902 0 0.7176471 0.7176471 0.7176471 0 0.7490196 0.7490196 0.7490196 0 0.8156863 0.8509804 0.7803922 0 0.9529412 0.9529412 0.9529412 0 0.9098039 0.9098039 0.9098039 0 0.9529412 0.9529412 0.9529412 0 0.9098039 0.9098039 0.9098039 0 0.9098039 0.9098039 0.9098039 0 0.9098039 0.9098039 0.9098039 0 0.9529412 0.9529412 0.9529412 0 0.9098039 0.9098039 0.9098039 0 0.9529412 0.9529412 0.9529412 0 0.9098039 0.9098039 0.9098039 0 0.9098039 0.9098039 0.9098039 0 0.8156863 0.8509804 0.7803922 0 0.9450981 0.9450981 0.9450981 0 0.9529412 0.9529412 0.9529412 0 0.9450981 0.9450981 0.9450981 0 0.9176471 0.9176471 0.9176471 0 0.9529412 0.9529412 0.9529412 0 0.3254902 0.3254902 0.3254902 0 0.1843137 0.1843137 0.1843137 0 0.3764706 0.3803921 0.3764706 0 0.1843137 0.1843137 0.1843137 0 0.2 0.2 0.2 0 0.3764706 0.3803921 0.3764706 0 0.5411765 0.5411765 0.5411765 0 0.5529412 0.5529412 0.5529412 0 0.3254902 0.3254902 0.3254902 0 0.5529412 0.5529412 0.5529412 0 0.5019608 0.5019608 0.5019608 0 0.3254902 0.3254902 0.3254902 0 0.5529412 0.5529412 0.5529412 0 0.7843137 0.7843137 0.7843137 0 0.5019608 0.5019608 0.5019608 0 0.7843137 0.7843137 0.7843137 0 0.4862745 0.4862745 0.4862745 0 0.5019608 0.5019608 0.5019608 0 0.7843137 0.7843137 0.7843137 0 0.8901961 0.8901961 0.8901961 0 0.4862745 0.4862745 0.4862745 0 0.8901961 0.8901961 0.8901961 0 0.6117647 0.6117647 0.6117647 0 0.4862745 0.4862745 0.4862745 0 0.4823529 0.4823529 0.4823529 0 0.5411765 0.5411765 0.5411765 0 0.2431373 0.2431373 0.2431373 0 0.5411765 0.5411765 0.5411765 0 0.3254902 0.3254902 0.3254902 0 0.2431373 0.2431373 0.2431373 0 0.6117647 0.6117647 0.6117647 0 0.9098039 0.9098039 0.9098039 0 0.5411765 0.5411765 0.5411765 0 0.9098039 0.9098039 0.9098039 0 0.5529412 0.5529412 0.5529412 0 0.5411765 0.5411765 0.5411765 0 0.9098039 0.9098039 0.9098039 0 0.9098039 0.9098039 0.9098039 0 0.5529412 0.5529412 0.5529412 0 0.9098039 0.9098039 0.9098039 0 0.7843137 0.7843137 0.7843137 0 0.5529412 0.5529412 0.5529412 0 0.9098039 0.9098039 0.9098039 0 0.9098039 0.9098039 0.9098039 0 0.7843137 0.7843137 0.7843137 0 0.9098039 0.9098039 0.9098039 0 0.8901961 0.8901961 0.8901961 0 0.7843137 0.7843137 0.7843137 0 0.7764706 0.7764706 0.7764706 0 0.6117647 0.6117647 0.6117647 0 0.4823529 0.4823529 0.4823529 0 0.6117647 0.6117647 0.6117647 0 0.5411765 0.5411765 0.5411765 0 0.4823529 0.4823529 0.4823529 0 0.9137255 0.9137255 0.9137255 0 0.9098039 0.9098039 0.9098039 0 0.6117647 0.6117647 0.6117647 0 0.9098039 0.9098039 0.9098039 0 0.9098039 0.9098039 0.9098039 0 0.6117647 0.6117647 0.6117647 0 0.9098039 0.9098039 0.9098039 0 0.9098039 0.9098039 0.9098039 0 0.9098039 0.9098039 0.9098039 0 0.9098039 0.9098039 0.9098039 0 0.9098039 0.9098039 0.9098039 0 0.9098039 0.9098039 0.9098039 0 0.9098039 0.9098039 0.9098039 0 0.9098039 0.9098039 0.9098039 0 0.9098039 0.9098039 0.9098039 0 0.9098039 0.9098039 0.9098039 0 0.9098039 0.9098039 0.9098039 0 0.9098039 0.9098039 0.9098039 0 0.9450981 0.9450981 0.9450981 0 0.9137255 0.9137255 0.9137255 0 0.7764706 0.7764706 0.7764706 0 0.9137255 0.9137255 0.9137255 0 0.6117647 0.6117647 0.6117647 0 0.7764706 0.7764706 0.7764706 0 0.9333333 1 0.8156863 0 0.9098039 0.9098039 0.9098039 0 0.9137255 0.9137255 0.9137255 0 0.9098039 0.9098039 0.9098039 0 0.9098039 0.9098039 0.9098039 0 0.9137255 0.9137255 0.9137255 0 0.9098039 0.9098039 0.9098039 0 0.9098039 0.9098039 0.9098039 0 0.9098039 0.9098039 0.9098039 0 0.9098039 0.9098039 0.9098039 0 0.9098039 0.9098039 0.9098039 0 0.9098039 0.9098039 0.9098039 0 0.9098039 0.9098039 0.9098039 0 0.9098039 0.9098039 0.9098039 0 0.9098039 0.9098039 0.9098039 0 0.9098039 0.9098039 0.9098039 0 0.9098039 0.9098039 0.9098039 0 0.9098039 0.9098039 0.9098039 0 0.8745098 0.8745098 0.8745098 0 0.9333333 1 0.8156863 0 0.9450981 0.9450981 0.9450981 0 0.9333333 1 0.8156863 0 0.9137255 0.9137255 0.9137255 0 0.9450981 0.9450981 0.9450981 0 0.9137255 0.9137255 0.9137255 0 0.9098039 0.9098039 0.9098039 0 0.9333333 1 0.8156863 0 0.9098039 0.9098039 0.9098039 0 0.9098039 0.9098039 0.9098039 0 0.9333333 1 0.8156863 0 0.9098039 0.9098039 0.9098039 0 0.9098039 0.9098039 0.9098039 0 0.9098039 0.9098039 0.9098039 0 0.9098039 0.9098039 0.9098039 0 0.9098039 0.9098039 0.9098039 0 0.9098039 0.9098039 0.9098039 0 0.9098039 0.9098039 0.9098039 0 0.9098039 0.9098039 0.9098039 0 0.9098039 0.9098039 0.9098039 0 0.9098039 0.9098039 0.9098039 0 0.9098039 0.9098039 0.9098039 0 0.9098039 0.9098039 0.9098039 0 0.972549 0.972549 0.972549 0 0.9137255 0.9137255 0.9137255 0 0.8745098 0.8745098 0.8745098 0 0.9137255 0.9137255 0.9137255 0 0.9333333 1 0.8156863 0 0.8745098 0.8745098 0.8745098 0 0.8156863 0.8509804 0.7803922 0 0.9098039 0.9098039 0.9098039 0 0.9137255 0.9137255 0.9137255 0 0.9098039 0.9098039 0.9098039 0 0.9098039 0.9098039 0.9098039 0 0.9137255 0.9137255 0.9137255 0 0.9098039 0.9098039 0.9098039 0 0.9098039 0.9098039 0.9098039 0 0.9098039 0.9098039 0.9098039 0 0.9098039 0.9098039 0.9098039 0 0.9098039 0.9098039 0.9098039 0 0.9098039 0.9098039 0.9098039 0 0.9098039 0.9098039 0.9098039 0 0.9098039 0.9098039 0.9098039 0 0.9098039 0.9098039 0.9098039 0 0.9098039 0.9098039 0.9098039 0 0.9098039 0.9098039 0.9098039 0 0.9098039 0.9098039 0.9098039 0 0.9450981 0.9450981 0.9450981 0 0.8156863 0.8509804 0.7803922 0 0.972549 0.972549 0.972549 0 0.8156863 0.8509804 0.7803922 0 0.9137255 0.9137255 0.9137255 0 0.972549 0.972549 0.972549 0 0.2705882 0.2705882 0.2705882 0 0.2039216 0.2039216 0.2039216 0 0.2078431 0.2078431 0.2039216 0 0.2039216 0.2039216 0.2039216 0 0.1764706 0.1764706 0.1764706 0 0.2078431 0.2078431 0.2039216 0 0.2039216 0.2039216 0.2039216 0 0.1882353 0.1882353 0.1882353 0 0.1764706 0.1764706 0.1764706 0 0.1882353 0.1882353 0.1882353 0 0.1607843 0.1607843 0.1607843 0 0.1764706 0.1764706 0.1764706 0 0.3215686 0.3215686 0.3215686 0 0.4078431 0.4078431 0.4078431 0 0.2705882 0.2705882 0.2705882 0 0.4078431 0.4078431 0.4078431 0 0.2039216 0.2039216 0.2039216 0 0.2705882 0.2705882 0.2705882 0 0.4078431 0.4078431 0.4078431 0 0.3490196 0.3490196 0.3490196 0 0.2039216 0.2039216 0.2039216 0 0.3490196 0.3490196 0.3490196 0 0.1882353 0.1882353 0.1882353 0 0.2039216 0.2039216 0.2039216 0 0.1882353 0.1882353 0.1882353 0 0.1568627 0.1568627 0.1568627 0 0.1607843 0.1607843 0.1607843 0 0.1568627 0.1568627 0.1568627 0 0.1019608 0.1019608 0.1019608 0 0.1607843 0.1607843 0.1607843 0 0.3490196 0.3490196 0.3490196 0 0.2901961 0.2901961 0.2901961 0 0.1882353 0.1882353 0.1882353 0 0.2901961 0.2901961 0.2901961 0 0.1568627 0.1568627 0.1568627 0 0.1882353 0.1882353 0.1882353 0 0.1568627 0.1568627 0.1568627 0 0.2 0.2 0.2 0 0.1019608 0.1019608 0.1019608 0 0.2 0.2 0.2 0 0.1254902 0.1254902 0.1254902 0 0.1019608 0.1019608 0.1019608 0 0.2901961 0.2901961 0.2901961 0 0.3843137 0.3882353 0.3843137 0 0.1568627 0.1568627 0.1568627 0 0.3843137 0.3882353 0.3843137 0 0.2 0.2 0.2 0 0.1568627 0.1568627 0.1568627 0 0.1098039 0.1098039 0.1058824 0 0.1686275 0.1686275 0.1686275 0 0.1882353 0.1882353 0.1882353 0 0.1686275 0.1686275 0.1686275 0 0.1607843 0.1607843 0.1607843 0 0.1882353 0.1882353 0.1882353 0 0.1098039 0.1098039 0.1058824 0 0.1098039 0.1098039 0.1098039 0 0.1686275 0.1686275 0.1686275 0 0.1098039 0.1098039 0.1098039 0 0.2 0.2 0.2 0 0.1686275 0.1686275 0.1686275 0 0.1098039 0.1098039 0.1098039 0 0.1254902 0.1254902 0.1254902 0 0.2 0.2 0.2 0 0.1254902 0.1254902 0.1254902 0 0.2 0.2 0.2 0 0.2 0.2 0.2 0 0.1882353 0.1882353 0.1882353 0 0.1607843 0.1607843 0.1607843 0 0.3490196 0.3490196 0.3490196 0 0.1607843 0.1607843 0.1607843 0 0.2431373 0.2431373 0.2431373 0 0.3490196 0.3490196 0.3490196 0 0.1686275 0.1686275 0.1686275 0 0.1176471 0.1176471 0.09411764 0 0.1607843 0.1607843 0.1607843 0 0.1176471 0.1176471 0.09411764 0 0.1137255 0.1137255 0.1137255 0 0.1607843 0.1607843 0.1607843 0 0.2 0.2 0.2 0 0.2039216 0.2039216 0.2039216 0 0.1686275 0.1686275 0.1686275 0 0.2039216 0.2039216 0.2039216 0 0.1176471 0.1176471 0.09411764 0 0.1686275 0.1686275 0.1686275 0 0.372549 0.372549 0.372549 0 0.2784314 0.2784314 0.2784314 0 0.2 0.2 0.2 0 0.2784314 0.2784314 0.2784314 0 0.2039216 0.2039216 0.2039216 0 0.2 0.2 0.2 0 0.1607843 0.1607843 0.1607843 0 0.1137255 0.1137255 0.1137255 0 0.2431373 0.2431373 0.2431373 0 0.1137255 0.1137255 0.1137255 0 0.1411765 0.1411765 0.1411765 0 0.2431373 0.2431373 0.2431373 0 0.1176471 0.1176471 0.09411764 0 0.3647059 0.3647059 0.3647059 0 0.1137255 0.1137255 0.1137255 0 0.3647059 0.3647059 0.3647059 0 0.3294118 0.3294118 0.3294118 0 0.1137255 0.1137255 0.1137255 0 0.2039216 0.2039216 0.2039216 0 0.3215686 0.3215686 0.3215686 0 0.1176471 0.1176471 0.09411764 0 0.3215686 0.3215686 0.3215686 0 0.3647059 0.3647059 0.3647059 0 0.1176471 0.1176471 0.09411764 0 0.2784314 0.2784314 0.2784314 0 0.4784314 0.4784314 0.4784314 0 0.2039216 0.2039216 0.2039216 0 0.4784314 0.4784314 0.4784314 0 0.3215686 0.3215686 0.3215686 0 0.2039216 0.2039216 0.2039216 0 0.1137255 0.1137255 0.1137255 0 0.3294118 0.3294118 0.3294118 0 0.1411765 0.1411765 0.1411765 0 0.3294118 0.3294118 0.3294118 0 0.3607843 0.3607843 0.3607843 0 0.1411765 0.1411765 0.1411765 0 0.3647059 0.3647059 0.3647059 0 0.9098039 0.9098039 0.9098039 0 0.3294118 0.3294118 0.3294118 0 0.9098039 0.9098039 0.9098039 0 0.9058824 0.9058824 0.9058824 0 0.3294118 0.3294118 0.3294118 0 0.3215686 0.3215686 0.3215686 0 0.6117647 0.6117647 0.6117647 0 0.3647059 0.3647059 0.3647059 0 0.6117647 0.6117647 0.6117647 0 0.9098039 0.9098039 0.9098039 0 0.3647059 0.3647059 0.3647059 0 0.4784314 0.4784314 0.4784314 0 0.6117647 0.6117647 0.6117647 0 0.3215686 0.3215686 0.3215686 0 0.6117647 0.6117647 0.6117647 0 0.6117647 0.6117647 0.6117647 0 0.3215686 0.3215686 0.3215686 0 0.3294118 0.3294118 0.3294118 0 0.9058824 0.9058824 0.9058824 0 0.3607843 0.3607843 0.3607843 0 0.9058824 0.9058824 0.9058824 0 0.9058824 0.9058824 0.9058824 0 0.3607843 0.3607843 0.3607843 0 0.9098039 0.9098039 0.9098039 0 0.9098039 0.9098039 0.9098039 0 0.9058824 0.9058824 0.9058824 0 0.9098039 0.9098039 0.9098039 0 0.9058824 0.9058824 0.9058824 0 0.9058824 0.9058824 0.9058824 0 0.9098039 0.9098039 0.9098039 0 0.6705883 0.6705883 0.6705883 0 0.9058824 0.9058824 0.9058824 0 0.6705883 0.6705883 0.6705883 0 0.4862745 0.4862745 0.4862745 0 0.9058824 0.9058824 0.9058824 0 0.6117647 0.6117647 0.6117647 0 0.6039216 0.6039216 0.6039216 0 0.9098039 0.9098039 0.9098039 0 0.6039216 0.6039216 0.6039216 0 0.9098039 0.9098039 0.9098039 0 0.9098039 0.9098039 0.9098039 0 0.6117647 0.6117647 0.6117647 0 0.6117647 0.6117647 0.6117647 0 0.6117647 0.6117647 0.6117647 0 0.6117647 0.6117647 0.6117647 0 0.6039216 0.6039216 0.6039216 0 0.6117647 0.6117647 0.6117647 0 0.9058824 0.9058824 0.9058824 0 0.9058824 0.9058824 0.9058824 0 0.9058824 0.9058824 0.9058824 0 0.9058824 0.9058824 0.9058824 0 0.8941177 0.8941177 0.8941177 0 0.9058824 0.9058824 0.9058824 0 0.6039216 0.6039216 0.6039216 0 0.3294118 0.3294118 0.3294118 0 0.9098039 0.9098039 0.9098039 0 0.3294118 0.3294118 0.3294118 0 0.6705883 0.6705883 0.6705883 0 0.9098039 0.9098039 0.9098039 0 0.6117647 0.6117647 0.6117647 0 0.317647 0.317647 0.317647 0 0.6039216 0.6039216 0.6039216 0 0.317647 0.317647 0.317647 0 0.3294118 0.3294118 0.3294118 0 0.6039216 0.6039216 0.6039216 0 0.9058824 0.9058824 0.9058824 0 0.4862745 0.4862745 0.4862745 0 0.8941177 0.8941177 0.8941177 0 0.4862745 0.4862745 0.4862745 0 0.4627451 0.4627451 0.4627451 0 0.8941177 0.8941177 0.8941177 0 0.9098039 0.9098039 0.9098039 0 0.9098039 0.9098039 0.9098039 0 0.9215686 0.9215686 0.9215686 0 0.9098039 0.9098039 0.9098039 0 0.9176471 0.9176471 0.9176471 0 0.9215686 0.9215686 0.9215686 0 0.9176471 0.9176471 0.9176471 0 0.772549 0.772549 0.772549 0 0.9215686 0.9215686 0.9215686 0 0.772549 0.772549 0.772549 0 0.7529412 0.7568628 0.7490196 0 0.9215686 0.9215686 0.9215686 0 0.9098039 0.9098039 0.9098039 0 0.9215686 0.9215686 0.9215686 0 0.9098039 0.9098039 0.9098039 0 0.9215686 0.9215686 0.9215686 0 0.9098039 0.9098039 0.9098039 0 0.9098039 0.9098039 0.9098039 0 0.2 0.2 0.2 0 0.2 0.2 0.2 0 0.372549 0.372549 0.372549 0 0.2 0.2 0.2 0 0.3843137 0.3882353 0.3843137 0 0.372549 0.372549 0.372549 0 0.6705883 0.6705883 0.6705883 0 0.5921569 0.5921569 0.5921569 0 0.4862745 0.4862745 0.4862745 0 0.5921569 0.5921569 0.5921569 0 0.8901961 0.8901961 0.8901961 0 0.4862745 0.4862745 0.4862745 0 0.3294118 0.3294118 0.3294118 0 0.5372549 0.5372549 0.5372549 0 0.6705883 0.6705883 0.6705883 0 0.5372549 0.5372549 0.5372549 0 0.5921569 0.5921569 0.5921569 0 0.6705883 0.6705883 0.6705883 0 0.317647 0.317647 0.317647 0 0.5529412 0.5529412 0.5529412 0 0.3294118 0.3294118 0.3294118 0 0.5529412 0.5529412 0.5529412 0 0.5372549 0.5372549 0.5372549 0 0.3294118 0.3294118 0.3294118 0 0.4862745 0.4862745 0.4862745 0 0.8901961 0.8901961 0.8901961 0 0.4627451 0.4627451 0.4627451 0 0.8901961 0.8901961 0.8901961 0 0.8901961 0.8901961 0.8901961 0 0.4627451 0.4627451 0.4627451 0 0.5921569 0.5921569 0.5921569 0 0.9098039 0.9098039 0.9098039 0 0.8901961 0.8901961 0.8901961 0 0.9098039 0.9098039 0.9098039 0 0.9098039 0.9098039 0.9098039 0 0.8901961 0.8901961 0.8901961 0 0.5372549 0.5372549 0.5372549 0 0.6117647 0.6117647 0.6117647 0 0.5921569 0.5921569 0.5921569 0 0.6117647 0.6117647 0.6117647 0 0.9098039 0.9098039 0.9098039 0 0.5921569 0.5921569 0.5921569 0 0.5529412 0.5529412 0.5529412 0 0.6117647 0.6117647 0.6117647 0 0.5372549 0.5372549 0.5372549 0 0.6117647 0.6117647 0.6117647 0 0.6117647 0.6117647 0.6117647 0 0.5372549 0.5372549 0.5372549 0 0.8901961 0.8901961 0.8901961 0 0.9098039 0.9098039 0.9098039 0 0.8901961 0.8901961 0.8901961 0 0.9098039 0.9098039 0.9098039 0 0.9098039 0.9098039 0.9098039 0 0.8901961 0.8901961 0.8901961 0 0.9098039 0.9098039 0.9098039 0 0.9098039 0.9098039 0.9098039 0 0.9098039 0.9098039 0.9098039 0 0.9098039 0.9098039 0.9098039 0 0.9098039 0.9098039 0.9098039 0 0.9098039 0.9098039 0.9098039 0 0.6117647 0.6117647 0.6117647 0 0.9098039 0.9098039 0.9098039 0 0.9098039 0.9098039 0.9098039 0 0.9098039 0.9098039 0.9098039 0 0.9098039 0.9098039 0.9098039 0 0.9098039 0.9098039 0.9098039 0 0.6117647 0.6117647 0.6117647 0 0.6117647 0.6117647 0.6117647 0 0.6117647 0.6117647 0.6117647 0 0.6117647 0.6117647 0.6117647 0 0.9098039 0.9098039 0.9098039 0 0.6117647 0.6117647 0.6117647 0 0.9098039 0.9098039 0.9098039 0 0.9098039 0.9098039 0.9098039 0 0.9098039 0.9098039 0.9098039 0 0.9098039 0.9098039 0.9098039 0 0.9098039 0.9098039 0.9098039 0 0.9098039 0.9098039 0.9098039 0 0.9098039 0.9098039 0.9098039 0 0.9098039 0.9098039 0.9098039 0 0.9098039 0.9098039 0.9098039 0 0.9098039 0.9098039 0.9098039 0 0.9098039 0.9098039 0.9098039 0 0.9098039 0.9098039 0.9098039 0 0.9098039 0.9098039 0.9098039 0 0.9098039 0.9098039 0.9098039 0 0.9098039 0.9098039 0.9098039 0 0.9098039 0.9098039 0.9098039 0 0.9098039 0.9098039 0.9098039 0 0.9098039 0.9098039 0.9098039 0 0.6117647 0.6117647 0.6117647 0 0.6156863 0.6156863 0.6156863 0 0.9098039 0.9098039 0.9098039 0 0.6156863 0.6156863 0.6156863 0 0.9098039 0.9098039 0.9098039 0 0.9098039 0.9098039 0.9098039 0 0.9098039 0.9098039 0.9098039 0 0.9098039 0.9098039 0.9098039 0 0.9098039 0.9098039 0.9098039 0 0.9098039 0.9098039 0.9098039 0 0.9098039 0.9098039 0.9098039 0 0.9098039 0.9098039 0.9098039 0 0.9098039 0.9098039 0.9098039 0 0.9098039 0.9098039 0.9098039 0 0.9098039 0.9098039 0.9098039 0 0.9098039 0.9098039 0.9098039 0 0.9098039 0.9098039 0.9098039 0 0.9098039 0.9098039 0.9098039 0 0.9098039 0.9098039 0.9098039 0 0.9098039 0.9098039 0.9098039 0 0.9098039 0.9098039 0.9098039 0 0.9098039 0.9098039 0.9098039 0 0.9098039 0.9098039 0.9098039 0 0.9098039 0.9098039 0.9098039 0 0.6156863 0.6156863 0.6156863 0 0.9137255 0.9137255 0.9137255 0 0.9098039 0.9098039 0.9098039 0 0.9137255 0.9137255 0.9137255 0 0.9098039 0.9098039 0.9098039 0 0.9098039 0.9098039 0.9098039 0 0.9098039 0.9098039 0.9098039 0 0.9098039 0.9098039 0.9098039 0 0.9098039 0.9098039 0.9098039 0 0.9098039 0.9098039 0.9098039 0 0.9098039 0.9098039 0.9098039 0 0.9098039 0.9098039 0.9098039 0 0.9098039 0.9098039 0.9098039 0 0.9098039 0.9098039 0.9098039 0 0.9098039 0.9098039 0.9098039 0 0.9098039 0.9098039 0.9098039 0 0.9098039 0.9098039 0.9098039 0 0.9098039 0.9098039 0.9098039 0 0.9098039 0.9098039 0.9098039 0 0.9176471 0.9176471 0.9176471 0 0.9098039 0.9098039 0.9098039 0 0.9176471 0.9176471 0.9176471 0 0.9098039 0.9098039 0.9098039 0 0.9098039 0.9098039 0.9098039 0 0.9137255 0.9137255 0.9137255 0 0.772549 0.772549 0.772549 0 0.9098039 0.9098039 0.9098039 0 0.772549 0.772549 0.772549 0 0.9176471 0.9176471 0.9176471 0 0.9098039 0.9098039 0.9098039 0 0.9098039 0.9098039 0.9098039 0 0.9098039 0.9098039 0.9098039 0 0.9098039 0.9098039 0.9098039 0 0.9098039 0.9098039 0.9098039 0 0.9098039 0.9098039 0.9098039 0 0.9098039 0.9098039 0.9098039 0 0.5372549 0.5372549 0.5372549 0 0.6941177 0.6980392 0.6941177 0 0.6078432 0.6078432 0.6078432 0 0.6941177 0.6980392 0.6941177 0 0.6862745 0.7019608 0.6705883 0 0.6078432 0.6078432 0.6078432 0 0.6941177 0.6980392 0.6941177 0 0.4862745 0.4862745 0.4823529 0 0.6862745 0.7019608 0.6705883 0 0.4862745 0.4862745 0.4823529 0 0.5254902 0.5294118 0.5254902 0 0.6862745 0.7019608 0.6705883 0 0.3647059 0.3647059 0.3607843 0 0.3411765 0.3411765 0.3411765 0 0.5372549 0.5372549 0.5372549 0 0.3411765 0.3411765 0.3411765 0 0.6941177 0.6980392 0.6941177 0 0.5372549 0.5372549 0.5372549 0 0.3411765 0.3411765 0.3411765 0 0.3411765 0.345098 0.3411765 0 0.6941177 0.6980392 0.6941177 0 0.3411765 0.345098 0.3411765 0 0.4862745 0.4862745 0.4823529 0 0.6941177 0.6980392 0.6941177 0 0.4862745 0.4862745 0.4823529 0 0.4039216 0.4039216 0.4039216 0 0.5254902 0.5294118 0.5254902 0 0.4039216 0.4039216 0.4039216 0 0.4666666 0.4666666 0.4666666 0 0.5254902 0.5294118 0.5254902 0 0.3411765 0.345098 0.3411765 0 0.317647 0.3215686 0.317647 0 0.4862745 0.4862745 0.4823529 0 0.317647 0.3215686 0.317647 0 0.4039216 0.4039216 0.4039216 0 0.4862745 0.4862745 0.4823529 0 0.4039216 0.4039216 0.4039216 0 0.3803921 0.3843137 0.3803921 0 0.4666666 0.4666666 0.4666666 0 0.3803921 0.3843137 0.3803921 0 0.4588235 0.4588235 0.4549019 0 0.4666666 0.4666666 0.4666666 0 0.317647 0.3215686 0.317647 0 0.3254902 0.3254902 0.3254902 0 0.4039216 0.4039216 0.4039216 0 0.3254902 0.3254902 0.3254902 0 0.3803921 0.3843137 0.3803921 0 0.4039216 0.4039216 0.4039216 0 0.4313725 0.4313725 0.4313725 0 0.3803921 0.3803921 0.3803921 0 0.4941176 0.4941176 0.4941176 0 0.3803921 0.3803921 0.3803921 0 0.3882353 0.3882353 0.3882353 0 0.4941176 0.4941176 0.4941176 0 0.4313725 0.4313725 0.4313725 0 0.4666666 0.4666666 0.4666666 0 0.3803921 0.3803921 0.3803921 0 0.4666666 0.4666666 0.4666666 0 0.4196078 0.4235294 0.4196078 0 0.3803921 0.3803921 0.3803921 0 0.4666666 0.4666666 0.4666666 0 0.4588235 0.4588235 0.4549019 0 0.4196078 0.4235294 0.4196078 0 0.4588235 0.4588235 0.4549019 0 0.3803921 0.3843137 0.3803921 0 0.4196078 0.4235294 0.4196078 0 0.4941176 0.4941176 0.4941176 0 0.3882353 0.3882353 0.3882353 0 0.3490196 0.3490196 0.3490196 0 0.3882353 0.3882353 0.3882353 0 0.2666667 0.2666667 0.2666667 0 0.3490196 0.3490196 0.3490196 0 0.3803921 0.3803921 0.3803921 0 0.4588235 0.4588235 0.4588235 0 0.3882353 0.3882353 0.3882353 0 0.4588235 0.4588235 0.4588235 0 0.3372549 0.345098 0.3254902 0 0.3882353 0.3882353 0.3882353 0 0.4196078 0.4235294 0.4196078 0 0.4705882 0.4705882 0.4705882 0 0.3803921 0.3803921 0.3803921 0 0.4705882 0.4705882 0.4705882 0 0.4588235 0.4588235 0.4588235 0 0.3803921 0.3803921 0.3803921 0 0.3764706 0.3803921 0.3764706 0 0.3372549 0.3372549 0.3372549 0 0.4196078 0.4235294 0.4196078 0 0.3372549 0.3372549 0.3372549 0 0.4705882 0.4705882 0.4705882 0 0.4196078 0.4235294 0.4196078 0 0.3882353 0.3882353 0.3882353 0 0.3372549 0.345098 0.3254902 0 0.2666667 0.2666667 0.2666667 0 0.3372549 0.345098 0.3254902 0 0.145098 0.145098 0.145098 0 0.2666667 0.2666667 0.2666667 0 0.4588235 0.4588235 0.4588235 0 0.5764706 0.5764706 0.5764706 0 0.3372549 0.345098 0.3254902 0 0.5764706 0.5764706 0.5764706 0 0.5921569 0.5921569 0.5921569 0 0.3372549 0.345098 0.3254902 0 0.4705882 0.4705882 0.4705882 0 0.5058824 0.5058824 0.5058824 0 0.4588235 0.4588235 0.4588235 0 0.5058824 0.5058824 0.5058824 0 0.5764706 0.5764706 0.5764706 0 0.4588235 0.4588235 0.4588235 0 0.3372549 0.3372549 0.3372549 0 0.5529412 0.5529412 0.5529412 0 0.4705882 0.4705882 0.4705882 0 0.5529412 0.5529412 0.5529412 0 0.5058824 0.5058824 0.5058824 0 0.4705882 0.4705882 0.4705882 0 0.3372549 0.345098 0.3254902 0 0.5921569 0.5921569 0.5921569 0 0.145098 0.145098 0.145098 0 0.5921569 0.5921569 0.5921569 0 0.5490196 0.5490196 0.5490196 0 0.145098 0.145098 0.145098 0 0.5764706 0.5764706 0.5764706 0 0.6117647 0.6117647 0.6117647 0 0.5921569 0.5921569 0.5921569 0 0.6117647 0.6117647 0.6117647 0 0.7450981 0.7450981 0.7450981 0 0.5921569 0.5921569 0.5921569 0 0.5058824 0.5058824 0.5058824 0 0.9098039 0.9098039 0.9098039 0 0.5764706 0.5764706 0.5764706 0 0.9098039 0.9098039 0.9098039 0 0.6117647 0.6117647 0.6117647 0 0.5764706 0.5764706 0.5764706 0 0.5529412 0.5529412 0.5529412 0 0.9098039 0.9098039 0.9098039 0 0.5058824 0.5058824 0.5058824 0 0.9098039 0.9098039 0.9098039 0 0.9098039 0.9098039 0.9098039 0 0.5058824 0.5058824 0.5058824 0 0.5921569 0.5921569 0.5921569 0 0.7450981 0.7450981 0.7450981 0 0.5490196 0.5490196 0.5490196 0 0.7450981 0.7450981 0.7450981 0 0.8 0.8 0.8 0 0.5490196 0.5490196 0.5490196 0 0.6117647 0.6117647 0.6117647 0 0.6117647 0.6117647 0.6117647 0 0.7450981 0.7450981 0.7450981 0 0.6117647 0.6117647 0.6117647 0 0.7764706 0.7764706 0.7764706 0 0.7450981 0.7450981 0.7450981 0 0.6117647 0.6117647 0.6117647 0 0.2117647 0.2117647 0.2117647 0 0.7764706 0.7764706 0.7764706 0 0.2117647 0.2117647 0.2117647 0 0.4549019 0.4549019 0.4549019 0 0.7764706 0.7764706 0.7764706 0 0.9098039 0.9098039 0.9098039 0 0.9098039 0.9098039 0.9098039 0 0.6117647 0.6117647 0.6117647 0 0.9098039 0.9098039 0.9098039 0 0.6117647 0.6117647 0.6117647 0 0.6117647 0.6117647 0.6117647 0 0.9098039 0.9098039 0.9098039 0 0.9098039 0.9098039 0.9098039 0 0.9098039 0.9098039 0.9098039 0 0.9098039 0.9098039 0.9098039 0 0.9098039 0.9098039 0.9098039 0 0.9098039 0.9098039 0.9098039 0 0.7450981 0.7450981 0.7450981 0 0.7764706 0.7764706 0.7764706 0 0.8 0.8 0.8 0 0.7764706 0.7764706 0.7764706 0 0.7490196 0.7490196 0.7490196 0 0.8 0.8 0.8 0 0.9098039 0.9098039 0.9098039 0 0.3686274 0.3686274 0.3686274 0 0.6117647 0.6117647 0.6117647 0 0.3686274 0.3686274 0.3686274 0 0.2117647 0.2117647 0.2117647 0 0.6117647 0.6117647 0.6117647 0 0.9098039 0.9098039 0.9098039 0 0.6117647 0.6117647 0.6117647 0 0.9098039 0.9098039 0.9098039 0 0.6117647 0.6117647 0.6117647 0 0.3686274 0.3686274 0.3686274 0 0.9098039 0.9098039 0.9098039 0 0.7764706 0.7764706 0.7764706 0 0.4549019 0.4549019 0.4549019 0 0.7490196 0.7490196 0.7490196 0 0.4549019 0.4549019 0.4549019 0 0.2431373 0.2431373 0.2431373 0 0.7490196 0.7490196 0.7490196 0 0.9176471 0.9176471 0.9176471 0 0.9098039 0.9098039 0.9098039 0 0.9529412 0.9529412 0.9529412 0 0.9098039 0.9098039 0.9098039 0 0.9098039 0.9098039 0.9098039 0 0.9529412 0.9529412 0.9529412 0 0.4196078 0.4235294 0.4196078 0 0.3803921 0.3843137 0.3803921 0 0.3764706 0.3803921 0.3764706 0 0.3803921 0.3843137 0.3803921 0 0.3254902 0.3254902 0.3254902 0 0.3764706 0.3803921 0.3764706 0 0.2117647 0.2117647 0.2117647 0 0.5686275 0.5686275 0.5686275 0 0.4549019 0.4549019 0.4549019 0 0.5686275 0.5686275 0.5686275 0 0.5882353 0.5882353 0.5882353 0 0.4549019 0.4549019 0.4549019 0 0.3686274 0.3686274 0.3686274 0 0.8745098 0.8745098 0.7098039 0 0.2117647 0.2117647 0.2117647 0 0.8745098 0.8745098 0.7098039 0 0.5686275 0.5686275 0.5686275 0 0.2117647 0.2117647 0.2117647 0 0.6117647 0.6117647 0.6117647 0 0.8901961 0.8901961 0.8901961 0 0.3686274 0.3686274 0.3686274 0 0.8901961 0.8901961 0.8901961 0 0.8745098 0.8745098 0.7098039 0 0.3686274 0.3686274 0.3686274 0 0.4549019 0.4549019 0.4549019 0 0.5882353 0.5882353 0.5882353 0 0.2431373 0.2431373 0.2431373 0 0.5882353 0.5882353 0.5882353 0 0.4823529 0.4823529 0.4823529 0 0.2431373 0.2431373 0.2431373 0 0.5686275 0.5686275 0.5686275 0 0.9098039 0.9098039 0.9098039 0 0.5882353 0.5882353 0.5882353 0 0.9098039 0.9098039 0.9098039 0 0.6235294 0.6235294 0.6235294 0 0.5882353 0.5882353 0.5882353 0 0.8745098 0.8745098 0.7098039 0 0.9098039 0.9098039 0.9098039 0 0.5686275 0.5686275 0.5686275 0 0.9098039 0.9098039 0.9098039 0 0.9098039 0.9098039 0.9098039 0 0.5686275 0.5686275 0.5686275 0 0.8901961 0.8901961 0.8901961 0 0.9098039 0.9098039 0.9098039 0 0.8745098 0.8745098 0.7098039 0 0.9098039 0.9098039 0.9098039 0 0.9098039 0.9098039 0.9098039 0 0.8745098 0.8745098 0.7098039 0 0.5882353 0.5882353 0.5882353 0 0.6235294 0.6235294 0.6235294 0 0.4823529 0.4823529 0.4823529 0 0.6235294 0.6235294 0.6235294 0 0.7764706 0.7764706 0.7764706 0 0.4823529 0.4823529 0.4823529 0 0.9098039 0.9098039 0.9098039 0 0.9098039 0.9098039 0.9098039 0 0.6235294 0.6235294 0.6235294 0 0.9098039 0.9098039 0.9098039 0 0.827451 0.8470588 0.8078432 0 0.6235294 0.6235294 0.6235294 0 0.9098039 0.9098039 0.9098039 0 0.9098039 0.9098039 0.9098039 0 0.9098039 0.9098039 0.9098039 0 0.9098039 0.9098039 0.9098039 0 0.9098039 0.9098039 0.9098039 0 0.9098039 0.9098039 0.9098039 0 0.9098039 0.9098039 0.9098039 0 0.9098039 0.9098039 0.9098039 0 0.9098039 0.9098039 0.9098039 0 0.9098039 0.9098039 0.9098039 0 0.9098039 0.9098039 0.9098039 0 0.9098039 0.9098039 0.9098039 0 0.6235294 0.6235294 0.6235294 0 0.827451 0.8470588 0.8078432 0 0.7764706 0.7764706 0.7764706 0 0.827451 0.8470588 0.8078432 0 0.9450981 0.9450981 0.9450981 0 0.7764706 0.7764706 0.7764706 0 0.9098039 0.9098039 0.9098039 0 0.9098039 0.9098039 0.9098039 0 0.827451 0.8470588 0.8078432 0 0.9098039 0.9098039 0.9098039 0 0.6627451 0.6627451 0.6627451 0 0.827451 0.8470588 0.8078432 0 0.9098039 0.9098039 0.9098039 0 0.9098039 0.9098039 0.9098039 0 0.9098039 0.9098039 0.9098039 0 0.9098039 0.9098039 0.9098039 0 0.9098039 0.9098039 0.9098039 0 0.9098039 0.9098039 0.9098039 0 0.9098039 0.9098039 0.9098039 0 0.9098039 0.9098039 0.9098039 0 0.9098039 0.9098039 0.9098039 0 0.9098039 0.9098039 0.9098039 0 0.9098039 0.9098039 0.9098039 0 0.9098039 0.9098039 0.9098039 0 0.827451 0.8470588 0.8078432 0 0.6627451 0.6627451 0.6627451 0 0.9450981 0.9450981 0.9450981 0 0.6627451 0.6627451 0.6627451 0 0.8745098 0.8745098 0.8745098 0 0.9450981 0.9450981 0.9450981 0 0.9098039 0.9098039 0.9098039 0 0.9098039 0.9098039 0.9098039 0 0.6627451 0.6627451 0.6627451 0 0.9098039 0.9098039 0.9098039 0 0.9372549 0.9372549 0.9372549 0 0.6627451 0.6627451 0.6627451 0 0.9098039 0.9098039 0.9098039 0 0.9098039 0.9098039 0.9098039 0 0.9098039 0.9098039 0.9098039 0 0.9098039 0.9098039 0.9098039 0 0.9098039 0.9098039 0.9098039 0 0.9098039 0.9098039 0.9098039 0 0.9098039 0.9098039 0.9098039 0 0.9098039 0.9098039 0.9098039 0 0.9098039 0.9098039 0.9098039 0 0.9098039 0.9098039 0.9098039 0 0.9098039 0.9098039 0.9098039 0 0.9098039 0.9098039 0.9098039 0 0.6627451 0.6627451 0.6627451 0 0.9372549 0.9372549 0.9372549 0 0.8745098 0.8745098 0.8745098 0 0.9372549 0.9372549 0.9372549 0 0.972549 0.972549 0.972549 0 0.8745098 0.8745098 0.8745098 0 0.9098039 0.9098039 0.9098039 0 0.9098039 0.9098039 0.9098039 0 0.9372549 0.9372549 0.9372549 0 0.9098039 0.9098039 0.9098039 0 0.9176471 0.9176471 0.9176471 0 0.9372549 0.9372549 0.9372549 0 0.9098039 0.9098039 0.9098039 0 0.9098039 0.9098039 0.9098039 0 0.9098039 0.9098039 0.9098039 0 0.9098039 0.9098039 0.9098039 0 0.9098039 0.9098039 0.9098039 0 0.9098039 0.9098039 0.9098039 0 0.9098039 0.9098039 0.9098039 0 0.9098039 0.9098039 0.9098039 0 0.9098039 0.9098039 0.9098039 0 0.9098039 0.9098039 0.9098039 0 0.9098039 0.9098039 0.9098039 0 0.9098039 0.9098039 0.9098039 0 0.9372549 0.9372549 0.9372549 0 0.9176471 0.9176471 0.9176471 0 0.972549 0.972549 0.972549 0 0.9176471 0.9176471 0.9176471 0 0.9450981 0.9450981 0.9450981 0 0.972549 0.972549 0.972549 0 0.6862745 0.7019608 0.6705883 0 0.5529412 0.5529412 0.5529412 0 0.6078432 0.6078432 0.6078432 0 0.5529412 0.5529412 0.5529412 0 0.3921568 0.3921568 0.3921568 0 0.6078432 0.6078432 0.6078432 0 0.5019608 0.5019608 0.4980392 0 0.5529412 0.5529412 0.5529412 0 0.6862745 0.7019608 0.6705883 0 0.5254902 0.5294118 0.5254902 0 0.5019608 0.5019608 0.4980392 0 0.6862745 0.7019608 0.6705883 0 0.5529412 0.5529412 0.5529412 0 0.4078431 0.4078431 0.4078431 0 0.3921568 0.3921568 0.3921568 0 0.4078431 0.4078431 0.4078431 0 0.3215686 0.3215686 0.3215686 0 0.3921568 0.3921568 0.3921568 0 0.3490196 0.3490196 0.3490196 0 0.4078431 0.4078431 0.4078431 0 0.5529412 0.5529412 0.5529412 0 0.5019608 0.5019608 0.4980392 0 0.3490196 0.3490196 0.3490196 0 0.5529412 0.5529412 0.5529412 0 0.4666666 0.4666666 0.4666666 0 0.4196078 0.4196078 0.4156863 0 0.5254902 0.5294118 0.5254902 0 0.4196078 0.4196078 0.4156863 0 0.5019608 0.5019608 0.4980392 0 0.5254902 0.5294118 0.5254902 0 0.4196078 0.4196078 0.4156863 0 0.2901961 0.2901961 0.2901961 0 0.5019608 0.5019608 0.4980392 0 0.2901961 0.2901961 0.2901961 0 0.3490196 0.3490196 0.3490196 0 0.5019608 0.5019608 0.4980392 0 0.4588235 0.4588235 0.4549019 0 0.4745098 0.4745098 0.4745098 0 0.4666666 0.4666666 0.4666666 0 0.4745098 0.4745098 0.4745098 0 0.4196078 0.4196078 0.4156863 0 0.4666666 0.4666666 0.4666666 0 0.4745098 0.4745098 0.4745098 0 0.3843137 0.3882353 0.3843137 0 0.4196078 0.4196078 0.4156863 0 0.3843137 0.3882353 0.3843137 0 0.2901961 0.2901961 0.2901961 0 0.4196078 0.4196078 0.4156863 0 0.4235294 0.4235294 0.4235294 0 0.4078431 0.4078431 0.4078431 0 0.4941176 0.4941176 0.4941176 0 0.4078431 0.4078431 0.4078431 0 0.4313725 0.4313725 0.4313725 0 0.4941176 0.4941176 0.4941176 0 0.4627451 0.4627451 0.4627451 0 0.4666666 0.4666666 0.4666666 0 0.4078431 0.4078431 0.4078431 0 0.4666666 0.4666666 0.4666666 0 0.4313725 0.4313725 0.4313725 0 0.4078431 0.4078431 0.4078431 0 0.4745098 0.4745098 0.4745098 0 0.4588235 0.4588235 0.4549019 0 0.4627451 0.4627451 0.4627451 0 0.4588235 0.4588235 0.4549019 0 0.4666666 0.4666666 0.4666666 0 0.4627451 0.4627451 0.4627451 0 0.2431373 0.2431373 0.2431373 0 0.4235294 0.4235294 0.4235294 0 0.3490196 0.3490196 0.3490196 0 0.4235294 0.4235294 0.4235294 0 0.4941176 0.4941176 0.4941176 0 0.3490196 0.3490196 0.3490196 0 0.2745098 0.2745098 0.2745098 0 0.3686274 0.3686274 0.3686274 0 0.4235294 0.4235294 0.4235294 0 0.3686274 0.3686274 0.3686274 0 0.4078431 0.4078431 0.4078431 0 0.4235294 0.4235294 0.4235294 0 0.3686274 0.3686274 0.3686274 0 0.4039216 0.4039216 0.4039216 0 0.4078431 0.4078431 0.4078431 0 0.4039216 0.4039216 0.4039216 0 0.4627451 0.4627451 0.4627451 0 0.4078431 0.4078431 0.4078431 0 0.4039216 0.4039216 0.4039216 0 0.2784314 0.2784314 0.2784314 0 0.4627451 0.4627451 0.4627451 0 0.2784314 0.2784314 0.2784314 0 0.372549 0.372549 0.372549 0 0.4627451 0.4627451 0.4627451 0 0.1411765 0.1411765 0.1411765 0 0.2745098 0.2745098 0.2745098 0 0.2431373 0.2431373 0.2431373 0 0.2745098 0.2745098 0.2745098 0 0.4235294 0.4235294 0.4235294 0 0.2431373 0.2431373 0.2431373 0 0.5254902 0.5254902 0.5254902 0 0.4980392 0.4980392 0.4980392 0 0.2745098 0.2745098 0.2745098 0 0.4980392 0.4980392 0.4980392 0 0.3686274 0.3686274 0.3686274 0 0.2745098 0.2745098 0.2745098 0 0.4980392 0.4980392 0.4980392 0 0.5490196 0.5490196 0.5490196 0 0.3686274 0.3686274 0.3686274 0 0.5490196 0.5490196 0.5490196 0 0.4039216 0.4039216 0.4039216 0 0.3686274 0.3686274 0.3686274 0 0.5490196 0.5490196 0.5490196 0 0.4784314 0.4784314 0.4784314 0 0.4039216 0.4039216 0.4039216 0 0.4784314 0.4784314 0.4784314 0 0.2784314 0.2784314 0.2784314 0 0.4039216 0.4039216 0.4039216 0 0.3607843 0.3607843 0.3607843 0 0.5254902 0.5254902 0.5254902 0 0.1411765 0.1411765 0.1411765 0 0.5254902 0.5254902 0.5254902 0 0.2745098 0.2745098 0.2745098 0 0.1411765 0.1411765 0.1411765 0 0.9098039 0.9098039 0.9098039 0 0.6117647 0.6117647 0.6117647 0 0.5254902 0.5254902 0.5254902 0 0.6117647 0.6117647 0.6117647 0 0.4980392 0.4980392 0.4980392 0 0.5254902 0.5254902 0.5254902 0 0.6117647 0.6117647 0.6117647 0 0.6117647 0.6117647 0.6117647 0 0.4980392 0.4980392 0.4980392 0 0.6117647 0.6117647 0.6117647 0 0.5490196 0.5490196 0.5490196 0 0.4980392 0.4980392 0.4980392 0 0.6117647 0.6117647 0.6117647 0 0.6117647 0.6117647 0.6117647 0 0.5490196 0.5490196 0.5490196 0 0.6117647 0.6117647 0.6117647 0 0.4784314 0.4784314 0.4784314 0 0.5490196 0.5490196 0.5490196 0 0.9058824 0.9058824 0.9058824 0 0.9098039 0.9098039 0.9098039 0 0.3607843 0.3607843 0.3607843 0 0.9098039 0.9098039 0.9098039 0 0.5254902 0.5254902 0.5254902 0 0.3607843 0.3607843 0.3607843 0 0.9058824 0.9058824 0.9058824 0 0.6078432 0.6078432 0.6078432 0 0.9098039 0.9098039 0.9098039 0 0.6078432 0.6078432 0.6078432 0 0.6117647 0.6117647 0.6117647 0 0.9098039 0.9098039 0.9098039 0 0.3019608 0.3019608 0.3019608 0 0.6078432 0.6078432 0.6078432 0 0.9058824 0.9058824 0.9058824 0 0.5333334 0.5333334 0.5333334 0 0.3019608 0.3019608 0.3019608 0 0.9058824 0.9058824 0.9058824 0 0.6078432 0.6078432 0.6078432 0 0.6117647 0.6117647 0.6117647 0 0.6117647 0.6117647 0.6117647 0 0.6117647 0.6117647 0.6117647 0 0.6117647 0.6117647 0.6117647 0 0.6117647 0.6117647 0.6117647 0 0.6117647 0.6117647 0.6117647 0 0.6117647 0.6117647 0.6117647 0 0.6117647 0.6117647 0.6117647 0 0.6117647 0.6117647 0.6117647 0 0.6117647 0.6117647 0.6117647 0 0.6117647 0.6117647 0.6117647 0 0.8941177 0.8941177 0.8941177 0 0.9058824 0.9058824 0.9058824 0 0.9058824 0.9058824 0.9058824 0 0.9058824 0.9058824 0.9058824 0 0.9098039 0.9098039 0.9098039 0 0.9058824 0.9058824 0.9058824 0 0.3019608 0.3019608 0.3019608 0 0.4 0.4 0.4 0 0.6078432 0.6078432 0.6078432 0 0.4 0.4 0.4 0 0.6117647 0.6117647 0.6117647 0 0.6078432 0.6078432 0.6078432 0 0.4 0.4 0.4 0 0.317647 0.317647 0.317647 0 0.6117647 0.6117647 0.6117647 0 0.317647 0.317647 0.317647 0 0.6117647 0.6117647 0.6117647 0 0.6117647 0.6117647 0.6117647 0 0.4627451 0.4627451 0.4627451 0 0.5333334 0.5333334 0.5333334 0 0.8941177 0.8941177 0.8941177 0 0.5333334 0.5333334 0.5333334 0 0.9058824 0.9058824 0.9058824 0 0.8941177 0.8941177 0.8941177 0 0.9098039 0.9098039 0.9098039 0 0.9215686 0.9215686 0.9215686 0 0.9176471 0.9176471 0.9176471 0 0.9215686 0.9215686 0.9215686 0 0.7529412 0.7568628 0.7490196 0 0.9176471 0.9176471 0.9176471 0 0.3843137 0.3882353 0.3843137 0 0.4745098 0.4745098 0.4745098 0 0.372549 0.372549 0.372549 0 0.4745098 0.4745098 0.4745098 0 0.4627451 0.4627451 0.4627451 0 0.372549 0.372549 0.372549 0 0.9098039 0.9098039 0.9098039 0 0.6039216 0.6039216 0.6039216 0 0.5333334 0.5333334 0.5333334 0 0.6039216 0.6039216 0.6039216 0 0.3019608 0.3019608 0.3019608 0 0.5333334 0.5333334 0.5333334 0 0.6039216 0.6039216 0.6039216 0 0.6117647 0.6117647 0.6117647 0 0.3019608 0.3019608 0.3019608 0 0.6117647 0.6117647 0.6117647 0 0.4 0.4 0.4 0 0.3019608 0.3019608 0.3019608 0 0.6117647 0.6117647 0.6117647 0 0.5529412 0.5529412 0.5529412 0 0.4 0.4 0.4 0 0.5529412 0.5529412 0.5529412 0 0.317647 0.317647 0.317647 0 0.4 0.4 0.4 0 0.8901961 0.8901961 0.8901961 0 0.9098039 0.9098039 0.9098039 0 0.4627451 0.4627451 0.4627451 0 0.9098039 0.9098039 0.9098039 0 0.5333334 0.5333334 0.5333334 0 0.4627451 0.4627451 0.4627451 0 0.9098039 0.9098039 0.9098039 0 0.9098039 0.9098039 0.9098039 0 0.9098039 0.9098039 0.9098039 0 0.9098039 0.9098039 0.9098039 0 0.6039216 0.6039216 0.6039216 0 0.9098039 0.9098039 0.9098039 0 0.9098039 0.9098039 0.9098039 0 0.6117647 0.6117647 0.6117647 0 0.6039216 0.6039216 0.6039216 0 0.6117647 0.6117647 0.6117647 0 0.6117647 0.6117647 0.6117647 0 0.6039216 0.6039216 0.6039216 0 0.6117647 0.6117647 0.6117647 0 0.6117647 0.6117647 0.6117647 0 0.6117647 0.6117647 0.6117647 0 0.6117647 0.6117647 0.6117647 0 0.5529412 0.5529412 0.5529412 0 0.6117647 0.6117647 0.6117647 0 0.9098039 0.9098039 0.9098039 0 0.9098039 0.9098039 0.9098039 0 0.8901961 0.8901961 0.8901961 0 0.9098039 0.9098039 0.9098039 0 0.9098039 0.9098039 0.9098039 0 0.8901961 0.8901961 0.8901961 0 0.9098039 0.9098039 0.9098039 0 0.9098039 0.9098039 0.9098039 0 0.9098039 0.9098039 0.9098039 0 0.9098039 0.9098039 0.9098039 0 0.9098039 0.9098039 0.9098039 0 0.9098039 0.9098039 0.9098039 0 0.9098039 0.9098039 0.9098039 0 0.9098039 0.9098039 0.9098039 0 0.9098039 0.9098039 0.9098039 0 0.9098039 0.9098039 0.9098039 0 0.6117647 0.6117647 0.6117647 0 0.9098039 0.9098039 0.9098039 0 0.9098039 0.9098039 0.9098039 0 0.6117647 0.6117647 0.6117647 0 0.6117647 0.6117647 0.6117647 0 0.6117647 0.6117647 0.6117647 0 0.6117647 0.6117647 0.6117647 0 0.6117647 0.6117647 0.6117647 0 0.9098039 0.9098039 0.9098039 0 0.9098039 0.9098039 0.9098039 0 0.9098039 0.9098039 0.9098039 0 0.9098039 0.9098039 0.9098039 0 0.9098039 0.9098039 0.9098039 0 0.9098039 0.9098039 0.9098039 0 0.9098039 0.9098039 0.9098039 0 0.9098039 0.9098039 0.9098039 0 0.9098039 0.9098039 0.9098039 0 0.9098039 0.9098039 0.9098039 0 0.9098039 0.9098039 0.9098039 0 0.9098039 0.9098039 0.9098039 0 0.9098039 0.9098039 0.9098039 0 0.6392157 0.6431373 0.6352941 0 0.9098039 0.9098039 0.9098039 0 0.6392157 0.6431373 0.6352941 0 0.9098039 0.9098039 0.9098039 0 0.9098039 0.9098039 0.9098039 0 0.6392157 0.6431373 0.6352941 0 0.6156863 0.6156863 0.6156863 0 0.9098039 0.9098039 0.9098039 0 0.6156863 0.6156863 0.6156863 0 0.6117647 0.6117647 0.6117647 0 0.9098039 0.9098039 0.9098039 0 0.9098039 0.9098039 0.9098039 0 0.9098039 0.9098039 0.9098039 0 0.9098039 0.9098039 0.9098039 0 0.9098039 0.9098039 0.9098039 0 0.9098039 0.9098039 0.9098039 0 0.9098039 0.9098039 0.9098039 0 0.9098039 0.9098039 0.9098039 0 0.9098039 0.9098039 0.9098039 0 0.9098039 0.9098039 0.9098039 0 0.9098039 0.9098039 0.9098039 0 0.9098039 0.9098039 0.9098039 0 0.9098039 0.9098039 0.9098039 0 0.9098039 0.9098039 0.9098039 0 0.9098039 0.9098039 0.9098039 0 0.9098039 0.9098039 0.9098039 0 0.9098039 0.9098039 0.9098039 0 0.6392157 0.6431373 0.6352941 0 0.9098039 0.9098039 0.9098039 0 0.9098039 0.9098039 0.9098039 0 0.9137255 0.9137255 0.9137255 0 0.6392157 0.6431373 0.6352941 0 0.9137255 0.9137255 0.9137255 0 0.6156863 0.6156863 0.6156863 0 0.6392157 0.6431373 0.6352941 0 0.9098039 0.9098039 0.9098039 0 0.9098039 0.9098039 0.9098039 0 0.9098039 0.9098039 0.9098039 0 0.9098039 0.9098039 0.9098039 0 0.9098039 0.9098039 0.9098039 0 0.9098039 0.9098039 0.9098039 0 0.9098039 0.9098039 0.9098039 0 0.9176471 0.9176471 0.9176471 0 0.9098039 0.9098039 0.9098039 0 0.9176471 0.9176471 0.9176471 0 0.9098039 0.9098039 0.9098039 0 0.9098039 0.9098039 0.9098039 0 0.9176471 0.9176471 0.9176471 0 0.7529412 0.7568628 0.7490196 0 0.9098039 0.9098039 0.9098039 0 0.7529412 0.7568628 0.7490196 0 0.9098039 0.9098039 0.9098039 0 0.9098039 0.9098039 0.9098039 0 0.7529412 0.7568628 0.7490196 0 0.772549 0.772549 0.772549 0 0.9098039 0.9098039 0.9098039 0 0.772549 0.772549 0.772549 0 0.9137255 0.9137255 0.9137255 0 0.9098039 0.9098039 0.9098039 0 0.9098039 0.9098039 0.9098039 0 0.9098039 0.9098039 0.9098039 0 0.9098039 0.9098039 0.9098039 0 0.9098039 0.9098039 0.9098039 0 0.9098039 0.9098039 0.9098039 0 0.9098039 0.9098039 0.9098039 0 0 0 0 0 0 0 0 0 0 0 0 0 0 0 0 0 0 0 0 0 0 0 0 0 0 0 0 0 0 0 0 0 0 0 0 0 0 0 0 0 0 0 0 0 0 0 0 0 0 0 0 0 0 0 0 0 0 0 0 0 0 0 0 0 0 0 0 0 0 0 0 0 0 0 0 0 0 0 0 0 0 0 0 0 0 0 0 0 0 0 0 0 0 0 0 0 0 0 0 0 0 0 0 0 0 0 0 0 0 0 0 0 0 0 0 0 0 0 0 0 0 0 0 0 0 0 0 0 0 0 0 0 0 0 0 0 0 0 0 0 0 0 0 0 0 0 0 0 0 0 0 0 0 0 0 0 0 0 0 0 0 0 0 0 0 0 0 0 0 0 0 0 0 0 0 0 0 0 0 0 0 0 0 0 0 0 0 0 0 0 0 0 0 0 0 0 0 0 0 0 0 0 0 0 0 0 0 0 0 0 0 0 0 0 0 0 0 0 0 0 0 0 0 0 0 0 0 0 0 0 0 0 0 0 0 0 0 0 0 0 0 0 0 0 0 0 0 0 0 0 0 0 0 0 0 0 0 0 0 0 0 0 0 0 0 0 0 0 0 0 0 0 0 0 0 0 0 0 0 0 0 0 0 0 0 0 0 0 0 0 0 0 0 0 0 0 0 0 0 0 0 0 0 0 0 0 0 0 0 0 0 0 0 0 0 0 0 0 0 0 0 0 0 0 0 0 0 0 0 0 0 0 0 0 0 0 0 0 0 0 0 0 0 0 0 0 0 0 0 0 0 0 0 0 0 0 0 0 0 0 0 0 0 0 0 0 0 0 0 0 0 0 0 0 0 0 0 0 0 0 0 0 0 0 0 0 0 0 0 0 0 0 0 0 0 0 0 0 0 0 0 0 0 0 0 0 0 0 0 0 0 0 0 0 0 0 0 0 0 0 0 0 0 0 0 0 0 0 0 0 0 0 0 0 0 0 0 0 0 0 0 0 0 0 0 0 0 0 0 0 0 0 0 0 0 0 0 0 0 0 0 0 0 0 0 0 0 0 0 0 0 0 0 0 0 0 0 0 0 0 0 0 0 0 0 0 0 0 0 0 0 0 0 0 0 0 0 0 0 0 0 0 0 0 0 0 0 0 0 0 0 0 0 0 0 0 0 0 0 0 0 0 0 0 0 0 0 0 0 0 0 0 0 0 0 0 0 0 0 0 0 0 0 0 0 0 0 0 0 0 0 0 0 0 0 0 0 0 0 0 0 0 0 0 0 0 0 0 0 0 0 0 0 0 0 0 0 0 0 0 0 0 0 0 0 0 0 0 0 0 0 0 0 0 0 0 0 0 0 0 0 0 0 0 0 0 0 0 0 0 0 0 0 0 0 0 0 0 0 0 0 0 0 0 0 0 0 0 0 0 0 0 0 0 0 0 0 0 0 0 0 0 0 0 0 0 0 0 0 0 0 0 0 0 0 0 0 0 0 0 0 0 0 0 0 0 0 0 0 0 0 0 0 0 0 0 0 0 0 0 0 0 0 0 0 0 0 0 0 0 0 0 0 0 0 0 0 0 0 0 0 0 0 0 0 0 0 0 0 0 0 0 0 0 0 0 0 0 0 0 0 0 0 0 0 0 0 0 0 0 0 0 0 0 0 0 0 0 0 0 0 0 0 0 0 0 0 0 0 0 0 0 0 0 0 0 0 0 0 0 0 0 0 0 0 0 0 0 0 0 0 0 0 0 0 0 0 0 0 0 0 0 0 0 0 0 0 0 0 0 0 0 0 0 0 0 0 0 0 0 0 0 0 0 0 0 0 0 0 0 0 0 0 0 0 0 0 0 0 0 0 0 0 0 0 0 0 0 0 0 0 0 0 0 0 0 0 0 0 0 0 0 0 0 0 0 0 0 0 0 0 0 0 0 0 0 0 0 0 0 0 0 0 0 0 0 0 0 0 0 0 0 0 0 0 0 0 0 0 0 0 0 0 0 0 0 0 0 0 0 0 0 0 0 0 0 0 0 0 0 0 0 0 0 0 0 0 0 0 0 0 0 0 0 0 0 0 0 0 0 0 0 0 0 0 0 0 0 0 0 0 0 0 0 0 0 0 0 0 0 0 0 0 0 0 0 0 0 0 0 0 0 0 0 0 0 0 0 0 0 0 0 0 0 0 0 0 0 0 0 0 0 0 0 0 0 0 0 0 0 0 0 0 0 0 0 0 0 0 0 0 0 0 0 0 0 0 0 0 0 0 0 0 0 0 0 0 0 0 0 0 0 0 0 0 0 0 0 0 0 0 0 0 0 0 0 0 0 0 0 0 0 0 0 0 0 0 0 0 0 0 0 0 0 0 0 0 0 0 0 0 0 0 0 0 0 0 0 0 0 0 0 0 0 0 0 0 0 0 0 0 0 0 0 0 0 0 0 0 0 0 0 0 0 0 0 0 0 0 0 0 0 0 0 0 0 0 0 0 0 0 0 0 0 0 0 0 0 0 0 0 0 0 0 0 0 0 0 0 0 0 0 0 0 0 0 0 0 0 0 0 0 0 0 0 0 0 0 0 0 0 0 0 0 0 0 0 0 0 0 0 0 0 0 0 0 0 0 0 0 0 0 0 0 0 0 0 0 0 0 0 0 0 0 0 0 0 0 0 0 0 0 0 0 0 0 0 0 0 0 0 0 0 0 0 0 0 0 0 0 0 0 0 0 0 0 0 0 0 0 0 0 0 0 0 0 0 0 0 0 0 0 0 0 0 0 0 0 0 0 0 0 0 0 0 0 0 0 0 0 0 0 0 0 0 0 0 0 0 0 0 0 0 0 0 0 0 0 0 0 0 0 0 0 0 0 0 0 0 0 0 0 0 0 0 0 0 0 0 0 0 0 0 0 0 0 0 0 0 0 0 0 0 0 0 0 0 0 0 0 0 0 0 0 0 0 0 0 0 0 0 0 0 0 0 0 0 0 0 0 0 0 0 0 0 0 0 0 0 0 0 0 0 0 0 0 0 0 0 0 0 0 0 0 0 0 0 0 0 0 0 0 0 0 0 0 0 0 0 0 0 0 0 0 0 0 0 0 0 0 0 0 0 0 0 0 0 0 0 0 0 0 0 0 0 0 0 0 0 0 0 0 0 0 0 0 0 0 0 0 0 0 0 0 0 0 0 0 0 0 0 0 0 0 0 0 0 0 0 0 0 0 0 0 0 0 0 0 0 0 0 0 0 0 0 0 0 0 0 0 0 0 0 0 0 0 0 0 0 0 0 0 0 0 0 0 0 0 0 0 0 0 0 0 0 0 0 0 0 0 0 0 0 0 0 0 0 0 0 0 0 0 0 0 0 0 0 0 0 0 0 0 0 0 0 0 0 0 0 0 0 0 0 0 0 0 0 0 0 0 0 0 0 0 0 0 0 0 0 0 0 0 0 0 0 0 0 0 0 0 0 0 0 0 0 0 0 0 0 0 0 0 0 0 0 0 0 0 0 0 0 0 0 0 0 0 0 0 0 0 0 0 0 0 0 0 0 0 0 0 0 0 0 0 0 0 0 0 0 0 0 0 0 0 0 0 0 0 0 0 0 0 0 0 0 0 0 0 0 0 0 0 0 0 0 0 0 0 0 0 0 0 0 0 0 0 0 0 0 0 0 0 0 0 0 0 0 0 0 0 0 0 0 0 0 0 0 0 0 0 0 0 0 0 0 0 0 0 0 0 0 0 0 0 0 0 0 0 0 0 0 0 0 0 0 0 0 0 0 0 0 0 0 0 0 0 0 0 0 0 0 0 0 0 0 0 0 0 0 0 0 0 0 0 0 0 0 0 0 0 0 0 0 0 0 0 0 0 0 0 0 0 0 0 0 0 0 0 0 0 0 0 0 0 0 0 0 0 0 0 0 0 0 0 0 0 0 0 0 0 0 0 0 0 0 0 0 0 0 0 0 0 0 0 0 0 0 0 0 0 0 0 0 0 0 0 0 0 0 0 0 0 0 0 0 0 0 0 0 0 0 0 0 0 0 0 0 0 0 0 0 0 0 0 0 0 0 0 0 0 0 0 0 0 0 0 0 0 0 0 0 0 0 0 0 0 0 0 0 0 0 0 0 0 0 0 0 0 0 0 0 0 0 0 0 0 0 0 0 0 0 0 0 0 0 0 0 0 0 0 0 0 0 0 0 0 0 0 0 0 0 0 0 0 0 0 0 0 0 0 0 0 0 0 0 0 0 0 0 0 0 0 0 0 0 0 0 0 0 0 0 0 0 0 0 0 0 0 0 0 0 0 0 0 0 0 0 0 0 0 0 0 0 0 0 0 0 0 0 0 0 0 0 0 0 0 0 0 0 0 0 0 0 0 0 0 0 0 0 0 0 0 0 0 0 0 0 0 0 0 0 0 0 0 0 0 0 0 0 0 0 0 0 0 0 0 0 0</float_array>
          <technique_common>
            <accessor source="#slingShotMesh-mesh-colors-Attribute-array" count="1908" stride="4">
              <param name="R" type="float"/>
              <param name="G" type="float"/>
              <param name="B" type="float"/>
              <param name="A" type="float"/>
            </accessor>
          </technique_common>
        </source>
        <vertices id="slingShotMesh-mesh-vertices">
          <input semantic="POSITION" source="#slingShotMesh-mesh-positions"/>
        </vertices>
        <triangles material="Sling_01_0-material" count="636">
          <input semantic="VERTEX" source="#slingShotMesh-mesh-vertices" offset="0"/>
          <input semantic="NORMAL" source="#slingShotMesh-mesh-normals" offset="1"/>
          <input semantic="TEXCOORD" source="#slingShotMesh-mesh-map-0" offset="2" set="0"/>
          <input semantic="COLOR" source="#slingShotMesh-mesh-colors-Attribute" offset="3" set="0"/>
          <p>2 0 0 0 1 1 1 1 0 2 2 2 1 1 3 3 3 3 4 4 0 2 5 5 4 4 6 6 1 1 7 7 2 0 8 8 5 5 9 9 4 4 10 10 2 0 11 11 8 6 12 12 7 7 13 13 6 8 14 14 7 7 15 15 9 9 16 16 6 8 17 17 10 10 18 18 7 7 19 19 8 6 20 20 11 11 21 21 10 10 22 22 8 6 23 23 14 12 24 24 13 13 25 25 12 14 26 26 13 13 27 27 15 15 28 28 12 14 29 29 18 16 30 30 17 17 31 31 16 18 32 32 17 17 33 33 19 19 34 34 16 18 35 35 22 20 36 36 21 21 37 37 20 22 38 38 21 21 39 39 23 23 40 40 20 22 41 41 26 24 42 42 25 25 43 43 24 26 44 44 25 25 45 45 27 27 46 46 24 26 47 47 30 28 48 48 29 29 49 49 28 30 50 50 29 29 51 51 31 31 52 52 28 30 53 53 34 32 54 54 33 33 55 55 32 34 56 56 33 33 57 57 35 35 58 58 32 34 59 59 38 36 60 60 37 37 61 61 36 38 62 62 37 37 63 63 39 39 64 64 36 38 65 65 42 40 66 66 41 41 67 67 40 42 68 68 41 41 69 69 43 43 70 70 40 42 71 71 46 44 72 72 45 45 73 73 44 46 74 74 45 45 75 75 47 47 76 76 44 46 77 77 50 48 78 78 49 49 79 79 48 50 80 80 49 49 81 81 51 51 82 82 48 50 83 83 54 52 84 84 53 53 85 85 52 54 86 86 53 53 87 87 55 55 88 88 52 54 89 89 58 56 90 90 57 57 91 91 56 58 92 92 57 57 93 93 59 59 94 94 56 58 95 95 62 60 96 96 61 61 97 97 60 62 98 98 61 61 99 99 63 63 100 100 60 62 101 101 66 64 102 102 65 65 103 103 64 66 104 104 65 65 105 105 67 67 106 106 64 66 107 107 70 68 108 108 69 69 109 109 68 70 110 110 69 69 111 111 71 71 112 112 68 70 113 113 74 72 114 114 73 73 115 115 72 74 116 116 73 73 117 117 75 75 118 118 72 74 119 119 78 76 120 120 77 77 121 121 76 78 122 122 77 77 123 123 79 79 124 124 76 78 125 125 82 80 126 126 81 81 127 127 80 82 128 128 81 81 129 129 83 83 130 130 80 82 131 131 86 84 132 132 85 85 133 133 84 86 134 134 85 85 135 135 87 87 136 136 84 86 137 137 90 88 138 138 89 89 139 139 88 90 140 140 89 89 141 141 91 91 142 142 88 90 143 143 94 92 144 144 93 93 145 145 92 94 146 146 93 93 147 147 95 95 148 148 92 94 149 149 98 96 150 150 97 97 151 151 96 98 152 152 97 97 153 153 99 99 154 154 96 98 155 155 102 100 156 156 101 101 157 157 100 102 158 158 101 101 159 159 103 103 160 160 100 102 161 161 106 104 162 162 105 105 163 163 104 106 164 164 105 105 165 165 107 107 166 166 104 106 167 167 110 108 168 168 109 109 169 169 108 110 170 170 109 109 171 171 111 111 172 172 108 110 173 173 114 112 174 174 113 113 175 175 112 114 176 176 113 113 177 177 115 115 178 178 112 114 179 179 118 116 180 180 117 117 181 181 116 118 182 182 117 117 183 183 119 119 184 184 116 118 185 185 122 120 186 186 121 121 187 187 120 122 188 188 121 123 189 189 124 124 190 190 123 125 191 191 127 126 192 192 126 127 193 193 125 128 194 194 126 127 195 195 128 129 196 196 125 128 197 197 131 130 198 198 130 131 199 199 129 132 200 200 130 131 201 201 132 133 202 202 129 132 203 203 135 134 204 204 134 135 205 205 133 136 206 206 134 135 207 207 136 137 208 208 133 136 209 209 139 138 210 210 138 139 211 211 137 140 212 212 138 139 213 213 140 141 214 214 137 140 215 215 143 142 216 216 142 143 217 217 141 144 218 218 142 143 219 219 144 145 220 220 141 144 221 221 147 146 222 222 146 147 223 223 145 148 224 224 146 147 225 225 148 149 226 226 145 148 227 227 151 150 228 228 150 151 229 229 149 152 230 230 150 151 231 231 152 153 232 232 149 152 233 233 155 154 234 234 154 155 235 235 153 156 236 236 158 157 237 237 157 158 238 238 156 159 239 239 161 160 240 240 160 161 241 241 159 162 242 242 160 161 243 243 162 163 244 244 159 162 245 245 165 164 246 246 164 165 247 247 163 166 248 248 164 165 249 249 166 167 250 250 163 166 251 251 169 168 252 252 168 169 253 253 167 170 254 254 168 169 255 255 170 171 256 256 167 170 257 257 173 172 258 258 172 173 259 259 171 174 260 260 172 175 261 261 175 176 262 262 174 177 263 263 178 178 264 264 177 179 265 265 176 180 266 266 177 179 267 267 179 181 268 268 176 180 269 269 182 182 270 270 181 183 271 271 180 184 272 272 181 183 273 273 183 185 274 274 180 184 275 275 186 186 276 276 185 187 277 277 184 188 278 278 185 187 279 279 187 189 280 280 184 188 281 281 190 190 282 282 189 191 283 283 188 192 284 284 189 191 285 285 191 193 286 286 188 192 287 287 194 194 288 288 193 195 289 289 192 196 290 290 193 195 291 291 195 197 292 292 192 196 293 293 198 198 294 294 197 199 295 295 196 200 296 296 197 199 297 297 199 201 298 298 196 200 299 299 202 202 300 300 201 203 301 301 200 204 302 302 201 203 303 303 203 205 304 304 200 204 305 305 206 206 306 306 205 207 307 307 204 208 308 308 205 207 309 309 207 209 310 310 204 208 311 311 210 210 312 312 209 211 313 313 208 212 314 314 209 211 315 315 211 213 316 316 208 212 317 317 214 214 318 318 213 215 319 319 212 216 320 320 213 215 321 321 215 217 322 322 212 216 323 323 218 218 324 324 217 219 325 325 216 220 326 326 217 219 327 327 219 221 328 328 216 220 329 329 222 222 330 330 221 223 331 331 220 224 332 332 221 223 333 333 223 225 334 334 220 224 335 335 226 226 336 336 225 227 337 337 224 228 338 338 228 229 339 339 227 230 340 340 224 231 341 341 231 232 342 342 230 233 343 343 229 234 344 344 230 233 345 345 232 235 346 346 229 234 347 347 235 236 348 348 234 237 349 349 233 238 350 350 238 239 351 351 237 240 352 352 236 241 353 353 241 242 354 354 240 243 355 355 239 244 356 356 243 245 357 357 242 246 358 358 239 247 359 359 246 248 360 360 245 249 361 361 244 250 362 362 245 249 363 363 247 251 364 364 244 250 365 365 245 249 366 366 248 252 367 367 247 251 368 368 248 252 369 369 249 253 370 370 247 251 371 371 252 254 372 372 251 255 373 373 250 256 374 374 251 255 375 375 253 257 376 376 250 256 377 377 251 255 378 378 254 258 379 379 253 257 380 380 254 258 381 381 255 259 382 382 253 257 383 383 258 260 384 384 257 261 385 385 256 262 386 386 257 261 387 387 259 263 388 388 256 262 389 389 262 264 390 390 261 265 391 391 260 266 392 392 261 265 393 393 263 267 394 394 260 266 395 395 266 268 396 396 265 269 397 397 264 270 398 398 265 269 399 399 267 271 400 400 264 270 401 401 270 272 402 402 269 273 403 403 268 274 404 404 269 273 405 405 271 275 406 406 268 274 407 407 274 276 408 408 273 277 409 409 272 278 410 410 273 277 411 411 275 279 412 412 272 278 413 413 278 280 414 414 277 281 415 415 276 282 416 416 277 281 417 417 279 283 418 418 276 282 419 419 282 284 420 420 281 285 421 421 280 286 422 422 281 285 423 423 283 287 424 424 280 286 425 425 286 288 426 426 285 289 427 427 284 290 428 428 285 289 429 429 287 291 430 430 284 290 431 431 290 292 432 432 289 293 433 433 288 294 434 434 289 293 435 435 291 295 436 436 288 294 437 437 294 296 438 438 293 297 439 439 292 298 440 440 293 297 441 441 295 299 442 442 292 298 443 443 298 300 444 444 297 301 445 445 296 302 446 446 297 301 447 447 299 303 448 448 296 302 449 449 302 304 450 450 301 305 451 451 300 306 452 452 301 305 453 453 303 307 454 454 300 306 455 455 306 308 456 456 305 309 457 457 304 310 458 458 305 309 459 459 307 311 460 460 304 310 461 461 310 312 462 462 309 313 463 463 308 314 464 464 309 313 465 465 311 315 466 466 308 314 467 467 314 316 468 468 313 317 469 469 312 318 470 470 313 317 471 471 315 319 472 472 312 318 473 473 318 320 474 474 317 321 475 475 316 322 476 476 317 321 477 477 319 323 478 478 316 322 479 479 322 324 480 480 321 325 481 481 320 326 482 482 321 325 483 483 323 327 484 484 320 326 485 485 326 328 486 486 325 329 487 487 324 330 488 488 325 329 489 489 327 331 490 490 324 330 491 491 330 332 492 492 329 333 493 493 328 334 494 494 329 333 495 495 331 335 496 496 328 334 497 497 334 336 498 498 333 337 499 499 332 338 500 500 333 337 501 501 335 339 502 502 332 338 503 503 338 340 504 504 337 341 505 505 336 342 506 506 337 341 507 507 339 343 508 508 336 342 509 509 337 341 510 510 340 344 511 511 339 343 512 512 340 344 513 513 341 345 514 514 339 343 515 515 344 346 516 516 343 347 517 517 342 348 518 518 343 347 519 519 345 349 520 520 342 348 521 521 348 350 522 522 347 351 523 523 346 352 524 524 347 351 525 525 349 353 526 526 346 352 527 527 352 354 528 528 351 355 529 529 350 356 530 530 351 355 531 531 353 357 532 532 350 356 533 533 356 358 534 534 355 359 535 535 354 360 536 536 355 359 537 537 357 361 538 538 354 360 539 539 360 362 540 540 359 363 541 541 358 364 542 542 359 363 543 543 361 365 544 544 358 364 545 545 364 366 546 546 363 367 547 547 362 368 548 548 363 367 549 549 365 369 550 550 362 368 551 551 368 370 552 552 367 371 553 553 366 372 554 554 367 371 555 555 369 373 556 556 366 372 557 557 372 374 558 558 371 375 559 559 370 376 560 560 371 375 561 561 373 377 562 562 370 376 563 563 376 378 564 564 375 379 565 565 374 380 566 566 375 379 567 567 377 381 568 568 374 380 569 569 380 382 570 570 379 383 571 571 378 384 572 572 379 383 573 573 381 385 574 574 378 384 575 575 384 386 576 576 383 387 577 577 382 388 578 578 383 387 579 579 385 389 580 580 382 388 581 581 388 390 582 582 387 391 583 583 386 392 584 584 387 391 585 585 389 393 586 586 386 392 587 587 392 394 588 588 391 395 589 589 390 396 590 590 391 395 591 591 393 397 592 592 390 396 593 593 396 398 594 594 395 399 595 595 394 400 596 596 395 399 597 597 397 401 598 598 394 400 599 599 400 402 600 600 399 403 601 601 398 404 602 602 399 403 603 603 401 405 604 604 398 404 605 605 404 406 606 606 403 407 607 607 402 408 608 608 403 407 609 609 405 409 610 610 402 408 611 611 408 410 612 612 407 411 613 613 406 412 614 614 407 411 615 615 409 413 616 616 406 412 617 617 412 414 618 618 411 415 619 619 410 416 620 620 411 415 621 621 413 417 622 622 410 416 623 623 416 418 624 624 415 419 625 625 414 420 626 626 415 419 627 627 417 421 628 628 414 420 629 629 420 422 630 630 419 423 631 631 418 424 632 632 419 423 633 633 421 425 634 634 418 424 635 635 424 426 636 636 423 427 637 637 422 428 638 638 423 427 639 639 425 429 640 640 422 428 641 641 428 430 642 642 427 431 643 643 426 432 644 644 427 431 645 645 429 433 646 646 426 432 647 647 432 434 648 648 431 435 649 649 430 436 650 650 431 435 651 651 433 437 652 652 430 436 653 653 436 438 654 654 435 439 655 655 434 440 656 656 435 439 657 657 437 441 658 658 434 440 659 659 440 442 660 660 439 443 661 661 438 444 662 662 439 443 663 663 441 445 664 664 438 444 665 665 444 446 666 666 443 447 667 667 442 448 668 668 443 447 669 669 445 449 670 670 442 448 671 671 448 450 672 672 447 451 673 673 446 452 674 674 447 451 675 675 449 453 676 676 446 452 677 677 452 454 678 678 451 455 679 679 450 456 680 680 451 455 681 681 453 457 682 682 450 456 683 683 456 458 684 684 455 459 685 685 454 460 686 686 455 459 687 687 457 461 688 688 454 460 689 689 460 462 690 690 459 463 691 691 458 464 692 692 459 463 693 693 461 465 694 694 458 464 695 695 464 466 696 696 463 467 697 697 462 468 698 698 466 469 699 699 465 470 700 700 462 471 701 701 469 472 702 702 468 473 703 703 467 474 704 704 468 473 705 705 470 475 706 706 467 474 707 707 473 476 708 708 472 477 709 709 471 478 710 710 476 479 711 711 475 480 712 712 474 481 713 713 479 482 714 714 478 483 715 715 477 484 716 716 481 485 717 717 480 486 718 718 477 487 719 719 484 488 720 720 483 489 721 721 482 490 722 722 483 489 723 723 485 491 724 724 482 490 725 725 483 489 726 726 486 492 727 727 485 491 728 728 486 492 729 729 487 493 730 730 485 491 731 731 490 494 732 732 489 495 733 733 488 496 734 734 489 495 735 735 491 497 736 736 488 496 737 737 489 495 738 738 492 498 739 739 491 497 740 740 492 498 741 741 493 499 742 742 491 497 743 743 496 500 744 744 495 501 745 745 494 502 746 746 495 501 747 747 497 503 748 748 494 502 749 749 500 504 750 750 499 505 751 751 498 506 752 752 499 505 753 753 501 507 754 754 498 506 755 755 504 508 756 756 503 509 757 757 502 510 758 758 503 509 759 759 505 511 760 760 502 510 761 761 508 512 762 762 507 513 763 763 506 514 764 764 507 513 765 765 509 515 766 766 506 514 767 767 512 516 768 768 511 517 769 769 510 518 770 770 511 517 771 771 513 519 772 772 510 518 773 773 516 520 774 774 515 521 775 775 514 522 776 776 515 521 777 777 517 523 778 778 514 522 779 779 520 524 780 780 519 525 781 781 518 526 782 782 523 527 783 783 522 528 784 784 521 529 785 785 526 530 786 786 525 531 787 787 524 532 788 788 525 531 789 789 527 533 790 790 524 532 791 791 530 534 792 792 529 535 793 793 528 536 794 794 529 535 795 795 531 537 796 796 528 536 797 797 534 538 798 798 533 539 799 799 532 540 800 800 533 539 801 801 535 541 802 802 532 540 803 803 538 542 804 804 537 543 805 805 536 544 806 806 537 543 807 807 539 545 808 808 536 544 809 809 542 546 810 810 541 547 811 811 540 548 812 812 541 547 813 813 543 549 814 814 540 548 815 815 546 550 816 816 545 551 817 817 544 552 818 818 545 551 819 819 547 553 820 820 544 552 821 821 550 554 822 822 549 555 823 823 548 556 824 824 549 555 825 825 551 557 826 826 548 556 827 827 554 558 828 828 553 559 829 829 552 560 830 830 553 559 831 831 555 561 832 832 552 560 833 833 558 562 834 834 557 563 835 835 556 564 836 836 557 563 837 837 559 565 838 838 556 564 839 839 562 566 840 840 561 567 841 841 560 568 842 842 561 567 843 843 563 569 844 844 560 568 845 845 566 570 846 846 565 571 847 847 564 572 848 848 565 571 849 849 567 573 850 850 564 572 851 851 570 574 852 852 569 575 853 853 568 576 854 854 569 575 855 855 571 577 856 856 568 576 857 857 574 578 858 858 573 579 859 859 572 580 860 860 573 579 861 861 575 581 862 862 572 580 863 863 578 582 864 864 577 583 865 865 576 584 866 866 577 583 867 867 579 585 868 868 576 584 869 869 577 583 870 870 580 586 871 871 579 585 872 872 580 586 873 873 581 587 874 874 579 585 875 875 584 588 876 876 583 589 877 877 582 590 878 878 583 589 879 879 585 591 880 880 582 590 881 881 588 592 882 882 587 593 883 883 586 594 884 884 587 593 885 885 589 595 886 886 586 594 887 887 592 596 888 888 591 597 889 889 590 598 890 890 591 597 891 891 593 599 892 892 590 598 893 893 596 600 894 894 595 601 895 895 594 602 896 896 595 601 897 897 597 603 898 898 594 602 899 899 600 604 900 900 599 605 901 901 598 606 902 902 599 605 903 903 601 607 904 904 598 606 905 905 604 608 906 906 603 609 907 907 602 610 908 908 603 609 909 909 605 611 910 910 602 610 911 911 608 612 912 912 607 613 913 913 606 614 914 914 607 613 915 915 609 615 916 916 606 614 917 917 612 616 918 918 611 617 919 919 610 618 920 920 611 617 921 921 613 619 922 922 610 618 923 923 616 620 924 924 615 621 925 925 614 622 926 926 615 621 927 927 617 623 928 928 614 622 929 929 620 624 930 930 619 625 931 931 618 626 932 932 619 625 933 933 621 627 934 934 618 626 935 935 624 628 936 936 623 629 937 937 622 630 938 938 623 629 939 939 625 631 940 940 622 630 941 941 628 632 942 942 627 633 943 943 626 634 944 944 630 635 945 945 629 636 946 946 626 637 947 947 633 638 948 948 632 639 949 949 631 640 950 950 632 639 951 951 634 641 952 952 631 640 953 953 637 642 954 954 636 643 955 955 635 644 956 956 636 643 957 957 638 645 958 958 635 644 959 959 641 646 960 960 640 647 961 961 639 648 962 962 640 647 963 963 642 649 964 964 639 648 965 965 645 650 966 966 644 651 967 967 643 652 968 968 644 653 969 969 647 654 970 970 646 655 971 971 650 656 972 972 649 657 973 973 648 658 974 974 649 657 975 975 651 659 976 976 648 658 977 977 654 660 978 978 653 661 979 979 652 662 980 980 653 661 981 981 655 663 982 982 652 662 983 983 658 664 984 984 657 665 985 985 656 666 986 986 657 665 987 987 659 667 988 988 656 666 989 989 662 668 990 990 661 669 991 991 660 670 992 992 661 669 993 993 663 671 994 994 660 670 995 995 666 672 996 996 665 673 997 997 664 674 998 998 665 673 999 999 667 675 1000 1000 664 674 1001 1001 670 676 1002 1002 669 677 1003 1003 668 678 1004 1004 669 677 1005 1005 671 679 1006 1006 668 678 1007 1007 674 680 1008 1008 673 681 1009 1009 672 682 1010 1010 673 681 1011 1011 675 683 1012 1012 672 682 1013 1013 678 684 1014 1014 677 685 1015 1015 676 686 1016 1016 677 685 1017 1017 679 687 1018 1018 676 686 1019 1019 682 688 1020 1020 681 689 1021 1021 680 690 1022 1022 681 689 1023 1023 683 691 1024 1024 680 690 1025 1025 686 692 1026 1026 685 693 1027 1027 684 694 1028 1028 685 693 1029 1029 687 695 1030 1030 684 694 1031 1031 690 696 1032 1032 689 697 1033 1033 688 698 1034 1034 689 697 1035 1035 691 699 1036 1036 688 698 1037 1037 694 700 1038 1038 693 701 1039 1039 692 702 1040 1040 693 701 1041 1041 695 703 1042 1042 692 702 1043 1043 698 704 1044 1044 697 705 1045 1045 696 706 1046 1046 700 707 1047 1047 699 708 1048 1048 696 709 1049 1049 703 710 1050 1050 702 711 1051 1051 701 712 1052 1052 702 711 1053 1053 704 713 1054 1054 701 712 1055 1055 707 714 1056 1056 706 715 1057 1057 705 716 1058 1058 710 717 1059 1059 709 718 1060 1060 708 719 1061 1061 713 720 1062 1062 712 721 1063 1063 711 722 1064 1064 715 723 1065 1065 714 724 1066 1066 711 725 1067 1067 718 726 1068 1068 717 727 1069 1069 716 728 1070 1070 717 727 1071 1071 719 729 1072 1072 716 728 1073 1073 720 730 1074 1074 717 727 1075 1075 718 726 1076 1076 721 731 1077 1077 720 730 1078 1078 718 726 1079 1079 724 732 1080 1080 723 733 1081 1081 722 734 1082 1082 723 733 1083 1083 725 735 1084 1084 722 734 1085 1085 726 736 1086 1086 723 733 1087 1087 724 732 1088 1088 727 737 1089 1089 726 736 1090 1090 724 732 1091 1091 730 738 1092 1092 729 739 1093 1093 728 740 1094 1094 729 739 1095 1095 731 741 1096 1096 728 740 1097 1097 734 742 1098 1098 733 743 1099 1099 732 744 1100 1100 733 743 1101 1101 735 745 1102 1102 732 744 1103 1103 738 746 1104 1104 737 747 1105 1105 736 748 1106 1106 737 747 1107 1107 739 749 1108 1108 736 748 1109 1109 742 750 1110 1110 741 751 1111 1111 740 752 1112 1112 741 751 1113 1113 743 753 1114 1114 740 752 1115 1115 746 754 1116 1116 745 755 1117 1117 744 756 1118 1118 745 755 1119 1119 747 757 1120 1120 744 756 1121 1121 750 758 1122 1122 749 759 1123 1123 748 760 1124 1124 749 759 1125 1125 751 761 1126 1126 748 760 1127 1127 754 762 1128 1128 753 763 1129 1129 752 764 1130 1130 753 763 1131 1131 755 765 1132 1132 752 764 1133 1133 758 766 1134 1134 757 767 1135 1135 756 768 1136 1136 757 767 1137 1137 759 769 1138 1138 756 768 1139 1139 762 770 1140 1140 761 771 1141 1141 760 772 1142 1142 761 771 1143 1143 763 773 1144 1144 760 772 1145 1145 766 774 1146 1146 765 775 1147 1147 764 776 1148 1148 765 775 1149 1149 767 777 1150 1150 764 776 1151 1151 770 778 1152 1152 769 779 1153 1153 768 780 1154 1154 769 779 1155 1155 771 781 1156 1156 768 780 1157 1157 774 782 1158 1158 773 783 1159 1159 772 784 1160 1160 773 783 1161 1161 775 785 1162 1162 772 784 1163 1163 778 786 1164 1164 777 787 1165 1165 776 788 1166 1166 777 787 1167 1167 779 789 1168 1168 776 788 1169 1169 782 790 1170 1170 781 791 1171 1171 780 792 1172 1172 781 791 1173 1173 783 793 1174 1174 780 792 1175 1175 786 794 1176 1176 785 795 1177 1177 784 796 1178 1178 785 795 1179 1179 787 797 1180 1180 784 796 1181 1181 790 798 1182 1182 789 799 1183 1183 788 800 1184 1184 789 799 1185 1185 791 801 1186 1186 788 800 1187 1187 794 802 1188 1188 793 803 1189 1189 792 804 1190 1190 793 803 1191 1191 795 805 1192 1192 792 804 1193 1193 798 806 1194 1194 797 807 1195 1195 796 808 1196 1196 797 807 1197 1197 799 809 1198 1198 796 808 1199 1199 802 810 1200 1200 801 811 1201 1201 800 812 1202 1202 801 811 1203 1203 803 813 1204 1204 800 812 1205 1205 806 814 1206 1206 805 815 1207 1207 804 816 1208 1208 805 815 1209 1209 807 817 1210 1210 804 816 1211 1211 810 818 1212 1212 809 819 1213 1213 808 820 1214 1214 809 819 1215 1215 811 821 1216 1216 808 820 1217 1217 812 822 1218 1218 809 819 1219 1219 810 818 1220 1220 813 823 1221 1221 812 822 1222 1222 810 818 1223 1223 816 824 1224 1224 815 825 1225 1225 814 826 1226 1226 815 825 1227 1227 817 827 1228 1228 814 826 1229 1229 820 828 1230 1230 819 829 1231 1231 818 830 1232 1232 819 829 1233 1233 821 831 1234 1234 818 830 1235 1235 824 832 1236 1236 823 833 1237 1237 822 834 1238 1238 823 833 1239 1239 825 835 1240 1240 822 834 1241 1241 828 836 1242 1242 827 837 1243 1243 826 838 1244 1244 827 837 1245 1245 829 839 1246 1246 826 838 1247 1247 832 840 1248 1248 831 841 1249 1249 830 842 1250 1250 831 841 1251 1251 833 843 1252 1252 830 842 1253 1253 836 844 1254 1254 835 845 1255 1255 834 846 1256 1256 835 845 1257 1257 837 847 1258 1258 834 846 1259 1259 840 848 1260 1260 839 849 1261 1261 838 850 1262 1262 839 849 1263 1263 841 851 1264 1264 838 850 1265 1265 844 852 1266 1266 843 853 1267 1267 842 854 1268 1268 843 853 1269 1269 845 855 1270 1270 842 854 1271 1271 848 856 1272 1272 847 857 1273 1273 846 858 1274 1274 847 857 1275 1275 849 859 1276 1276 846 858 1277 1277 852 860 1278 1278 851 861 1279 1279 850 862 1280 1280 851 861 1281 1281 853 863 1282 1282 850 862 1283 1283 856 864 1284 1284 855 865 1285 1285 854 866 1286 1286 855 865 1287 1287 857 867 1288 1288 854 866 1289 1289 860 868 1290 1290 859 869 1291 1291 858 870 1292 1292 859 869 1293 1293 861 871 1294 1294 858 870 1295 1295 864 872 1296 1296 863 873 1297 1297 862 874 1298 1298 863 873 1299 1299 865 875 1300 1300 862 874 1301 1301 868 876 1302 1302 867 877 1303 1303 866 878 1304 1304 867 877 1305 1305 869 879 1306 1306 866 878 1307 1307 872 880 1308 1308 871 881 1309 1309 870 882 1310 1310 871 881 1311 1311 873 883 1312 1312 870 882 1313 1313 876 884 1314 1314 875 885 1315 1315 874 886 1316 1316 875 885 1317 1317 877 887 1318 1318 874 886 1319 1319 880 888 1320 1320 879 889 1321 1321 878 890 1322 1322 879 889 1323 1323 881 891 1324 1324 878 890 1325 1325 884 892 1326 1326 883 893 1327 1327 882 894 1328 1328 883 893 1329 1329 885 895 1330 1330 882 894 1331 1331 888 896 1332 1332 887 897 1333 1333 886 898 1334 1334 887 897 1335 1335 889 899 1336 1336 886 898 1337 1337 892 900 1338 1338 891 901 1339 1339 890 902 1340 1340 891 901 1341 1341 893 903 1342 1342 890 902 1343 1343 896 904 1344 1344 895 905 1345 1345 894 906 1346 1346 895 905 1347 1347 897 907 1348 1348 894 906 1349 1349 900 908 1350 1350 899 909 1351 1351 898 910 1352 1352 899 909 1353 1353 901 911 1354 1354 898 910 1355 1355 904 912 1356 1356 903 913 1357 1357 902 914 1358 1358 903 913 1359 1359 905 915 1360 1360 902 914 1361 1361 908 916 1362 1362 907 917 1363 1363 906 918 1364 1364 907 917 1365 1365 909 919 1366 1366 906 918 1367 1367 912 920 1368 1368 911 921 1369 1369 910 922 1370 1370 911 921 1371 1371 913 923 1372 1372 910 922 1373 1373 916 924 1374 1374 915 925 1375 1375 914 926 1376 1376 915 925 1377 1377 917 927 1378 1378 914 926 1379 1379 920 928 1380 1380 919 929 1381 1381 918 930 1382 1382 919 929 1383 1383 921 931 1384 1384 918 930 1385 1385 924 932 1386 1386 923 933 1387 1387 922 934 1388 1388 923 933 1389 1389 925 935 1390 1390 922 934 1391 1391 928 936 1392 1392 927 937 1393 1393 926 938 1394 1394 930 939 1395 1395 929 940 1396 1396 926 941 1397 1397 933 942 1398 1398 932 943 1399 1399 931 944 1400 1400 932 943 1401 1401 934 945 1402 1402 931 944 1403 1403 937 946 1404 1404 936 947 1405 1405 935 948 1406 1406 940 949 1407 1407 939 950 1408 1408 938 951 1409 1409 943 952 1410 1410 942 953 1411 1411 941 954 1412 1412 945 955 1413 1413 944 956 1414 1414 941 957 1415 1415 948 958 1416 1416 947 959 1417 1417 946 960 1418 1418 947 959 1419 1419 949 961 1420 1420 946 960 1421 1421 952 962 1422 1422 951 963 1423 1423 950 964 1424 1424 951 963 1425 1425 953 965 1426 1426 950 964 1427 1427 956 966 1428 1428 955 967 1429 1429 954 968 1430 1430 955 967 1431 1431 957 969 1432 1432 954 968 1433 1433 955 967 1434 1434 958 970 1435 1435 957 969 1436 1436 959 971 1437 1437 958 970 1438 1438 955 967 1439 1439 960 972 1440 1440 959 971 1441 1441 955 967 1442 1442 961 973 1443 1443 959 971 1444 1444 960 972 1445 1445 962 974 1446 1446 961 973 1447 1447 960 972 1448 1448 958 970 1449 1449 963 975 1450 1450 957 969 1451 1451 957 969 1452 1452 963 975 1453 1453 964 976 1454 1454 957 969 1455 1455 964 976 1456 1456 965 977 1457 1457 966 978 1458 1458 957 969 1459 1459 965 977 1460 1460 963 975 1461 1461 967 979 1462 1462 964 976 1463 1463 964 976 1464 1464 967 979 1465 1465 968 980 1466 1466 969 981 1467 1467 964 976 1468 1468 968 980 1469 1469 961 973 1470 1470 970 982 1471 1471 959 971 1472 1472 970 982 1473 1473 971 983 1474 1474 959 971 1475 1475 959 971 1476 1476 971 983 1477 1477 958 970 1478 1478 971 983 1479 1479 972 984 1480 1480 958 970 1481 1481 958 970 1482 1482 972 984 1483 1483 963 975 1484 1484 972 984 1485 1485 973 985 1486 1486 963 975 1487 1487 963 975 1488 1488 973 985 1489 1489 967 979 1490 1490 973 985 1491 1491 974 986 1492 1492 967 979 1493 1493 973 985 1494 1494 966 978 1495 1495 974 986 1496 1496 966 978 1497 1497 965 977 1498 1498 974 986 1499 1499 970 982 1500 1500 975 987 1501 1501 971 983 1502 1502 975 987 1503 1503 976 988 1504 1504 971 983 1505 1505 971 983 1506 1506 976 988 1507 1507 972 984 1508 1508 976 988 1509 1509 977 989 1510 1510 972 984 1511 1511 972 984 1512 1512 977 989 1513 1513 973 985 1514 1514 977 989 1515 1515 966 978 1516 1516 973 985 1517 1517 975 987 1518 1518 978 990 1519 1519 962 974 1520 1520 970 982 1521 1521 979 991 1522 1522 975 987 1523 1523 979 991 1524 1524 978 990 1525 1525 975 987 1526 1526 980 992 1527 1527 979 991 1528 1528 970 982 1529 1529 961 973 1530 1530 980 992 1531 1531 970 982 1532 1532 981 993 1533 1533 980 992 1534 1534 961 973 1535 1535 978 990 1536 1536 981 993 1537 1537 962 974 1538 1538 962 974 1539 1539 981 993 1540 1540 961 973 1541 1541 978 990 1542 1542 982 994 1543 1543 981 993 1544 1544 982 994 1545 1545 983 995 1546 1546 981 993 1547 1547 981 993 1548 1548 983 995 1549 1549 980 992 1550 1550 983 995 1551 1551 984 996 1552 1552 980 992 1553 1553 980 992 1554 1554 984 996 1555 1555 979 991 1556 1556 984 996 1557 1557 985 997 1558 1558 979 991 1559 1559 979 991 1560 1560 985 997 1561 1561 978 990 1562 1562 985 997 1563 1563 982 994 1564 1564 978 990 1565 1565 982 994 1566 1566 986 998 1567 1567 983 995 1568 1568 986 998 1569 1569 987 999 1570 1570 983 995 1571 1571 983 995 1572 1572 987 999 1573 1573 984 996 1574 1574 987 999 1575 1575 988 1000 1576 1576 984 996 1577 1577 984 996 1578 1578 988 1000 1579 1579 985 997 1580 1580 988 1000 1581 1581 989 1001 1582 1582 985 997 1583 1583 985 997 1584 1584 989 1001 1585 1585 982 994 1586 1586 989 1001 1587 1587 986 998 1588 1588 982 994 1589 1589 992 1002 1590 1590 991 1003 1591 1591 990 1004 1592 1592 991 1003 1593 1593 993 1005 1594 1594 990 1004 1595 1595 990 1004 1596 1596 993 1005 1597 1597 994 1006 1598 1598 993 1005 1599 1599 995 1007 1600 1600 994 1006 1601 1601 994 1006 1602 1602 995 1007 1603 1603 996 1008 1604 1604 995 1007 1605 1605 997 1009 1606 1606 996 1008 1607 1607 996 1008 1608 1608 997 1009 1609 1609 998 1010 1610 1610 997 1009 1611 1611 999 1011 1612 1612 998 1010 1613 1613 998 1010 1614 1614 999 1011 1615 1615 1000 1012 1616 1616 999 1011 1617 1617 1001 1013 1618 1618 1000 1012 1619 1619 1000 1012 1620 1620 1001 1013 1621 1621 1002 1014 1622 1622 1001 1013 1623 1623 1003 1015 1624 1624 1002 1014 1625 1625 1006 1016 1626 1626 1005 1017 1627 1627 1004 1018 1628 1628 1005 1017 1629 1629 1007 1019 1630 1630 1004 1018 1631 1631 1004 1018 1632 1632 1007 1019 1633 1633 1008 1020 1634 1634 1007 1019 1635 1635 1009 1021 1636 1636 1008 1020 1637 1637 1008 1020 1638 1638 1009 1021 1639 1639 1010 1022 1640 1640 1009 1021 1641 1641 1011 1023 1642 1642 1010 1022 1643 1643 1010 1022 1644 1644 1011 1023 1645 1645 1012 1024 1646 1646 1011 1023 1647 1647 1013 1025 1648 1648 1012 1024 1649 1649 1005 1017 1650 1650 1014 1026 1651 1651 1007 1019 1652 1652 1014 1026 1653 1653 1015 1027 1654 1654 1007 1019 1655 1655 1007 1019 1656 1656 1015 1027 1657 1657 1009 1021 1658 1658 1015 1027 1659 1659 1016 1028 1660 1660 1009 1021 1661 1661 1009 1021 1662 1662 1016 1028 1663 1663 1011 1023 1664 1664 1016 1028 1665 1665 1017 1029 1666 1666 1011 1023 1667 1667 1011 1023 1668 1668 1017 1029 1669 1669 1013 1025 1670 1670 1017 1029 1671 1671 1018 1030 1672 1672 1013 1025 1673 1673 1014 1026 1674 1674 1019 1031 1675 1675 1015 1027 1676 1676 1019 1031 1677 1677 1020 1032 1678 1678 1015 1027 1679 1679 1015 1027 1680 1680 1020 1032 1681 1681 1016 1028 1682 1682 1019 1031 1683 1683 1006 1016 1684 1684 1020 1032 1685 1685 1020 1032 1686 1686 1021 1033 1687 1687 1016 1028 1688 1688 1016 1028 1689 1689 1021 1033 1690 1690 1017 1029 1691 1691 1021 1033 1692 1692 1022 1034 1693 1693 1017 1029 1694 1694 1017 1029 1695 1695 1022 1034 1696 1696 1018 1030 1697 1697 1021 1033 1698 1698 1008 1020 1699 1699 1022 1034 1700 1700 1008 1020 1701 1701 1010 1022 1702 1702 1022 1034 1703 1703 1022 1034 1704 1704 1023 1035 1705 1705 1018 1030 1706 1706 1022 1034 1707 1707 1010 1022 1708 1708 1023 1035 1709 1709 1010 1022 1710 1710 1012 1024 1711 1711 1023 1035 1712 1712 1020 1032 1713 1713 1004 1018 1714 1714 1021 1033 1715 1715 1006 1016 1716 1716 1004 1018 1717 1717 1020 1032 1718 1718 1004 1018 1719 1719 1008 1020 1720 1720 1021 1033 1721 1721 1013 1025 1722 1722 1024 1036 1723 1723 1012 1024 1724 1724 1024 1036 1725 1725 1025 1037 1726 1726 1012 1024 1727 1727 1018 1030 1728 1728 1026 1038 1729 1729 1013 1025 1730 1730 1026 1038 1731 1731 1024 1036 1732 1732 1013 1025 1733 1733 1023 1035 1734 1734 1027 1039 1735 1735 1018 1030 1736 1736 1027 1039 1737 1737 1026 1038 1738 1738 1018 1030 1739 1739 1025 1037 1740 1740 1027 1039 1741 1741 1023 1035 1742 1742 1012 1024 1743 1743 1025 1037 1744 1744 1023 1035 1745 1745 1024 1036 1746 1746 1028 1040 1747 1747 1025 1037 1748 1748 1028 1040 1749 1749 1029 1041 1750 1750 1025 1037 1751 1751 1025 1037 1752 1752 1029 1041 1753 1753 1027 1039 1754 1754 1026 1038 1755 1755 1030 1042 1756 1756 1024 1036 1757 1757 1030 1042 1758 1758 1028 1040 1759 1759 1024 1036 1760 1760 1027 1039 1761 1761 1031 1043 1762 1762 1026 1038 1763 1763 1031 1043 1764 1764 1030 1042 1765 1765 1026 1038 1766 1766 1029 1041 1767 1767 1031 1043 1768 1768 1027 1039 1769 1769 1028 1040 1770 1770 1032 1044 1771 1771 1029 1041 1772 1772 1032 1044 1773 1773 1033 1045 1774 1774 1029 1041 1775 1775 1029 1041 1776 1776 1033 1045 1777 1777 1031 1043 1778 1778 1030 1042 1779 1779 1034 1046 1780 1780 1028 1040 1781 1781 1034 1046 1782 1782 1032 1044 1783 1783 1028 1040 1784 1784 1031 1043 1785 1785 1035 1047 1786 1786 1030 1042 1787 1787 1035 1047 1788 1788 1034 1046 1789 1789 1030 1042 1790 1790 1033 1045 1791 1791 1035 1047 1792 1792 1031 1043 1793 1793 1038 1048 1794 1794 1037 1049 1795 1795 1036 1050 1796 1796 1037 1049 1797 1797 1039 1051 1798 1798 1036 1050 1799 1799 1038 1048 1800 1800 1036 1050 1801 1801 1040 1052 1802 1802 1041 1053 1803 1803 1038 1048 1804 1804 1040 1052 1805 1805 1041 1053 1806 1806 1040 1052 1807 1807 1005 1017 1808 1808 1040 1052 1809 1809 1014 1026 1810 1810 1005 1017 1811 1811 1042 1054 1812 1812 1039 1051 1813 1813 1037 1049 1814 1814 1043 1055 1815 1815 1042 1054 1816 1816 1037 1049 1817 1817 1043 1055 1818 1818 969 981 1819 1819 1042 1054 1820 1820 969 981 1821 1821 968 980 1822 1822 1042 1054 1823 1823 1046 1056 1824 1824 1045 1057 1825 1825 1044 1058 1826 1826 1045 1057 1827 1827 1047 1059 1828 1828 1044 1058 1829 1829 1044 1058 1830 1830 1047 1059 1831 1831 1048 1060 1832 1832 1047 1059 1833 1833 1049 1061 1834 1834 1048 1060 1835 1835 1048 1060 1836 1836 1049 1061 1837 1837 1050 1062 1838 1838 1049 1061 1839 1839 1051 1063 1840 1840 1050 1062 1841 1841 1050 1062 1842 1842 1051 1063 1843 1843 1052 1064 1844 1844 1051 1063 1845 1845 1053 1065 1846 1846 1052 1064 1847 1847 1052 1064 1848 1848 1053 1065 1849 1849 1054 1066 1850 1850 1053 1065 1851 1851 1055 1067 1852 1852 1054 1066 1853 1853 1054 1066 1854 1854 1055 1067 1855 1855 1056 1068 1856 1856 1055 1067 1857 1857 1057 1069 1858 1858 1056 1068 1859 1859 1060 1070 1860 1860 1059 1071 1861 1861 1058 1072 1862 1862 1059 1071 1863 1863 1061 1073 1864 1864 1058 1072 1865 1865 1058 1072 1866 1866 1061 1073 1867 1867 1062 1074 1868 1868 1061 1073 1869 1869 1063 1075 1870 1870 1062 1074 1871 1871 1062 1074 1872 1872 1063 1075 1873 1873 1064 1076 1874 1874 1063 1075 1875 1875 1065 1077 1876 1876 1064 1076 1877 1877 1064 1076 1878 1878 1065 1077 1879 1879 1066 1078 1880 1880 1065 1077 1881 1881 1067 1079 1882 1882 1066 1078 1883 1883 1066 1078 1884 1884 1067 1079 1885 1885 1068 1080 1886 1886 1067 1079 1887 1887 1069 1081 1888 1888 1068 1080 1889 1889 1068 1080 1890 1890 1069 1081 1891 1891 1070 1082 1892 1892 1069 1081 1893 1893 1071 1083 1894 1894 1070 1082 1895 1895 1074 1084 1896 1896 1073 1085 1897 1897 1072 1086 1898 1898 1073 1085 1899 1899 1075 1087 1900 1900 1072 1086 1901 1901 1078 1088 1902 1902 1077 1089 1903 1903 1076 1090 1904 1904 1077 1089 1905 1905 1079 1091 1906 1906 1076 1090 1907 1907</p>
        </triangles>
      </mesh>
    </geometry>
  </library_geometries>
  <library_controllers>
    <controller id="Armature_slingShotMeshOutline-skin" name="Armature">
      <skin source="#slingShotMeshOutline-mesh">
        <bind_shape_matrix>1 0 0 1.81632e-13 0 1 0 6.57252e-14 0 0 1 0 0 0 0 1</bind_shape_matrix>
        <source id="Armature_slingShotMeshOutline-skin-joints">
          <Name_array id="Armature_slingShotMeshOutline-skin-joints-array" count="9">j_sling0 j_sling2 j_sling3 j_sling4 j_sling5 j_string1 j_string2 j_string3 j_saddle1</Name_array>
          <technique_common>
            <accessor source="#Armature_slingShotMeshOutline-skin-joints-array" count="9" stride="1">
              <param name="JOINT" type="name"/>
            </accessor>
          </technique_common>
        </source>
        <source id="Armature_slingShotMeshOutline-skin-bind_poses">
          <float_array id="Armature_slingShotMeshOutline-skin-bind_poses-array" count="144">0 0 1 0 -1 0 0 0 0 -1 0 0 0 0 0 1 0 0 1 -2.472666 -1 0 0 2.38419e-7 0 -1 0 -3.71513e-6 0 0 0 1 0 0 1 -4.486988 -1 0 0 2.38419e-7 0 -1 0 -3.71513e-6 0 0 0 1 0 0 1 -6.278292 -1 0 0 2.38419e-7 0 -1 0 0 0 0 0 1 -1 0 0 2.38419e-7 0 0 -1 7.856457 0 -1 0 0 0 0 0 1 -1 0 0 2.38419e-7 0 0 -1 8.133172 0 -1 0 0 0 0 0 1 -1 0 0 -1.127777 0 0 -1 8.133172 0 -1 0 0 0 0 0 1 -1 0 0 -2.212826 0 0 -1 8.133172 0 -1 0 0 0 0 0 1 -1 0 0 -2.946108 0 0 -1 8.133172 0 -1 0 0 0 0 0 1</float_array>
          <technique_common>
            <accessor source="#Armature_slingShotMeshOutline-skin-bind_poses-array" count="9" stride="16">
              <param name="TRANSFORM" type="float4x4"/>
            </accessor>
          </technique_common>
        </source>
        <source id="Armature_slingShotMeshOutline-skin-weights">
          <float_array id="Armature_slingShotMeshOutline-skin-weights-array" count="1453">1 1 1 1 0.25 0.75 0.25 0.75 1 1 1 1 0.25 0.75 0.25 0.75 0.25 0.75 1 0.25 0.75 1 0.25 0.75 1 0.25 0.75 1 1 1 1 1 1 1 1 1 1 1 1 1 1 0.8 0.2 1 0.8 0.2 0.8 0.2 1 0.8 0.2 1 1 1 1 1 1 1 1 1 1 1 0.8 0.2 1 0.8 0.2 1 0.8 0.2 1 1 1 1 1 1 1 1 1 1 1 1 1 1 1 1 1 1 1 1 1 1 0.5 0.5 1 0.5 0.5 1 0.5 0.5 1 0.5 0.5 1 0.5 0.5 1 0.5 0.5 1 0.5 0.5 1 0.5 0.5 0.5 0.5 0.27 0.63 0.1 0.5 0.5 0.27 0.63 0.1 0.5 0.5 0.27 0.63 0.1 0.5 0.5 0.27 0.63 0.1 0.5 0.5 0.27 0.63 0.1 0.5 0.5 0.27 0.63 0.1 0.5 0.5 0.27 0.63 0.1 0.5 0.5 0.27 0.63 0.1 0.27 0.63 0.1 0.2 0.8 0.27 0.63 0.1 0.2 0.8 0.27 0.63 0.1 0.2 0.8 0.27 0.63 0.1 0.2 0.8 0.27 0.63 0.1 0.2 0.8 0.27 0.63 0.1 0.2 0.8 0.27 0.63 0.1 0.2 0.8 0.27 0.63 0.1 0.2 0.8 1 1 1 1 1 1 1 1 1 1 1 1 0.8 0.2 1 0.8 0.2 1 0.2 0.8 1 0.2 0.8 1 0.2 0.8 1 0.2 0.8 1 0.2 0.8 1 0.2 0.8 1 0.2 0.8 1 0.2 0.8 1 1 1 1 1 1 1 1 1 1 1 1 1 1 1 1 1 1 1 1 1 1 1 1 1 1 1 1 1 1 1 1 1 1 1 1 1 1 1 1 1 1 1 1 1 1 1 1 1 1 1 1 1 1 1 1 1 1 1 1 1 1 1 1 1 1 1 1 1 1 1 1 1 1 1 1 1 1 1 1 1 1 1 1 1 0.25 0.75 0.25 0.75 1 1 1 1 0.25 0.75 0.25 0.75 0.25 0.75 1 1 0.25 0.75 0.25 0.75 1 1 0.25 0.75 1 1 1 1 1 1 1 1 1 1 1 1 1 0.8 0.2 0.8 0.2 1 0.8 0.2 1 1 0.8 0.2 1 1 1 1 1 1 1 1 1 1 1 0.8 0.2 0.8 0.2 1 1 0.8 0.2 1 1 1 1 1 1 1 1 1 1 1 1 1 1 1 1 1 1 1 1 1 0.5 0.5 0.5 0.5 1 1 0.5 0.5 0.5 0.5 1 1 0.5 0.5 0.5 0.5 1 1 0.5 0.5 0.5 0.5 1 0.5 0.5 0.27 0.63 0.1 0.27 0.63 0.1 0.5 0.5 0.2 0.8 0.2 0.8 0.5 0.5 0.27 0.63 0.1 0.27 0.63 0.1 0.5 0.5 0.5 0.5 0.27 0.63 0.1 0.27 0.63 0.1 0.5 0.5 0.5 0.5 0.27 0.63 0.1 0.27 0.63 0.1 0.5 0.5 0.27 0.63 0.1 0.2 0.8 0.2 0.8 0.27 0.63 0.1 0.27 0.63 0.1 0.2 0.8 0.2 0.8 0.27 0.63 0.1 0.27 0.63 0.1 0.2 0.8 0.2 0.8 0.27 0.63 0.1 1 1 1 1 1 1 1 1 1 1 1 1 0.8 0.2 1 1 0.8 0.2 0.2 0.8 1 1 0.2 0.8 0.2 0.8 1 1 0.2 0.8 0.2 0.8 1 1 0.2 0.8 0.2 0.8 1 1 0.2 0.8 1 1 1 1 1 1 1 1 1 1 1 1 1 1 1 1 1 1 1 1 1 1 1 1 1 1 1 1 1 1 1 1 1 1 1 1 1 1 1 1 1 1 1 1 1 1 1 1 1 1 1 1 1 1 1 1 1 1 1 1 1 1 1 1 1 1 1 1 1 1 1 1 1 1 1 1 1 1 1 1 1 1 1 1 0.25 0.75 0.25 0.75 1 1 1 1 0.25 0.75 0.25 0.75 0.25 0.75 1 1 0.25 0.75 0.25 0.75 1 1 0.25 0.75 1 1 1 1 1 1 1 1 1 1 1 1 1 0.8 0.2 0.8 0.2 1 0.8 0.2 1 1 0.8 0.2 1 1 1 1 1 1 1 1 1 1 1 0.8 0.2 0.8 0.2 1 1 0.8 0.2 1 1 1 1 1 1 1 1 1 1 1 1 1 1 1 1 1 1 1 1 1 0.5 0.5 0.5 0.5 1 1 0.5 0.5 0.5 0.5 1 1 0.5 0.5 0.5 0.5 1 1 0.5 0.5 0.5 0.5 1 0.5 0.5 0.27 0.63 0.1 0.27 0.63 0.1 0.5 0.5 0.2 0.8 0.2 0.8 0.5 0.5 0.27 0.63 0.1 0.27 0.63 0.1 0.5 0.5 0.5 0.5 0.27 0.63 0.1 0.27 0.63 0.1 0.5 0.5 0.5 0.5 0.27 0.63 0.1 0.27 0.63 0.1 0.5 0.5 0.27 0.63 0.1 0.2 0.8 0.2 0.8 0.27 0.63 0.1 0.27 0.63 0.1 0.2 0.8 0.2 0.8 0.27 0.63 0.1 0.27 0.63 0.1 0.2 0.8 0.2 0.8 0.27 0.63 0.1 1 1 1 1 0.8 0.2 1 1 0.8 0.2 0.2 0.8 1 1 0.2 0.8 0.2 0.8 1 1 0.2 0.8 0.2 0.8 1 1 0.2 0.8 0.2 0.8 1 1 0.2 0.8 1 1 1 1 1 1 1 1 1 1 1 1 1 1 1 1 1 1 1 1 1 1 1 1 1 1 1 1 1 1 1 1 1 1 1 1 1 1 1 1 1 1 1 1 1 1 1 1 1 1 1 1 1 1 1 1 1 1 1 1 1 1 1 1 1 1 1 1 1 1 1 1 1 1 1 1 1 1 1 1 1 1 1 1 0.25 0.75 0.25 0.75 1 1 1 1 0.25 0.75 0.25 0.75 0.25 0.75 1 0.25 0.75 1 0.25 0.75 1 0.25 0.75 1 1 1 1 1 1 1 1 1 1 1 1 1 1 0.8 0.2 1 0.8 0.2 0.8 0.2 1 0.8 0.2 1 1 1 1 1 1 1 1 1 1 1 0.8 0.2 1 0.8 0.2 1 0.8 0.2 1 1 1 1 1 1 1 1 1 1 1 1 1 1 1 1 1 1 1 1 1 1 0.5 0.5 1 0.5 0.5 1 0.5 0.5 1 0.5 0.5 1 0.5 0.5 1 0.5 0.5 1 0.5 0.5 1 0.5 0.5 0.5 0.5 0.27 0.63 0.1 0.5 0.5 0.27 0.63 0.1 0.2 0.8 0.2 0.8 0.5 0.5 0.27 0.63 0.1 0.5 0.5 0.27 0.63 0.1 0.5 0.5 0.27 0.63 0.1 0.5 0.5 0.27 0.63 0.1 0.5 0.5 0.27 0.63 0.1 0.5 0.5 0.27 0.63 0.1 0.27 0.63 0.1 0.2 0.8 0.27 0.63 0.1 0.2 0.8 0.27 0.63 0.1 0.2 0.8 0.27 0.63 0.1 0.2 0.8 0.27 0.63 0.1 0.2 0.8 0.27 0.63 0.1 0.2 0.8 1 1 1 1 0.8 0.2 1 0.8 0.2 1 0.2 0.8 1 0.2 0.8 1 0.2 0.8 1 0.2 0.8 1 0.2 0.8 1 0.2 0.8 1 0.2 0.8 1 0.2 0.8 1 1 1 1 1 1 1 1 1 1 1 1 1 1 1 1 1 1 1 1 1 1 1 1 1 1 1 1 1 1 1 1 1 1 1 1 1 1 1 1 1 1 1 1 1 1 1 1 1 1 1 1 1 1 1 1 1 1 1 1 1 1 1 1 1 1 1 1 1 1 1 1 1 1 1 1 1 1 1 1 1 0.1 0.7 0.2 0.45 0.45 0.1 0.1 0.7 0.2 0.45 0.45 0.1 0.5 0.5 0.1 0.7 0.2 0.5 0.5 0.1 0.7 0.2 0.125 0.7917 0.08329999 0.5 0.5 0.1563 0.7395 0.1042 0.5 0.5 0.5 0.5 0.1 0.7 0.2 0.1 0.7 0.2 0.45 0.45 0.1 0.45 0.45 0.1 0.1641 0.7265 0.1094 0.04689997 0.5885 0.3646 0.03129994 0.6145 0.3542 0.125 0.7917 0.08329999 0.007799983 0.3203 0.6719 0.01369994 0.3105 0.6758 0.05269998 0.5788 0.3685 0.01659995 0.3057 0.6777 0.45 0.45 0.1 0.1 0.7 0.2 0.5 0.5 0.1973 0.6712 0.1315 0.07029998 0.5495 0.3802 0.02369999 0.2939 0.6824 0.45 0.45 0.1 0.1 0.7 0.2 0.5 0.5 0.8 0.2 0.8 0.2 0.8 0.2 0.8 0.2 1 1 1 1 1 1 1 1 0.08329999 0.9167 1 0.1042 0.8958 1 0.1094 0.8906 1 1 0.1315 0.8685 0.007799983 0.3411 0.6511 0.003899991 0.3581 0.638 0.03129994 0.6145 0.3542 0.007799983 0.6536 0.3386 0.125 0.7917 0.08329999 0.1582 0.7363 0.1055 0.5 0.5 0.5 0.5 0.1 0.7 0.2 0.1 0.7 0.2 0.45 0.45 0.1 0.45 0.45 0.1 0.001999974 0.6634 0.3346 0.165 0.725 0.11 0.5 0.5 0.1 0.7 0.2 0.45 0.45 0.1 0.008299946 0.6528 0.3389 0.1996 0.6673 0.1331 0.5 0.5 0.1 0.7 0.2 0.45 0.45 0.1 0.8 0.2 0.8 0.2 0.8 0.2 0.8 0.2 1 1 1 1 0.003999948 0.3647 0.6313 0.002499997 0.3739 0.6236 1 1 1 1 0.001999974 0.08009999 0.9179 0.003899991 0.09769999 0.8984 0.006399989 0.09349995 0.9001 0.006699979 0.1242 0.8691</float_array>
          <technique_common>
            <accessor source="#Armature_slingShotMeshOutline-skin-weights-array" count="1453" stride="1">
              <param name="WEIGHT" type="float"/>
            </accessor>
          </technique_common>
        </source>
        <joints>
          <input semantic="JOINT" source="#Armature_slingShotMeshOutline-skin-joints"/>
          <input semantic="INV_BIND_MATRIX" source="#Armature_slingShotMeshOutline-skin-bind_poses"/>
        </joints>
        <vertex_weights count="1016">
          <input semantic="JOINT" source="#Armature_slingShotMeshOutline-skin-joints" offset="0"/>
          <input semantic="WEIGHT" source="#Armature_slingShotMeshOutline-skin-weights" offset="1"/>
          <vcount>1 1 1 1 2 2 1 1 1 1 2 2 2 1 2 1 2 1 2 1 1 1 1 1 1 1 1 1 1 1 1 1 1 2 1 2 2 1 2 1 1 1 1 1 1 1 1 1 1 1 2 1 2 1 2 1 1 1 1 1 1 1 1 1 1 1 1 1 1 1 1 1 1 1 1 1 1 2 1 2 1 2 1 2 1 2 1 2 1 2 1 2 2 3 2 3 2 3 2 3 2 3 2 3 2 3 2 3 3 2 3 2 3 2 3 2 3 2 3 2 3 2 3 2 1 1 1 1 1 1 1 1 1 1 1 1 2 1 2 1 2 1 2 1 2 1 2 1 2 1 2 1 2 1 2 1 1 1 1 1 1 1 1 1 1 1 1 1 1 1 1 1 1 1 1 1 1 1 1 1 1 1 1 1 1 1 1 1 1 1 1 1 1 1 1 1 1 1 1 1 1 1 1 1 1 1 1 1 1 1 1 1 1 1 1 1 1 1 1 1 1 1 1 1 1 1 1 1 1 1 1 1 1 1 1 1 1 1 1 1 2 2 1 1 1 1 2 2 2 1 1 2 2 1 1 2 1 1 1 1 1 1 1 1 1 1 1 1 1 2 2 1 2 1 1 2 1 1 1 1 1 1 1 1 1 1 1 2 2 1 1 2 1 1 1 1 1 1 1 1 1 1 1 1 1 1 1 1 1 1 1 1 1 2 2 1 1 2 2 1 1 2 2 1 1 2 2 1 2 3 3 2 2 2 2 3 3 2 2 3 3 2 2 3 3 2 3 2 2 3 3 2 2 3 3 2 2 3 1 1 1 1 1 1 1 1 1 1 1 1 2 1 1 2 2 1 1 2 2 1 1 2 2 1 1 2 2 1 1 2 1 1 1 1 1 1 1 1 1 1 1 1 1 1 1 1 1 1 1 1 1 1 1 1 1 1 1 1 1 1 1 1 1 1 1 1 1 1 1 1 1 1 1 1 1 1 1 1 1 1 1 1 1 1 1 1 1 1 1 1 1 1 1 1 1 1 1 1 1 1 1 1 1 1 1 1 1 1 1 1 1 1 1 1 2 2 1 1 1 1 2 2 2 1 1 2 2 1 1 2 1 1 1 1 1 1 1 1 1 1 1 1 1 2 2 1 2 1 1 2 1 1 1 1 1 1 1 1 1 1 1 2 2 1 1 2 1 1 1 1 1 1 1 1 1 1 1 1 1 1 1 1 1 1 1 1 1 2 2 1 1 2 2 1 1 2 2 1 1 2 2 1 2 3 3 2 2 2 2 3 3 2 2 3 3 2 2 3 3 2 3 2 2 3 3 2 2 3 3 2 2 3 1 1 1 1 2 1 1 2 2 1 1 2 2 1 1 2 2 1 1 2 2 1 1 2 1 1 1 1 1 1 1 1 1 1 1 1 1 1 1 1 1 1 1 1 1 1 1 1 1 1 1 1 1 1 1 1 1 1 1 1 1 1 1 1 1 1 1 1 1 1 1 1 1 1 1 1 1 1 1 1 1 1 1 1 1 1 1 1 1 1 1 1 1 1 1 1 1 1 1 1 1 1 1 1 1 1 1 1 2 2 1 1 1 1 2 2 2 1 2 1 2 1 2 1 1 1 1 1 1 1 1 1 1 1 1 1 1 2 1 2 2 1 2 1 1 1 1 1 1 1 1 1 1 1 2 1 2 1 2 1 1 1 1 1 1 1 1 1 1 1 1 1 1 1 1 1 1 1 1 1 1 2 1 2 1 2 1 2 1 2 1 2 1 2 1 2 2 3 2 3 2 2 2 3 2 3 2 3 2 3 2 3 2 3 3 2 3 2 3 2 3 2 3 2 3 2 1 1 1 1 2 1 2 1 2 1 2 1 2 1 2 1 2 1 2 1 2 1 2 1 1 1 1 1 1 1 1 1 1 1 1 1 1 1 1 1 1 1 1 1 1 1 1 1 1 1 1 1 1 1 1 1 1 1 1 1 1 1 1 1 1 1 1 1 1 1 1 1 1 1 1 1 1 1 1 1 1 1 1 1 1 1 1 1 1 1 1 1 1 1 1 1 1 1 1 1 1 1 1 1 3 3 3 3 2 3 2 3 3 2 3 2 2 3 3 3 3 3 3 3 3 3 3 3 3 3 3 2 3 3 3 3 3 2 2 2 2 2 1 1 1 1 1 1 1 1 2 1 2 1 2 1 1 2 3 3 3 3 3 3 2 2 3 3 3 3 3 3 2 3 3 3 3 2 3 3 2 2 2 2 1 1 1 1 3 3 1 1 1 1 3 3 3 3 </vcount>
          <v>0 0 0 1 0 2 0 3 0 4 1 5 0 6 1 7 0 8 0 9 0 10 0 11 0 12 1 13 0 14 1 15 0 16 1 17 1 18 0 19 1 20 1 21 0 22 1 23 1 24 0 25 1 26 1 27 1 28 1 29 1 30 1 31 1 32 1 33 1 34 1 35 2 36 2 37 2 38 2 39 2 40 1 41 2 42 2 43 1 44 2 45 1 46 2 47 1 48 1 49 2 50 1 51 2 52 2 53 2 54 2 55 2 56 2 57 2 58 2 59 2 60 2 61 1 62 2 63 2 64 1 65 2 66 2 67 1 68 2 69 2 70 2 71 2 72 2 73 2 74 2 75 2 76 2 77 2 78 2 79 2 80 2 81 2 82 2 83 2 84 2 85 2 86 2 87 2 88 2 89 2 90 2 91 2 92 3 93 2 94 2 95 3 96 2 97 2 98 3 99 2 100 2 101 3 102 2 103 2 104 3 105 2 106 2 107 3 108 2 109 2 110 3 111 2 112 2 113 3 114 2 115 3 116 2 117 3 118 4 119 2 120 3 121 2 122 3 123 4 124 2 125 3 126 2 127 3 128 4 129 2 130 3 131 2 132 3 133 4 134 2 135 3 136 2 137 3 138 4 139 2 140 3 141 2 142 3 143 4 144 2 145 3 146 2 147 3 148 4 149 2 150 3 151 2 152 3 153 4 154 2 155 3 156 4 157 3 158 4 159 2 160 3 161 4 162 3 163 4 164 2 165 3 166 4 167 3 168 4 169 2 170 3 171 4 172 3 173 4 174 2 175 3 176 4 177 3 178 4 179 2 180 3 181 4 182 3 183 4 184 2 185 3 186 4 187 3 188 4 189 2 190 3 191 4 192 3 193 4 194 4 195 4 196 4 197 4 198 4 199 4 200 4 201 4 202 4 203 4 204 4 205 4 206 1 207 2 208 1 209 1 210 2 211 1 212 3 213 4 214 4 215 3 216 4 217 4 218 3 219 4 220 4 221 3 222 4 223 4 224 3 225 4 226 4 227 3 228 4 229 4 230 3 231 4 232 4 233 3 234 4 235 4 236 4 237 4 238 4 239 4 240 4 241 4 242 4 243 4 244 4 245 4 246 4 247 4 248 4 249 4 250 4 251 4 252 4 253 4 254 4 255 4 256 4 257 4 258 4 259 4 260 4 261 4 262 4 263 4 264 4 265 4 266 4 267 4 268 4 269 4 270 4 271 4 272 4 273 4 274 4 275 4 276 4 277 4 278 4 279 4 280 4 281 4 282 4 283 4 284 4 285 4 286 4 287 4 288 4 289 4 290 4 291 4 292 4 293 4 294 4 295 4 296 4 297 4 298 4 299 4 300 4 301 4 302 4 303 4 304 4 305 4 306 4 307 4 308 4 309 4 310 4 311 4 312 4 313 4 314 4 315 4 316 0 317 0 318 0 319 0 320 0 321 1 322 0 323 1 324 0 325 0 326 0 327 0 328 0 329 1 330 0 331 1 332 0 333 1 334 1 335 1 336 0 337 1 338 0 339 1 340 1 341 1 342 0 343 1 344 1 345 1 346 1 347 1 348 1 349 1 350 1 351 1 352 2 353 2 354 2 355 2 356 2 357 1 358 2 359 1 360 2 361 2 362 1 363 2 364 1 365 1 366 1 367 2 368 2 369 2 370 2 371 2 372 2 373 2 374 2 375 2 376 2 377 2 378 2 379 1 380 2 381 1 382 2 383 2 384 2 385 1 386 2 387 2 388 2 389 2 390 2 391 2 392 2 393 2 394 2 395 2 396 2 397 2 398 2 399 2 400 2 401 2 402 2 403 2 404 2 405 2 406 2 407 2 408 2 409 3 410 2 411 3 412 2 413 2 414 2 415 3 416 2 417 3 418 2 419 2 420 2 421 3 422 2 423 3 424 2 425 2 426 2 427 3 428 2 429 3 430 2 431 2 432 3 433 2 434 3 435 4 436 2 437 3 438 4 439 2 440 3 441 3 442 4 443 3 444 4 445 2 446 3 447 2 448 3 449 4 450 2 451 3 452 4 453 2 454 3 455 2 456 3 457 2 458 3 459 4 460 2 461 3 462 4 463 2 464 3 465 2 466 3 467 2 468 3 469 4 470 2 471 3 472 4 473 2 474 3 475 2 476 3 477 4 478 3 479 4 480 3 481 4 482 2 483 3 484 4 485 2 486 3 487 4 488 3 489 4 490 3 491 4 492 2 493 3 494 4 495 2 496 3 497 4 498 3 499 4 500 3 501 4 502 2 503 3 504 4 505 4 506 4 507 4 508 4 509 4 510 4 511 4 512 4 513 4 514 4 515 4 516 4 517 1 518 2 519 1 520 1 521 1 522 2 523 3 524 4 525 4 526 4 527 3 528 4 529 3 530 4 531 4 532 4 533 3 534 4 535 3 536 4 537 4 538 4 539 3 540 4 541 3 542 4 543 4 544 4 545 3 546 4 547 4 548 4 549 4 550 4 551 4 552 4 553 4 554 4 555 4 556 4 557 4 558 4 559 4 560 4 561 4 562 4 563 4 564 4 565 4 566 4 567 4 568 4 569 4 570 4 571 4 572 4 573 4 574 4 575 4 576 4 577 4 578 4 579 4 580 4 581 4 582 4 583 4 584 4 585 4 586 4 587 4 588 4 589 4 590 4 591 4 592 4 593 4 594 4 595 4 596 4 597 4 598 4 599 4 600 4 601 4 602 4 603 4 604 4 605 4 606 4 607 4 608 4 609 4 610 4 611 4 612 4 613 4 614 4 615 4 616 4 617 4 618 4 619 4 620 4 621 4 622 4 623 4 624 4 625 4 626 4 627 0 628 0 629 0 630 0 631 0 632 1 633 0 634 1 635 0 636 0 637 0 638 0 639 0 640 1 641 0 642 1 643 0 644 1 645 1 646 1 647 0 648 1 649 0 650 1 651 1 652 1 653 0 654 1 655 1 656 1 657 1 658 1 659 1 660 1 661 1 662 1 663 2 664 2 665 2 666 2 667 2 668 1 669 2 670 1 671 2 672 2 673 1 674 2 675 1 676 1 677 1 678 2 679 2 680 2 681 2 682 2 683 2 684 2 685 2 686 2 687 2 688 2 689 2 690 1 691 2 692 1 693 2 694 2 695 2 696 1 697 2 698 2 699 2 700 2 701 2 702 2 703 2 704 2 705 2 706 2 707 2 708 2 709 2 710 2 711 2 712 2 713 2 714 2 715 2 716 2 717 2 718 2 719 2 720 3 721 2 722 3 723 2 724 2 725 2 726 3 727 2 728 3 729 2 730 2 731 2 732 3 733 2 734 3 735 2 736 2 737 2 738 3 739 2 740 3 741 2 742 2 743 3 744 2 745 3 746 4 747 2 748 3 749 4 750 2 751 3 752 3 753 4 754 3 755 4 756 2 757 3 758 2 759 3 760 4 761 2 762 3 763 4 764 2 765 3 766 2 767 3 768 2 769 3 770 4 771 2 772 3 773 4 774 2 775 3 776 2 777 3 778 2 779 3 780 4 781 2 782 3 783 4 784 2 785 3 786 2 787 3 788 4 789 3 790 4 791 3 792 4 793 2 794 3 795 4 796 2 797 3 798 4 799 3 800 4 801 3 802 4 803 2 804 3 805 4 806 2 807 3 808 4 809 3 810 4 811 3 812 4 813 2 814 3 815 4 816 4 817 4 818 4 819 4 820 1 821 2 822 1 823 1 824 1 825 2 826 3 827 4 828 4 829 4 830 3 831 4 832 3 833 4 834 4 835 4 836 3 837 4 838 3 839 4 840 4 841 4 842 3 843 4 844 3 845 4 846 4 847 4 848 3 849 4 850 4 851 4 852 4 853 4 854 4 855 4 856 4 857 4 858 4 859 4 860 4 861 4 862 4 863 4 864 4 865 4 866 4 867 4 868 4 869 4 870 4 871 4 872 4 873 4 874 4 875 4 876 4 877 4 878 4 879 4 880 4 881 4 882 4 883 4 884 4 885 4 886 4 887 4 888 4 889 4 890 4 891 4 892 4 893 4 894 4 895 4 896 4 897 4 898 4 899 4 900 4 901 4 902 4 903 4 904 4 905 4 906 4 907 4 908 4 909 4 910 4 911 4 912 4 913 4 914 4 915 4 916 4 917 4 918 4 919 4 920 4 921 4 922 4 923 4 924 4 925 4 926 4 927 4 928 4 929 4 930 0 931 0 932 0 933 0 934 0 935 1 936 0 937 1 938 0 939 0 940 0 941 0 942 0 943 1 944 0 945 1 946 0 947 1 948 1 949 0 950 1 951 1 952 0 953 1 954 1 955 0 956 1 957 1 958 1 959 1 960 1 961 1 962 1 963 1 964 1 965 1 966 2 967 2 968 2 969 2 970 2 971 1 972 2 973 2 974 1 975 2 976 1 977 2 978 1 979 1 980 2 981 1 982 2 983 2 984 2 985 2 986 2 987 2 988 2 989 2 990 2 991 2 992 1 993 2 994 2 995 1 996 2 997 2 998 1 999 2 1000 2 1001 2 1002 2 1003 2 1004 2 1005 2 1006 2 1007 2 1008 2 1009 2 1010 2 1011 2 1012 2 1013 2 1014 2 1015 2 1016 2 1017 2 1018 2 1019 2 1020 2 1021 2 1022 2 1023 3 1024 2 1025 2 1026 3 1027 2 1028 2 1029 3 1030 2 1031 2 1032 3 1033 2 1034 2 1035 3 1036 2 1037 2 1038 3 1039 2 1040 2 1041 3 1042 2 1043 2 1044 3 1045 2 1046 3 1047 2 1048 3 1049 4 1050 2 1051 3 1052 2 1053 3 1054 4 1055 3 1056 4 1057 3 1058 4 1059 2 1060 3 1061 2 1062 3 1063 4 1064 2 1065 3 1066 2 1067 3 1068 4 1069 2 1070 3 1071 2 1072 3 1073 4 1074 2 1075 3 1076 2 1077 3 1078 4 1079 2 1080 3 1081 2 1082 3 1083 4 1084 2 1085 3 1086 2 1087 3 1088 4 1089 2 1090 3 1091 4 1092 3 1093 4 1094 2 1095 3 1096 4 1097 3 1098 4 1099 2 1100 3 1101 4 1102 3 1103 4 1104 2 1105 3 1106 4 1107 3 1108 4 1109 2 1110 3 1111 4 1112 3 1113 4 1114 2 1115 3 1116 4 1117 3 1118 4 1119 4 1120 4 1121 4 1122 4 1123 1 1124 2 1125 1 1126 1 1127 2 1128 1 1129 3 1130 4 1131 4 1132 3 1133 4 1134 4 1135 3 1136 4 1137 4 1138 3 1139 4 1140 4 1141 3 1142 4 1143 4 1144 3 1145 4 1146 4 1147 3 1148 4 1149 4 1150 3 1151 4 1152 4 1153 4 1154 4 1155 4 1156 4 1157 4 1158 4 1159 4 1160 4 1161 4 1162 4 1163 4 1164 4 1165 4 1166 4 1167 4 1168 4 1169 4 1170 4 1171 4 1172 4 1173 4 1174 4 1175 4 1176 4 1177 4 1178 4 1179 4 1180 4 1181 4 1182 4 1183 4 1184 4 1185 4 1186 4 1187 4 1188 4 1189 4 1190 4 1191 4 1192 4 1193 4 1194 4 1195 4 1196 4 1197 4 1198 4 1199 4 1200 4 1201 4 1202 4 1203 4 1204 4 1205 4 1206 4 1207 4 1208 4 1209 4 1210 4 1211 4 1212 4 1213 4 1214 4 1215 4 1216 4 1217 4 1218 4 1219 4 1220 4 1221 4 1222 4 1223 4 1224 4 1225 4 1226 4 1227 4 1228 4 1229 4 1230 4 1231 4 1232 4 1233 5 1234 6 1235 7 1236 5 1237 6 1238 7 1239 5 1240 6 1241 7 1242 5 1243 6 1244 7 1245 6 1246 7 1247 5 1248 6 1249 7 1250 6 1251 7 1252 5 1253 6 1254 7 1255 6 1256 7 1257 8 1258 6 1259 7 1260 6 1261 7 1262 8 1263 6 1264 7 1265 6 1266 7 1267 5 1268 6 1269 7 1270 5 1271 6 1272 7 1273 5 1274 6 1275 7 1276 5 1277 6 1278 7 1279 6 1280 7 1281 8 1282 6 1283 7 1284 8 1285 6 1286 7 1287 8 1288 6 1289 7 1290 8 1291 6 1292 7 1293 8 1294 6 1295 7 1296 8 1297 6 1298 7 1299 8 1300 6 1301 7 1302 8 1303 5 1304 6 1305 7 1306 5 1307 6 1308 7 1309 6 1310 7 1311 6 1312 7 1313 8 1314 6 1315 7 1316 8 1317 6 1318 7 1319 8 1320 5 1321 6 1322 7 1323 5 1324 6 1325 7 1326 6 1327 7 1328 5 1329 6 1330 5 1331 6 1332 5 1333 6 1334 5 1335 6 1336 5 1337 5 1338 5 1339 5 1340 5 1341 5 1342 5 1343 5 1344 7 1345 8 1346 8 1347 7 1348 8 1349 8 1350 7 1351 8 1352 8 1353 8 1354 7 1355 8 1356 6 1357 7 1358 8 1359 6 1360 7 1361 8 1362 6 1363 7 1364 8 1365 6 1366 7 1367 8 1368 6 1369 7 1370 8 1371 6 1372 7 1373 8 1374 6 1375 7 1376 6 1377 7 1378 5 1379 6 1380 7 1381 5 1382 6 1383 7 1384 5 1385 6 1386 7 1387 5 1388 6 1389 7 1390 6 1391 7 1392 8 1393 6 1394 7 1395 8 1396 6 1397 7 1398 5 1399 6 1400 7 1401 5 1402 6 1403 7 1404 6 1405 7 1406 8 1407 6 1408 7 1409 8 1410 6 1411 7 1412 5 1413 6 1414 7 1415 5 1416 6 1417 7 1418 5 1419 6 1420 5 1421 6 1422 5 1423 6 1424 5 1425 6 1426 5 1427 5 1428 5 1429 5 1430 6 1431 7 1432 8 1433 6 1434 7 1435 8 1436 5 1437 5 1438 5 1439 5 1440 6 1441 7 1442 8 1443 6 1444 7 1445 8 1446 6 1447 7 1448 8 1449 6 1450 7 1451 8 1452</v>
        </vertex_weights>
      </skin>
    </controller>
    <controller id="Armature_slingShotMesh-skin" name="Armature">
      <skin source="#slingShotMesh-mesh">
        <bind_shape_matrix>1 0 0 1.81632e-13 0 1 0 6.57252e-14 0 0 1 0 0 0 0 1</bind_shape_matrix>
        <source id="Armature_slingShotMesh-skin-joints">
          <Name_array id="Armature_slingShotMesh-skin-joints-array" count="10">j_sling0 j_sling1 j_sling2 j_sling3 j_sling4 j_sling5 j_string1 j_string2 j_string3 j_saddle1</Name_array>
          <technique_common>
            <accessor source="#Armature_slingShotMesh-skin-joints-array" count="10" stride="1">
              <param name="JOINT" type="name"/>
            </accessor>
          </technique_common>
        </source>
        <source id="Armature_slingShotMesh-skin-bind_poses">
          <float_array id="Armature_slingShotMesh-skin-bind_poses-array" count="160">0 0 1 0 -1 0 0 0 0 -1 0 0 0 0 0 1 0 0 1 0 -1 0 0 0 0 -1 0 0 0 0 0 1 0 0 1 -2.472666 -1 0 0 2.38419e-7 0 -1 0 -3.71513e-6 0 0 0 1 0 0 1 -4.486988 -1 0 0 2.38419e-7 0 -1 0 -3.71513e-6 0 0 0 1 0 0 1 -6.278292 -1 0 0 2.38419e-7 0 -1 0 0 0 0 0 1 -1 0 0 2.38419e-7 0 0 -1 7.856457 0 -1 0 0 0 0 0 1 -1 0 0 2.38419e-7 0 0 -1 8.133172 0 -1 0 0 0 0 0 1 -1 0 0 -1.127777 0 0 -1 8.133172 0 -1 0 0 0 0 0 1 -1 0 0 -2.212826 0 0 -1 8.133172 0 -1 0 0 0 0 0 1 -1 0 0 -2.946108 0 0 -1 8.133172 0 -1 0 0 0 0 0 1</float_array>
          <technique_common>
            <accessor source="#Armature_slingShotMesh-skin-bind_poses-array" count="10" stride="16">
              <param name="TRANSFORM" type="float4x4"/>
            </accessor>
          </technique_common>
        </source>
        <source id="Armature_slingShotMesh-skin-weights">
          <float_array id="Armature_slingShotMesh-skin-weights-array" count="1589">1 0.1 0.9 0.1 0.9 1 0.25 0.75 0.25 0.75 1 0.1 0.9 0.1 0.9 1 0.25 0.75 0.25 0.75 0.25 0.75 1 1 0.25 0.75 0.25 0.75 1 1 0.25 0.75 1 1 1 1 1 1 1 1 1 1 1 1 1 0.8 0.2 0.8 0.2 1 0.8 0.2 1 1 0.8 0.2 1 1 1 1 1 1 1 1 1 1 1 0.8 0.2 0.8 0.2 1 1 0.8 0.2 1 1 1 1 1 1 1 1 1 1 1 1 1 1 1 1 1 1 1 1 1 0.5 0.5 0.5 0.5 1 1 0.5 0.5 0.5 0.5 1 1 0.5 0.5 0.5 0.5 1 1 0.5 0.5 0.5 0.5 1 0.5 0.5 0.27 0.63 0.1 0.27 0.63 0.1 0.5 0.5 0.5 0.5 0.27 0.63 0.1 0.27 0.63 0.1 0.5 0.5 0.5 0.5 0.27 0.63 0.1 0.27 0.63 0.1 0.5 0.5 0.5 0.5 0.27 0.63 0.1 0.27 0.63 0.1 0.5 0.5 0.27 0.63 0.1 0.2 0.8 0.2 0.8 0.27 0.63 0.1 0.27 0.63 0.1 0.2 0.8 0.2 0.8 0.27 0.63 0.1 0.27 0.63 0.1 0.2 0.8 0.2 0.8 0.27 0.63 0.1 0.27 0.63 0.1 0.2 0.8 0.2 0.8 0.27 0.63 0.1 0.27 0.63 0.1 1 1 1 1 1 1 1 1 1 1 1 1 0.8 0.2 1 1 0.8 0.2 0.2 0.8 1 1 0.2 0.8 0.2 0.8 1 1 0.2 0.8 0.2 0.8 1 1 0.2 0.8 0.2 0.8 1 1 0.2 0.8 0.2 0.8 1 1 1 1 1 1 1 1 1 1 1 1 1 1 1 1 1 1 1 1 1 1 1 1 1 1 1 1 1 1 1 1 1 1 1 1 1 1 1 1 1 1 1 1 1 1 1 1 1 1 1 1 1 1 1 1 1 1 1 1 1 1 1 1 1 1 1 1 1 1 1 1 1 1 1 1 1 1 1 1 1 1 1 1 1 1 1 0.1 0.9 1 0.1 0.9 0.25 0.75 0.25 0.75 1 0.1 0.9 1 0.1 0.9 0.25 0.75 0.25 0.75 0.25 0.75 1 0.25 0.75 1 0.25 0.75 1 0.25 0.75 1 1 1 1 1 1 1 1 1 1 1 1 1 1 0.8 0.2 1 0.8 0.2 0.8 0.2 1 0.8 0.2 1 1 1 1 1 1 1 1 1 1 1 0.8 0.2 1 0.8 0.2 1 0.8 0.2 1 1 1 1 1 1 1 1 1 1 1 1 1 1 1 1 1 1 1 1 1 1 0.5 0.5 1 0.5 0.5 1 0.5 0.5 1 0.5 0.5 1 0.5 0.5 1 0.5 0.5 1 0.5 0.5 1 0.5 0.5 0.5 0.5 0.27 0.63 0.1 0.5 0.5 0.27 0.63 0.1 0.2 0.8 0.2 0.8 0.5 0.5 0.27 0.63 0.1 0.5 0.5 0.27 0.63 0.1 0.5 0.5 0.27 0.63 0.1 0.5 0.5 0.27 0.63 0.1 0.5 0.5 0.27 0.63 0.1 0.5 0.5 0.27 0.63 0.1 0.27 0.63 0.1 0.2 0.8 0.27 0.63 0.1 0.2 0.8 0.27 0.63 0.1 0.2 0.8 0.27 0.63 0.1 0.2 0.8 0.27 0.63 0.1 0.2 0.8 0.27 0.63 0.1 0.2 0.8 1 1 1 1 1 1 1 1 1 1 1 1 0.8 0.2 1 0.8 0.2 1 0.2 0.8 1 0.2 0.8 1 0.2 0.8 1 0.2 0.8 1 0.2 0.8 1 0.2 0.8 1 0.2 0.8 1 0.2 0.8 1 1 1 1 1 1 1 1 1 1 1 1 1 1 1 1 1 1 1 1 1 1 1 1 1 1 1 1 1 1 1 1 1 1 1 1 1 1 1 1 1 1 1 1 1 1 1 1 1 1 1 1 1 1 1 1 1 1 1 1 1 1 1 1 1 1 1 1 1 1 1 1 1 1 1 1 1 1 1 1 1 1 1 1 1 1 0.1 0.9 1 0.1 0.9 0.25 0.75 0.25 0.75 1 0.1 0.9 1 0.1 0.9 0.25 0.75 0.25 0.75 0.25 0.75 1 0.25 0.75 1 0.25 0.75 1 0.25 0.75 1 1 1 1 1 1 1 1 1 1 1 1 1 1 0.8 0.2 1 0.8 0.2 0.8 0.2 1 0.8 0.2 0.8 0.2 1 1 1 1 1 1 1 1 1 1 1 1 0.8 0.2 1 0.8 0.2 1 0.8 0.2 1 1 1 1 1 1 1 1 1 1 1 1 1 1 1 1 1 1 1 1 1 1 0.5 0.5 1 0.5 0.5 1 0.5 0.5 1 0.5 0.5 1 0.5 0.5 1 0.5 0.5 1 0.5 0.5 1 0.5 0.5 0.5 0.5 0.27 0.63 0.1 0.5 0.5 0.27 0.63 0.1 0.2 0.8 0.2 0.8 0.5 0.5 0.27 0.63 0.1 0.5 0.5 0.27 0.63 0.1 0.5 0.5 0.27 0.63 0.1 0.5 0.5 0.27 0.63 0.1 0.5 0.5 0.27 0.63 0.1 0.5 0.5 0.27 0.63 0.1 0.27 0.63 0.1 0.2 0.8 0.27 0.63 0.1 0.2 0.8 0.27 0.63 0.1 0.2 0.8 0.27 0.63 0.1 0.2 0.8 0.27 0.63 0.1 0.2 0.8 0.27 0.63 0.1 0.2 0.8 1 1 1 1 0.8 0.2 1 0.8 0.2 1 0.2 0.8 1 0.2 0.8 1 0.2 0.8 1 0.2 0.8 1 0.2 0.8 1 0.2 0.8 1 0.2 0.8 1 0.2 0.8 1 1 1 1 1 1 1 1 1 1 1 1 1 1 1 1 1 1 1 1 1 1 1 1 1 1 1 1 1 1 1 1 1 1 1 1 1 1 1 1 1 1 1 1 1 1 1 1 1 1 1 1 1 1 1 1 1 1 1 1 1 1 1 1 1 1 1 1 1 1 1 1 1 1 1 1 1 1 1 1 1 1 1 1 1 1 1 1 0.1 0.9 0.1 0.9 1 0.25 0.75 0.25 0.75 1 0.1 0.9 0.1 0.9 1 0.25 0.75 0.25 0.75 0.25 0.75 1 1 0.25 0.75 0.25 0.75 1 1 0.25 0.75 1 1 1 1 1 1 1 1 1 1 1 1 1 0.8 0.2 0.8 0.2 1 0.8 0.2 1 1 0.8 0.2 1 1 1 1 1 1 1 1 1 1 1 0.8 0.2 0.8 0.2 1 1 0.8 0.2 1 1 1 1 1 1 1 1 1 1 1 1 1 1 1 1 1 1 1 1 1 0.5 0.5 0.5 0.5 1 1 0.5 0.5 0.5 0.5 1 1 0.5 0.5 0.5 0.5 1 1 0.5 0.5 0.5 0.5 1 0.5 0.5 0.27 0.63 0.1 0.27 0.63 0.1 0.5 0.5 0.2 0.8 0.2 0.8 0.5 0.5 0.27 0.63 0.1 0.27 0.63 0.1 0.5 0.5 0.5 0.5 0.27 0.63 0.1 0.27 0.63 0.1 0.5 0.5 0.5 0.5 0.27 0.63 0.1 0.27 0.63 0.1 0.5 0.5 0.27 0.63 0.1 0.2 0.8 0.2 0.8 0.27 0.63 0.1 0.27 0.63 0.1 0.2 0.8 0.2 0.8 0.27 0.63 0.1 0.27 0.63 0.1 0.2 0.8 0.2 0.8 0.27 0.63 0.1 1 1 1 1 0.8 0.2 1 1 0.8 0.2 0.2 0.8 1 1 0.2 0.8 0.2 0.8 1 1 0.2 0.8 0.2 0.8 1 1 0.2 0.8 0.2 0.8 1 1 0.2 0.8 1 1 1 1 1 1 1 1 1 1 1 1 1 1 1 1 1 1 1 1 1 1 1 1 1 1 1 1 1 1 1 1 1 1 1 1 1 1 1 1 1 1 1 1 1 1 1 1 1 1 1 1 1 1 1 1 1 1 1 1 1 1 1 1 1 1 1 1 1 1 1 1 1 1 1 1 1 1 1 1 1 1 1 1 0.1 0.7 0.2 0.45 0.45 0.1 0.45 0.45 0.1 0.1 0.7 0.2 0.5 0.5 0.1 0.7 0.2 0.1 0.7 0.2 0.5 0.5 0.125 0.7917 0.08329999 0.5 0.5 0.5 0.5 0.1563 0.7395 0.1042 0.5 0.5 0.1 0.7 0.2 0.1 0.7 0.2 0.45 0.45 0.1 0.45 0.45 0.1 0.1641 0.7265 0.1094 0.04689997 0.5885 0.3646 0.03129994 0.6145 0.3542 0.125 0.7917 0.08329999 0.05269998 0.5788 0.3685 0.01659995 0.3057 0.6777 0.01369994 0.3105 0.6758 0.45 0.45 0.1 0.1 0.7 0.2 0.5 0.5 0.1973 0.6712 0.1315 0.07029998 0.5495 0.3802 0.45 0.45 0.1 0.1 0.7 0.2 0.5 0.5 0.8 0.2 0.8 0.2 0.8 0.2 0.8 0.2 1 1 1 1 1 1 1 1 0.007799983 0.3203 0.6719 0.04689997 0.5885 0.3646 0.03129994 0.6145 0.3542 0.01369994 0.3105 0.6758 0.001999974 0.08009999 0.9179 0.003899991 0.09769999 0.8984 1 1 0.08329999 0.9167 0.1042 0.8958 0.007799983 0.3411 0.6511 0.003899991 0.3581 0.638 0.03129994 0.6145 0.3542 0.007799983 0.6536 0.3386 0.125 0.7917 0.08329999 0.007799983 0.6536 0.3386 0.03129994 0.6145 0.3542 0.1582 0.7363 0.1055 0.5 0.5 0.5 0.5 0.1 0.7 0.2 0.1 0.7 0.2 0.45 0.45 0.1 0.45 0.45 0.1 0.001999974 0.6634 0.3346 0.165 0.725 0.11 0.5 0.5 0.1 0.7 0.2 0.45 0.45 0.1 0.008299946 0.6528 0.3389 0.1996 0.6673 0.1331 0.5 0.5 0.1 0.7 0.2 0.45 0.45 0.1 0.8 0.2 0.8 0.2 0.8 0.2 0.8 0.2 1 1 1 1 1 1 1 1 0.1094 0.8906 1 0.1042 0.8958 1 0.002499997 0.3739 0.6236 0.003899991 0.3581 0.638 0.006699979 0.1242 0.8691 0.003899991 0.09769999 0.8984 0.01659995 0.3057 0.6777 0.07029998 0.5495 0.3802 0.05269998 0.5788 0.3685 0.02369999 0.2939 0.6824 0.006699979 0.1242 0.8691 0.006399989 0.09349995 0.9001 1 1 0.1094 0.8906 0.1315 0.8685 0.002499997 0.3739 0.6236 0.003999948 0.3647 0.6313 0.001999974 0.6634 0.3346 0.008299946 0.6528 0.3389 0.02369999 0.2939 0.6824 0.03129994 0.6145 0.3542 0.07029998 0.5495 0.3802 0.007799983 0.3203 0.6719 0.006399989 0.09349995 0.9001 0.001999974 0.08009999 0.9179 1 1 0.1315 0.8685 0.08329999 0.9167 0.003999948 0.3647 0.6313 0.007799983 0.3411 0.6511 0.008299946 0.6528 0.3389 0.03129994 0.6145 0.3542 1 1 1 1 1 1 1 1</float_array>
          <technique_common>
            <accessor source="#Armature_slingShotMesh-skin-weights-array" count="1589" stride="1">
              <param name="WEIGHT" type="float"/>
            </accessor>
          </technique_common>
        </source>
        <joints>
          <input semantic="JOINT" source="#Armature_slingShotMesh-skin-joints"/>
          <input semantic="INV_BIND_MATRIX" source="#Armature_slingShotMesh-skin-bind_poses"/>
        </joints>
        <vertex_weights count="1080">
          <input semantic="JOINT" source="#Armature_slingShotMesh-skin-joints" offset="0"/>
          <input semantic="WEIGHT" source="#Armature_slingShotMesh-skin-weights" offset="1"/>
          <vcount>1 2 2 1 2 2 1 2 2 1 2 2 2 1 1 2 2 1 1 2 1 1 1 1 1 1 1 1 1 1 1 1 1 2 2 1 2 1 1 2 1 1 1 1 1 1 1 1 1 1 1 2 2 1 1 2 1 1 1 1 1 1 1 1 1 1 1 1 1 1 1 1 1 1 1 1 1 2 2 1 1 2 2 1 1 2 2 1 1 2 2 1 2 3 3 2 2 3 3 2 2 3 3 2 2 3 3 2 3 2 2 3 3 2 2 3 3 2 2 3 3 2 2 3 3 1 1 1 1 1 1 1 1 1 1 1 1 2 1 1 2 2 1 1 2 2 1 1 2 2 1 1 2 2 1 1 2 2 1 1 1 1 1 1 1 1 1 1 1 1 1 1 1 1 1 1 1 1 1 1 1 1 1 1 1 1 1 1 1 1 1 1 1 1 1 1 1 1 1 1 1 1 1 1 1 1 1 1 1 1 1 1 1 1 1 1 1 1 1 1 1 1 1 1 1 1 1 1 1 1 1 1 1 1 1 1 1 1 1 1 1 1 1 1 1 2 1 2 2 2 1 2 1 2 2 2 2 1 2 1 2 1 2 1 1 1 1 1 1 1 1 1 1 1 1 1 1 2 1 2 2 1 2 1 1 1 1 1 1 1 1 1 1 1 2 1 2 1 2 1 1 1 1 1 1 1 1 1 1 1 1 1 1 1 1 1 1 1 1 1 1 2 1 2 1 2 1 2 1 2 1 2 1 2 1 2 2 3 2 3 2 2 2 3 2 3 2 3 2 3 2 3 2 3 3 2 3 2 3 2 3 2 3 2 3 2 1 1 1 1 1 1 1 1 1 1 1 1 2 1 2 1 2 1 2 1 2 1 2 1 2 1 2 1 2 1 2 1 1 1 1 1 1 1 1 1 1 1 1 1 1 1 1 1 1 1 1 1 1 1 1 1 1 1 1 1 1 1 1 1 1 1 1 1 1 1 1 1 1 1 1 1 1 1 1 1 1 1 1 1 1 1 1 1 1 1 1 1 1 1 1 1 1 1 1 1 1 1 1 1 1 1 1 1 1 1 1 1 1 1 1 1 1 2 1 2 2 2 1 2 1 2 2 2 2 1 2 1 2 1 2 1 1 1 1 1 1 1 1 1 1 1 1 1 1 2 1 2 2 1 2 2 1 1 1 1 1 1 1 1 1 1 1 1 2 1 2 1 2 1 1 1 1 1 1 1 1 1 1 1 1 1 1 1 1 1 1 1 1 1 1 2 1 2 1 2 1 2 1 2 1 2 1 2 1 2 2 3 2 3 2 2 2 3 2 3 2 3 2 3 2 3 2 3 3 2 3 2 3 2 3 2 3 2 3 2 1 1 1 1 2 1 2 1 2 1 2 1 2 1 2 1 2 1 2 1 2 1 2 1 1 1 1 1 1 1 1 1 1 1 1 1 1 1 1 1 1 1 1 1 1 1 1 1 1 1 1 1 1 1 1 1 1 1 1 1 1 1 1 1 1 1 1 1 1 1 1 1 1 1 1 1 1 1 1 1 1 1 1 1 1 1 1 1 1 1 1 1 1 1 1 1 1 1 1 1 1 1 1 1 1 1 1 1 1 1 1 2 2 1 2 2 1 2 2 1 2 2 2 1 1 2 2 1 1 2 1 1 1 1 1 1 1 1 1 1 1 1 1 2 2 1 2 1 1 2 1 1 1 1 1 1 1 1 1 1 1 2 2 1 1 2 1 1 1 1 1 1 1 1 1 1 1 1 1 1 1 1 1 1 1 1 1 2 2 1 1 2 2 1 1 2 2 1 1 2 2 1 2 3 3 2 2 2 2 3 3 2 2 3 3 2 2 3 3 2 3 2 2 3 3 2 2 3 3 2 2 3 1 1 1 1 2 1 1 2 2 1 1 2 2 1 1 2 2 1 1 2 2 1 1 2 1 1 1 1 1 1 1 1 1 1 1 1 1 1 1 1 1 1 1 1 1 1 1 1 1 1 1 1 1 1 1 1 1 1 1 1 1 1 1 1 1 1 1 1 1 1 1 1 1 1 1 1 1 1 1 1 1 1 1 1 1 1 1 1 1 1 1 1 1 1 1 1 1 1 1 1 1 1 1 1 1 1 1 1 3 3 3 3 2 3 3 2 3 2 2 3 2 3 3 3 3 3 3 3 3 3 3 3 3 3 2 3 3 3 3 2 2 2 2 2 1 1 1 1 1 1 1 1 3 3 3 3 3 3 1 1 2 2 3 3 3 3 3 3 3 3 2 2 3 3 3 3 3 3 2 3 3 3 3 2 3 3 2 2 2 2 1 1 1 1 1 1 1 1 2 1 2 1 3 3 3 3 3 3 3 3 3 3 1 1 2 2 3 3 3 3 3 3 3 3 3 3 1 1 2 2 3 3 3 3 1 1 1 1 1 1 1 1 </vcount>
          <v>0 0 0 1 1 2 0 3 1 4 0 5 1 6 2 7 1 8 2 9 0 10 0 11 1 12 0 13 1 14 0 15 1 16 2 17 1 18 2 19 1 20 2 21 2 22 2 23 1 24 2 25 1 26 2 27 2 28 2 29 1 30 2 31 2 32 2 33 2 34 2 35 2 36 2 37 2 38 2 39 3 40 3 41 3 42 3 43 3 44 2 45 3 46 2 47 3 48 3 49 2 50 3 51 2 52 2 53 2 54 3 55 3 56 3 57 3 58 3 59 3 60 3 61 3 62 3 63 3 64 3 65 3 66 2 67 3 68 2 69 3 70 3 71 3 72 2 73 3 74 3 75 3 76 3 77 3 78 3 79 3 80 3 81 3 82 3 83 3 84 3 85 3 86 3 87 3 88 3 89 3 90 3 91 3 92 3 93 3 94 3 95 3 96 4 97 3 98 4 99 3 100 3 101 3 102 4 103 3 104 4 105 3 106 3 107 3 108 4 109 3 110 4 111 3 112 3 113 3 114 4 115 3 116 4 117 3 118 3 119 4 120 3 121 4 122 5 123 3 124 4 125 5 126 3 127 4 128 3 129 4 130 3 131 4 132 5 133 3 134 4 135 5 136 3 137 4 138 3 139 4 140 3 141 4 142 5 143 3 144 4 145 5 146 3 147 4 148 3 149 4 150 3 151 4 152 5 153 3 154 4 155 5 156 3 157 4 158 3 159 4 160 5 161 4 162 5 163 4 164 5 165 3 166 4 167 5 168 3 169 4 170 5 171 4 172 5 173 4 174 5 175 3 176 4 177 5 178 3 179 4 180 5 181 4 182 5 183 4 184 5 185 3 186 4 187 5 188 3 189 4 190 5 191 4 192 5 193 4 194 5 195 3 196 4 197 5 198 3 199 4 200 5 201 5 202 5 203 5 204 5 205 5 206 5 207 5 208 5 209 5 210 5 211 5 212 5 213 2 214 3 215 2 216 2 217 2 218 3 219 4 220 5 221 5 222 5 223 4 224 5 225 4 226 5 227 5 228 5 229 4 230 5 231 4 232 5 233 5 234 5 235 4 236 5 237 4 238 5 239 5 240 5 241 4 242 5 243 4 244 5 245 5 246 5 247 5 248 5 249 5 250 5 251 5 252 5 253 5 254 5 255 5 256 5 257 5 258 5 259 5 260 5 261 5 262 5 263 5 264 5 265 5 266 5 267 5 268 5 269 5 270 5 271 5 272 5 273 5 274 5 275 5 276 5 277 5 278 5 279 5 280 5 281 5 282 5 283 5 284 5 285 5 286 5 287 5 288 5 289 5 290 5 291 5 292 5 293 5 294 5 295 5 296 5 297 5 298 5 299 5 300 5 301 5 302 5 303 5 304 5 305 5 306 5 307 5 308 5 309 5 310 5 311 5 312 5 313 5 314 5 315 5 316 5 317 5 318 5 319 5 320 5 321 5 322 5 323 5 324 5 325 5 326 5 327 5 328 5 329 5 330 5 331 0 332 0 333 1 334 0 335 0 336 1 337 1 338 2 339 1 340 2 341 0 342 0 343 1 344 0 345 0 346 1 347 1 348 2 349 1 350 2 351 1 352 2 353 2 354 1 355 2 356 2 357 1 358 2 359 2 360 1 361 2 362 2 363 2 364 2 365 2 366 2 367 2 368 2 369 2 370 2 371 3 372 3 373 3 374 3 375 3 376 2 377 3 378 3 379 2 380 3 381 2 382 3 383 2 384 2 385 3 386 2 387 3 388 3 389 3 390 3 391 3 392 3 393 3 394 3 395 3 396 3 397 2 398 3 399 3 400 2 401 3 402 3 403 2 404 3 405 3 406 3 407 3 408 3 409 3 410 3 411 3 412 3 413 3 414 3 415 3 416 3 417 3 418 3 419 3 420 3 421 3 422 3 423 3 424 3 425 3 426 3 427 3 428 4 429 3 430 3 431 4 432 3 433 3 434 4 435 3 436 3 437 4 438 3 439 3 440 4 441 3 442 3 443 4 444 3 445 3 446 4 447 3 448 3 449 4 450 3 451 4 452 3 453 4 454 5 455 3 456 4 457 3 458 4 459 5 460 4 461 5 462 4 463 5 464 3 465 4 466 3 467 4 468 5 469 3 470 4 471 3 472 4 473 5 474 3 475 4 476 3 477 4 478 5 479 3 480 4 481 3 482 4 483 5 484 3 485 4 486 3 487 4 488 5 489 3 490 4 491 3 492 4 493 5 494 3 495 4 496 5 497 4 498 5 499 3 500 4 501 5 502 4 503 5 504 3 505 4 506 5 507 4 508 5 509 3 510 4 511 5 512 4 513 5 514 3 515 4 516 5 517 4 518 5 519 3 520 4 521 5 522 4 523 5 524 5 525 5 526 5 527 5 528 5 529 5 530 5 531 5 532 5 533 5 534 5 535 5 536 2 537 3 538 2 539 2 540 3 541 2 542 4 543 5 544 5 545 4 546 5 547 5 548 4 549 5 550 5 551 4 552 5 553 5 554 4 555 5 556 5 557 4 558 5 559 5 560 4 561 5 562 5 563 4 564 5 565 5 566 5 567 5 568 5 569 5 570 5 571 5 572 5 573 5 574 5 575 5 576 5 577 5 578 5 579 5 580 5 581 5 582 5 583 5 584 5 585 5 586 5 587 5 588 5 589 5 590 5 591 5 592 5 593 5 594 5 595 5 596 5 597 5 598 5 599 5 600 5 601 5 602 5 603 5 604 5 605 5 606 5 607 5 608 5 609 5 610 5 611 5 612 5 613 5 614 5 615 5 616 5 617 5 618 5 619 5 620 5 621 5 622 5 623 5 624 5 625 5 626 5 627 5 628 5 629 5 630 5 631 5 632 5 633 5 634 5 635 5 636 5 637 5 638 5 639 5 640 5 641 5 642 5 643 5 644 5 645 5 646 5 647 5 648 5 649 5 650 0 651 0 652 1 653 0 654 0 655 1 656 1 657 2 658 1 659 2 660 0 661 0 662 1 663 0 664 0 665 1 666 1 667 2 668 1 669 2 670 1 671 2 672 2 673 1 674 2 675 2 676 1 677 2 678 2 679 1 680 2 681 2 682 2 683 2 684 2 685 2 686 2 687 2 688 2 689 2 690 3 691 3 692 3 693 3 694 3 695 2 696 3 697 3 698 2 699 3 700 2 701 3 702 2 703 2 704 3 705 2 706 3 707 2 708 2 709 3 710 3 711 3 712 3 713 3 714 3 715 3 716 3 717 3 718 3 719 2 720 3 721 3 722 2 723 3 724 3 725 2 726 3 727 3 728 3 729 3 730 3 731 3 732 3 733 3 734 3 735 3 736 3 737 3 738 3 739 3 740 3 741 3 742 3 743 3 744 3 745 3 746 3 747 3 748 3 749 3 750 4 751 3 752 3 753 4 754 3 755 3 756 4 757 3 758 3 759 4 760 3 761 3 762 4 763 3 764 3 765 4 766 3 767 3 768 4 769 3 770 3 771 4 772 3 773 4 774 3 775 4 776 5 777 3 778 4 779 3 780 4 781 5 782 4 783 5 784 4 785 5 786 3 787 4 788 3 789 4 790 5 791 3 792 4 793 3 794 4 795 5 796 3 797 4 798 3 799 4 800 5 801 3 802 4 803 3 804 4 805 5 806 3 807 4 808 3 809 4 810 5 811 3 812 4 813 3 814 4 815 5 816 3 817 4 818 5 819 4 820 5 821 3 822 4 823 5 824 4 825 5 826 3 827 4 828 5 829 4 830 5 831 3 832 4 833 5 834 4 835 5 836 3 837 4 838 5 839 4 840 5 841 3 842 4 843 5 844 4 845 5 846 5 847 5 848 5 849 5 850 2 851 3 852 2 853 2 854 3 855 2 856 4 857 5 858 5 859 4 860 5 861 5 862 4 863 5 864 5 865 4 866 5 867 5 868 4 869 5 870 5 871 4 872 5 873 5 874 4 875 5 876 5 877 4 878 5 879 5 880 5 881 5 882 5 883 5 884 5 885 5 886 5 887 5 888 5 889 5 890 5 891 5 892 5 893 5 894 5 895 5 896 5 897 5 898 5 899 5 900 5 901 5 902 5 903 5 904 5 905 5 906 5 907 5 908 5 909 5 910 5 911 5 912 5 913 5 914 5 915 5 916 5 917 5 918 5 919 5 920 5 921 5 922 5 923 5 924 5 925 5 926 5 927 5 928 5 929 5 930 5 931 5 932 5 933 5 934 5 935 5 936 5 937 5 938 5 939 5 940 5 941 5 942 5 943 5 944 5 945 5 946 5 947 5 948 5 949 5 950 5 951 5 952 5 953 5 954 5 955 5 956 5 957 5 958 5 959 5 960 5 961 5 962 5 963 5 964 5 965 5 966 0 967 0 968 1 969 0 970 1 971 0 972 1 973 2 974 1 975 2 976 0 977 0 978 1 979 0 980 1 981 0 982 1 983 2 984 1 985 2 986 1 987 2 988 2 989 2 990 1 991 2 992 1 993 2 994 2 995 2 996 1 997 2 998 2 999 2 1000 2 1001 2 1002 2 1003 2 1004 2 1005 2 1006 3 1007 3 1008 3 1009 3 1010 3 1011 2 1012 3 1013 2 1014 3 1015 3 1016 2 1017 3 1018 2 1019 2 1020 2 1021 3 1022 3 1023 3 1024 3 1025 3 1026 3 1027 3 1028 3 1029 3 1030 3 1031 3 1032 3 1033 2 1034 3 1035 2 1036 3 1037 3 1038 3 1039 2 1040 3 1041 3 1042 3 1043 3 1044 3 1045 3 1046 3 1047 3 1048 3 1049 3 1050 3 1051 3 1052 3 1053 3 1054 3 1055 3 1056 3 1057 3 1058 3 1059 3 1060 3 1061 3 1062 3 1063 4 1064 3 1065 4 1066 3 1067 3 1068 3 1069 4 1070 3 1071 4 1072 3 1073 3 1074 3 1075 4 1076 3 1077 4 1078 3 1079 3 1080 3 1081 4 1082 3 1083 4 1084 3 1085 3 1086 4 1087 3 1088 4 1089 5 1090 3 1091 4 1092 5 1093 3 1094 4 1095 4 1096 5 1097 4 1098 5 1099 3 1100 4 1101 3 1102 4 1103 5 1104 3 1105 4 1106 5 1107 3 1108 4 1109 3 1110 4 1111 3 1112 4 1113 5 1114 3 1115 4 1116 5 1117 3 1118 4 1119 3 1120 4 1121 3 1122 4 1123 5 1124 3 1125 4 1126 5 1127 3 1128 4 1129 3 1130 4 1131 5 1132 4 1133 5 1134 4 1135 5 1136 3 1137 4 1138 5 1139 3 1140 4 1141 5 1142 4 1143 5 1144 4 1145 5 1146 3 1147 4 1148 5 1149 3 1150 4 1151 5 1152 4 1153 5 1154 4 1155 5 1156 3 1157 4 1158 5 1159 5 1160 5 1161 5 1162 5 1163 2 1164 3 1165 2 1166 2 1167 2 1168 3 1169 4 1170 5 1171 5 1172 5 1173 4 1174 5 1175 4 1176 5 1177 5 1178 5 1179 4 1180 5 1181 4 1182 5 1183 5 1184 5 1185 4 1186 5 1187 4 1188 5 1189 5 1190 5 1191 4 1192 5 1193 5 1194 5 1195 5 1196 5 1197 5 1198 5 1199 5 1200 5 1201 5 1202 5 1203 5 1204 5 1205 5 1206 5 1207 5 1208 5 1209 5 1210 5 1211 5 1212 5 1213 5 1214 5 1215 5 1216 5 1217 5 1218 5 1219 5 1220 5 1221 5 1222 5 1223 5 1224 5 1225 5 1226 5 1227 5 1228 5 1229 5 1230 5 1231 5 1232 5 1233 5 1234 5 1235 5 1236 5 1237 5 1238 5 1239 5 1240 5 1241 5 1242 5 1243 5 1244 5 1245 5 1246 5 1247 5 1248 5 1249 5 1250 5 1251 5 1252 5 1253 5 1254 5 1255 5 1256 5 1257 5 1258 5 1259 5 1260 5 1261 5 1262 5 1263 5 1264 5 1265 5 1266 5 1267 5 1268 5 1269 5 1270 5 1271 5 1272 5 1273 5 1274 5 1275 5 1276 5 1277 6 1278 7 1279 8 1280 6 1281 7 1282 8 1283 6 1284 7 1285 8 1286 6 1287 7 1288 8 1289 7 1290 8 1291 6 1292 7 1293 8 1294 6 1295 7 1296 8 1297 7 1298 8 1299 7 1300 8 1301 9 1302 7 1303 8 1304 7 1305 8 1306 7 1307 8 1308 9 1309 7 1310 8 1311 6 1312 7 1313 8 1314 6 1315 7 1316 8 1317 6 1318 7 1319 8 1320 6 1321 7 1322 8 1323 7 1324 8 1325 9 1326 7 1327 8 1328 9 1329 7 1330 8 1331 9 1332 7 1333 8 1334 9 1335 7 1336 8 1337 9 1338 7 1339 8 1340 9 1341 7 1342 8 1343 9 1344 6 1345 7 1346 8 1347 6 1348 7 1349 8 1350 7 1351 8 1352 7 1353 8 1354 9 1355 7 1356 8 1357 9 1358 6 1359 7 1360 8 1361 6 1362 7 1363 8 1364 7 1365 8 1366 6 1367 7 1368 6 1369 7 1370 6 1371 7 1372 6 1373 7 1374 6 1375 6 1376 6 1377 6 1378 6 1379 6 1380 6 1381 6 1382 7 1383 8 1384 9 1385 7 1386 8 1387 9 1388 7 1389 8 1390 9 1391 7 1392 8 1393 9 1394 7 1395 8 1396 9 1397 7 1398 8 1399 9 1400 9 1401 9 1402 8 1403 9 1404 8 1405 9 1406 7 1407 8 1408 9 1409 7 1410 8 1411 9 1412 7 1413 8 1414 9 1415 7 1416 8 1417 9 1418 7 1419 8 1420 9 1421 7 1422 8 1423 9 1424 7 1425 8 1426 9 1427 7 1428 8 1429 9 1430 7 1431 8 1432 7 1433 8 1434 6 1435 7 1436 8 1437 6 1438 7 1439 8 1440 6 1441 7 1442 8 1443 6 1444 7 1445 8 1446 7 1447 8 1448 9 1449 7 1450 8 1451 9 1452 7 1453 8 1454 6 1455 7 1456 8 1457 6 1458 7 1459 8 1460 7 1461 8 1462 9 1463 7 1464 8 1465 9 1466 7 1467 8 1468 6 1469 7 1470 8 1471 6 1472 7 1473 8 1474 6 1475 7 1476 6 1477 7 1478 6 1479 7 1480 6 1481 7 1482 6 1483 6 1484 6 1485 6 1486 6 1487 6 1488 6 1489 6 1490 8 1491 9 1492 9 1493 8 1494 9 1495 9 1496 7 1497 8 1498 9 1499 7 1500 8 1501 9 1502 7 1503 8 1504 9 1505 7 1506 8 1507 9 1508 7 1509 8 1510 9 1511 7 1512 8 1513 9 1514 7 1515 8 1516 9 1517 7 1518 8 1519 9 1520 7 1521 8 1522 9 1523 7 1524 8 1525 9 1526 9 1527 9 1528 8 1529 9 1530 8 1531 9 1532 7 1533 8 1534 9 1535 7 1536 8 1537 9 1538 7 1539 8 1540 9 1541 7 1542 8 1543 9 1544 7 1545 8 1546 9 1547 7 1548 8 1549 9 1550 7 1551 8 1552 9 1553 7 1554 8 1555 9 1556 7 1557 8 1558 9 1559 7 1560 8 1561 9 1562 9 1563 9 1564 8 1565 9 1566 8 1567 9 1568 7 1569 8 1570 9 1571 7 1572 8 1573 9 1574 7 1575 8 1576 9 1577 7 1578 8 1579 9 1580 6 1581 6 1582 6 1583 6 1584 6 1585 6 1586 6 1587 6 1588</v>
        </vertex_weights>
      </skin>
    </controller>
  </library_controllers>
  
  <library_visual_scenes>
    <visual_scene id="Scene" name="Scene">
      <node id="Armature" name="Armature" type="NODE">
        <matrix sid="transform">1 0 0 0 0 7.54979e-8 -1 0 0 1 7.54979e-8 0 0 0 0 1</matrix>
        <node id="Armature_Slingshot_Visual" name="Slingshot_Visual" sid="Slingshot_Visual" type="JOINT">
          <matrix sid="transform">1 0 0 0 0 1 0 0 0 0 1 0 0 0 0 1</matrix>
          <node id="Armature_j_sling0" name="j_sling0" sid="j_sling0" type="JOINT">
            <matrix sid="transform">0 -1 0 0 1 0 0 0 0 0 1 0 0 0 0 1</matrix>
            <node id="Armature_j_sling1" name="j_sling1" sid="j_sling1" type="JOINT">
              <matrix sid="transform">1 1.11635e-14 0 0 -1.11635e-14 0.9999999 0 0 0 0 1 0 0 0 0 1</matrix>
              <node id="Armature_j_sling2" name="j_sling2" sid="j_sling2" type="JOINT">
                <matrix sid="transform">1 0 0 2.472666 0 1 0 -2.38419e-7 0 0 1 3.71513e-6 0 0 0 1</matrix>
                <node id="Armature_j_sling3" name="j_sling3" sid="j_sling3" type="JOINT">
                  <matrix sid="transform">1 0 0 2.014322 0 1 0 0 0 0 1 -2.27374e-13 0 0 0 1</matrix>
                  <node id="Armature_j_sling4" name="j_sling4" sid="j_sling4" type="JOINT">
                    <matrix sid="transform">1 0 0 1.791304 0 1 0 -2.84217e-14 0 0 1 -3.71657e-6 0 0 0 1</matrix>
                    <node id="Armature_j_sling5" name="j_sling5" sid="j_sling5" type="JOINT">
                      <matrix sid="transform">0 -1 0 1.578164 1 0 0 -2.84217e-14 0 0 1 4.35207e-14 0 0 0 1</matrix>
                      <node id="Armature_j_string1" name="j_string1" sid="j_string1" type="JOINT">
                        <matrix sid="transform">1 -3.34904e-14 0 -1.42109e-13 3.34904e-14 1 0 -0.2767143 0 0 1 0 0 0 0 1</matrix>
                        <node id="Armature_j_string2" name="j_string2" sid="j_string2" type="JOINT">
                          <matrix sid="transform">1 0 0 1.127777 0 1 0 0 0 0 1 -2.25391e-9 0 0 0 1</matrix>
                          <node id="Armature_j_string3" name="j_string3" sid="j_string3" type="JOINT">
                            <matrix sid="transform">1 0 0 1.085049 0 1 0 0 0 0 1 -3.11517e-9 0 0 0 1</matrix>
                            <node id="Armature_j_saddle1" name="j_saddle1" sid="j_saddle1" type="JOINT">
                              <matrix sid="transform">1 0 0 0.7332814 0 1 0 0 0 0 1 2.67566e-9 0 0 0 1</matrix>
                              <extra>
                                <technique profile="blender">
                                  <tip_x sid="tip_x" type="float">0</tip_x>
                                  <tip_y sid="tip_y" type="float">-0.7332811</tip_y>
                                  <tip_z sid="tip_z" type="float">0</tip_z>
                                </technique>
                              </extra>
                            </node>
                            <extra>
                              <technique profile="blender">
                                <tip_x sid="tip_x" type="float">0</tip_x>
                                <tip_y sid="tip_y" type="float">-0.7332811</tip_y>
                                <tip_z sid="tip_z" type="float">0</tip_z>
                              </technique>
                            </extra>
                          </node>
                          <extra>
                            <technique profile="blender">
                              <tip_x sid="tip_x" type="float">0</tip_x>
                              <tip_y sid="tip_y" type="float">-1.08505</tip_y>
                              <tip_z sid="tip_z" type="float">0</tip_z>
                            </technique>
                          </extra>
                        </node>
                        <extra>
                          <technique profile="blender">
                            <tip_x sid="tip_x" type="float">0</tip_x>
                            <tip_y sid="tip_y" type="float">-1.127777</tip_y>
                            <tip_z sid="tip_z" type="float">0</tip_z>
                          </technique>
                        </extra>
                      </node>
                      <extra>
                        <technique profile="blender">
                          <tip_x sid="tip_x" type="float">0</tip_x>
                          <tip_y sid="tip_y" type="float">-0.2767148</tip_y>
                          <tip_z sid="tip_z" type="float">0</tip_z>
                        </technique>
                      </extra>
                    </node>
                    <extra>
                      <technique profile="blender">
                        <tip_x sid="tip_x" type="float">-1.578165</tip_x>
                        <tip_y sid="tip_y" type="float">0</tip_y>
                        <tip_z sid="tip_z" type="float">0</tip_z>
                      </technique>
                    </extra>
                  </node>
                  <extra>
                    <technique profile="blender">
                      <tip_x sid="tip_x" type="float">-1.791304</tip_x>
                      <tip_y sid="tip_y" type="float">0</tip_y>
                      <tip_z sid="tip_z" type="float">0</tip_z>
                    </technique>
                  </extra>
                </node>
                <extra>
                  <technique profile="blender">
                    <tip_x sid="tip_x" type="float">-2.014322</tip_x>
                    <tip_y sid="tip_y" type="float">0</tip_y>
                    <tip_z sid="tip_z" type="float">0</tip_z>
                  </technique>
                </extra>
              </node>
              <extra>
                <technique profile="blender">
                  <tip_x sid="tip_x" type="float">-2.472666</tip_x>
                  <tip_y sid="tip_y" type="float">0</tip_y>
                  <tip_z sid="tip_z" type="float">0</tip_z>
                </technique>
              </extra>
            </node>
            <extra>
              <technique profile="blender">
                <tip_x sid="tip_x" type="float">-0.00999999</tip_x>
                <tip_y sid="tip_y" type="float">0</tip_y>
                <tip_z sid="tip_z" type="float">0</tip_z>
              </technique>
            </extra>
          </node>
          <extra>
            <technique profile="blender">
              <tip_x sid="tip_x" type="float">0</tip_x>
              <tip_y sid="tip_y" type="float">0.00999999</tip_y>
              <tip_z sid="tip_z" type="float">0</tip_z>
            </technique>
          </extra>
        </node>
        <node id="slingShotMesh" name="slingShotMesh" type="NODE">
          <matrix sid="transform">1 0 0 0 0 1 0 0 0 0 1 0 0 0 0 1</matrix>
          <instance_controller url="#Armature_slingShotMesh-skin">
            <skeleton>#Armature_Slingshot_Visual</skeleton>
            <bind_material>
              <technique_common>
                <instance_material symbol="Sling_01_0-material" target="#Sling_01_0-material">
                  <bind_vertex_input semantic="UV0" input_semantic="TEXCOORD" input_set="0"/>
                </instance_material>
              </technique_common>
            </bind_material>
          </instance_controller>
        </node>
        <node id="slingShotMeshOutline" name="slingShotMeshOutline" type="NODE">
          <matrix sid="transform">1 0 0 0 0 1 0 0 0 0 1 0 0 0 0 1</matrix>
          <instance_controller url="#Armature_slingShotMeshOutline-skin">
            <skeleton>#Armature_Slingshot_Visual</skeleton>
            <bind_material>
              <technique_common>
                <instance_material symbol="Sling_01_0-material" target="#Sling_01_0-material">
                  <bind_vertex_input semantic="UV0" input_semantic="TEXCOORD" input_set="0"/>
                </instance_material>
              </technique_common>
            </bind_material>
          </instance_controller>
        </node>
      </node>
    </visual_scene>
  </library_visual_scenes>
  <scene>
    <instance_visual_scene url="#Scene"/>
  </scene>
</COLLADA>