# Blender 4.4.3
# www.blender.org
mtllib Slingshot.mtl
o slingShotMesh
v -0.972428 0.057307 -0.000001
v -0.620261 0.729031 -0.625326
v -0.875179 0.739233 0.000004
v -0.685321 0.047248 -0.663152
v -0.481516 2.469821 -0.507606
v -0.660389 2.480707 0.000004
v -0.685321 0.047248 -0.663152
v 0.000001 0.719571 -0.884994
v -0.620261 0.729031 -0.625326
v -0.000000 0.036989 -0.937266
v 0.000001 2.463206 -0.731380
v -0.481516 2.469821 -0.507606
v -0.660389 2.480707 0.000004
v -0.436085 3.554512 -0.469126
v -0.554605 3.576533 0.000004
v -0.481516 2.469821 -0.507606
v -0.481516 2.469821 -0.507606
v 0.000001 3.558720 -0.699772
v -0.436085 3.554512 -0.469126
v 0.000001 2.463206 -0.731380
v -0.554605 3.576533 0.000004
v -0.474842 4.069279 -0.487574
v -0.546266 4.173092 0.000004
v -0.436085 3.554512 -0.469126
v -0.436085 3.554512 -0.469126
v 0.000001 3.984669 -0.790598
v -0.474842 4.069279 -0.487574
v 0.000001 3.558720 -0.699772
v -0.425665 5.066675 0.000004
v -0.568221 4.718991 -0.845099
v -0.423114 5.163754 -0.781622
v -0.552059 4.632721 0.000004
v -0.568221 4.718991 -0.845099
v -0.549049 4.294675 0.000004
v -0.472347 4.310922 -0.696340
v -0.552059 4.632721 0.000004
v -0.472347 4.310922 -0.696340
v -0.546266 4.173092 0.000004
v -0.474842 4.069279 -0.487574
v -0.549049 4.294675 0.000004
v 0.000001 5.275821 0.000004
v -0.423114 5.163754 -0.781622
v 0.000001 5.361211 -0.741020
v -0.425665 5.066675 0.000004
v -0.423114 5.163754 -0.781622
v -0.570490 5.029010 -1.640591
v -0.422250 5.409523 -1.482506
v -0.568221 4.718991 -0.845099
v -0.568221 4.718991 -0.845099
v -0.409170 4.641468 -1.763978
v -0.570490 5.029010 -1.640591
v -0.472347 4.310922 -0.696340
v -0.472347 4.310922 -0.696340
v 0.000001 4.483169 -1.817599
v -0.409170 4.641468 -1.763978
v 0.000001 4.089836 -0.875304
v 0.000001 5.361211 -0.741020
v -0.422250 5.409523 -1.482506
v 0.000001 5.583755 -1.409846
v -0.423114 5.163754 -0.781622
v -0.422250 5.409523 -1.482506
v -0.576445 5.568417 -2.212764
v -0.414466 5.885301 -1.943794
v -0.570490 5.029010 -1.640591
v -0.570490 5.029010 -1.640591
v -0.405560 5.253619 -2.461743
v -0.576445 5.568417 -2.212764
v -0.409170 4.641468 -1.763978
v -0.409170 4.641468 -1.763978
v 0.000001 5.127635 -2.560120
v -0.405560 5.253619 -2.461743
v 0.000001 4.483169 -1.817599
v 0.000001 5.583755 -1.409846
v -0.414466 5.885301 -1.943794
v 0.000001 6.017611 -1.825959
v -0.422250 5.409523 -1.482506
v -0.414466 5.885301 -1.943794
v -0.578328 6.308578 -2.638544
v -0.409217 6.536371 -2.289934
v -0.576445 5.568417 -2.212764
v -0.576445 5.568417 -2.212764
v -0.410227 6.080884 -2.977385
v -0.578328 6.308578 -2.638544
v -0.405560 5.253619 -2.461743
v -0.405560 5.253619 -2.461743
v 0.000001 5.993146 -3.117498
v -0.410227 6.080884 -2.977385
v 0.000001 5.127635 -2.560120
v 0.000001 6.017611 -1.825959
v -0.409217 6.536371 -2.289934
v 0.000001 6.630433 -2.142242
v -0.414466 5.885301 -1.943794
v -0.409217 6.536371 -2.289934
v -0.563137 7.234195 -2.845641
v -0.386768 7.383580 -2.485134
v -0.578328 6.308578 -2.638544
v -0.578328 6.308578 -2.638544
v -0.402016 7.090335 -3.240506
v -0.563137 7.234195 -2.845641
v -0.410227 6.080884 -2.977385
v -0.410227 6.080884 -2.977385
v 0.000001 7.037264 -3.391157
v -0.402016 7.090335 -3.240506
v 0.000001 5.993146 -3.117498
v 0.000001 6.630433 -2.142242
v -0.386768 7.383580 -2.485134
v -0.034904 7.435482 -2.332914
v -0.409217 6.536371 -2.289934
v -0.386768 7.383580 -2.485134
v -0.529654 7.710211 -2.843594
v -0.088560 7.822673 -2.553483
v -0.563137 7.234195 -2.845641
v -0.563137 7.234195 -2.845641
v -0.384022 7.698930 -3.284999
v -0.529654 7.710211 -2.843594
v -0.402016 7.090335 -3.240506
v -0.402016 7.090335 -3.240506
v 0.000001 7.698748 -3.435625
v -0.384022 7.698930 -3.284999
v 0.000001 7.037264 -3.391157
v -0.034904 7.435482 -2.332914
v -0.088560 7.822673 -2.553483
v -0.153044 7.814689 -2.410791
v -0.034904 7.435482 -2.332914
v -0.386768 7.383580 -2.485134
v -0.533089 9.055844 -2.833498
v 0.000001 9.158822 -2.868205
v -0.370550 9.064438 -2.441931
v -0.382746 9.048577 -3.226885
v 0.000001 9.044122 -3.390525
v 0.000001 9.158822 -2.868205
v -0.382746 9.048577 -3.226885
v 0.382748 9.048573 -3.226889
v 0.000001 9.158822 -2.868205
v 0.000001 9.064406 -2.271970
v -0.370550 9.064438 -2.441931
v 0.370552 9.064442 -2.441936
v 0.000001 4.089836 -0.875304
v -0.474842 4.069279 -0.487574
v 0.000001 3.984669 -0.790598
v -0.472347 4.310922 -0.696340
v -0.088560 7.822673 -2.553483
v -0.621808 7.776436 -2.872098
v -0.160541 7.832993 -2.555514
v -0.529654 7.710211 -2.843594
v -0.529654 7.710211 -2.843594
v -0.460708 7.783809 -3.350116
v -0.621808 7.776436 -2.872098
v -0.384022 7.698930 -3.284999
v -0.384022 7.698930 -3.284999
v 0.000001 7.780796 -3.531542
v -0.460708 7.783809 -3.350116
v 0.000001 7.698748 -3.435625
v -0.153044 7.814689 -2.410791
v -0.160541 7.832993 -2.555514
v -0.056260 7.801357 -2.302390
v -0.153044 7.814689 -2.410791
v -0.088560 7.822673 -2.553483
v -0.160541 7.832993 -2.555514
v -0.160541 7.832993 -2.555514
v -0.660072 8.475574 -2.871149
v -0.456971 8.473447 -2.424501
v -0.621808 7.776436 -2.872098
v -0.621808 7.776436 -2.872098
v -0.478744 8.472263 -3.371530
v -0.660072 8.475574 -2.871149
v -0.460708 7.783809 -3.350116
v -0.460708 7.783809 -3.350116
v 0.000002 8.464417 -3.567936
v -0.478744 8.472263 -3.371530
v 0.000001 7.780796 -3.531542
v -0.056260 7.801357 -2.302390
v -0.456971 8.473447 -2.424501
v -0.023841 8.491881 -2.228163
v -0.056260 7.801357 -2.302390
v -0.160541 7.832993 -2.555514
v -0.456971 8.473447 -2.424501
v -0.603472 8.551391 -2.889371
v -0.419257 8.551986 -2.458101
v -0.660072 8.475574 -2.871149
v -0.660072 8.475574 -2.871149
v -0.433836 8.548319 -3.324894
v -0.603472 8.551391 -2.889371
v -0.478744 8.472263 -3.371530
v -0.478744 8.472263 -3.371530
v 0.000001 8.542692 -3.504147
v -0.433836 8.548319 -3.324894
v 0.000002 8.464417 -3.567936
v -0.023841 8.491881 -2.228163
v -0.419257 8.551986 -2.458101
v 0.000001 8.555607 -2.273228
v -0.456971 8.473447 -2.424501
v -0.419257 8.551986 -2.458101
v -0.568569 8.951435 -2.862026
v -0.390880 8.967460 -2.450747
v -0.603472 8.551391 -2.889371
v -0.603472 8.551391 -2.889371
v -0.413535 8.934768 -3.281264
v -0.568569 8.951435 -2.862026
v -0.433836 8.548319 -3.324894
v -0.433836 8.548319 -3.324894
v -0.000000 8.928420 -3.455548
v -0.413535 8.934768 -3.281264
v 0.000001 8.542692 -3.504147
v 0.000001 8.555607 -2.273228
v -0.390880 8.967460 -2.450747
v 0.000000 8.971287 -2.273844
v -0.419257 8.551986 -2.458101
v -0.390880 8.967460 -2.450747
v -0.489867 8.991970 -2.881653
v -0.356476 8.997417 -2.510030
v -0.568569 8.951435 -2.862026
v -0.568569 8.951435 -2.862026
v -0.340596 8.984418 -3.225535
v -0.489867 8.991970 -2.881653
v -0.413535 8.934768 -3.281264
v -0.413535 8.934768 -3.281264
v -0.000001 8.979401 -3.364222
v -0.340596 8.984418 -3.225535
v -0.000000 8.928420 -3.455548
v 0.000000 8.971287 -2.273844
v -0.356476 8.997417 -2.510030
v 0.000000 9.003411 -2.343101
v -0.390880 8.967460 -2.450747
v -0.356476 8.997417 -2.510030
v -0.533089 9.055844 -2.833498
v -0.370550 9.064438 -2.441931
v -0.489867 8.991970 -2.881653
v -0.533089 9.055844 -2.833498
v -0.489867 8.991970 -2.881653
v -0.382746 9.048577 -3.226885
v -0.533089 9.055844 -2.833498
v -0.340596 8.984418 -3.225535
v -0.340596 8.984418 -3.225535
v 0.000001 9.044122 -3.390525
v -0.382746 9.048577 -3.226885
v -0.340596 8.984418 -3.225535
v -0.000001 8.979401 -3.364222
v 0.000001 9.044122 -3.390525
v 0.000000 9.003411 -2.343101
v -0.370550 9.064438 -2.441931
v 0.000001 9.064406 -2.271970
v -0.356476 8.997417 -2.510030
v -0.370550 9.064438 -2.441931
v -0.972428 0.057307 -0.000001
v -0.620261 0.729029 0.625333
v -0.685322 0.047250 0.663159
v -0.875179 0.739233 0.000004
v -0.481516 2.469820 0.507613
v -0.660389 2.480707 0.000004
v -0.685322 0.047250 0.663159
v 0.000001 0.719571 0.885002
v 0.000001 0.036993 0.937273
v -0.620261 0.729029 0.625333
v 0.000001 2.463205 0.731388
v -0.481516 2.469820 0.507613
v -0.660389 2.480707 0.000004
v -0.436085 3.554512 0.469133
v -0.481516 2.469820 0.507613
v -0.554605 3.576533 0.000004
v -0.481516 2.469820 0.507613
v 0.000001 3.558720 0.699780
v 0.000001 2.463205 0.731388
v -0.436085 3.554512 0.469133
v -0.554605 3.576533 0.000004
v -0.474842 4.069279 0.487582
v -0.436085 3.554512 0.469133
v -0.546266 4.173092 0.000004
v -0.436085 3.554512 0.469133
v 0.000001 3.984669 0.790605
v 0.000001 3.558720 0.699780
v -0.474842 4.069279 0.487582
v -0.425665 5.066675 0.000004
v -0.568221 4.718991 0.845107
v -0.552059 4.632721 0.000004
v -0.423114 5.163753 0.781629
v -0.568221 4.718991 0.845107
v -0.549049 4.294675 0.000004
v -0.552059 4.632721 0.000004
v -0.472347 4.310922 0.696348
v -0.472347 4.310922 0.696348
v -0.546266 4.173092 0.000004
v -0.549049 4.294675 0.000004
v -0.474842 4.069279 0.487582
v 0.000001 5.275821 0.000004
v -0.423114 5.163753 0.781629
v -0.425665 5.066675 0.000004
v 0.000001 5.361211 0.741027
v -0.423114 5.163753 0.781629
v -0.570490 5.029009 1.640599
v -0.568221 4.718991 0.845107
v -0.422250 5.409523 1.482514
v -0.568221 4.718991 0.845107
v -0.409170 4.641468 1.763983
v -0.472347 4.310922 0.696348
v -0.570490 5.029009 1.640599
v -0.472347 4.310922 0.696348
v 0.000001 4.483169 1.817606
v 0.000001 4.089836 0.875311
v -0.409170 4.641468 1.763983
v 0.000001 5.361211 0.741027
v -0.422250 5.409523 1.482514
v -0.423114 5.163753 0.781629
v 0.000001 5.583755 1.409854
v -0.422250 5.409523 1.482514
v -0.576445 5.568417 2.212775
v -0.570490 5.029009 1.640599
v -0.414466 5.885300 1.943800
v -0.570490 5.029009 1.640599
v -0.405560 5.253620 2.461754
v -0.409170 4.641468 1.763983
v -0.576445 5.568417 2.212775
v -0.409170 4.641468 1.763983
v 0.000001 5.127634 2.560128
v 0.000001 4.483169 1.817606
v -0.405560 5.253620 2.461754
v 0.000001 5.583755 1.409854
v -0.414466 5.885300 1.943800
v -0.422250 5.409523 1.482514
v 0.000001 6.017609 1.825964
v -0.414466 5.885300 1.943800
v -0.578328 6.308577 2.638551
v -0.576445 5.568417 2.212775
v -0.409218 6.536371 2.289942
v -0.576445 5.568417 2.212775
v -0.410227 6.080883 2.977390
v -0.405560 5.253620 2.461754
v -0.578328 6.308577 2.638551
v -0.405560 5.253620 2.461754
v 0.000001 5.993147 3.117507
v 0.000001 5.127634 2.560128
v -0.410227 6.080883 2.977390
v 0.000001 6.017609 1.825964
v -0.409218 6.536371 2.289942
v -0.414466 5.885300 1.943800
v 0.000001 6.630435 2.142248
v -0.409218 6.536371 2.289942
v -0.564008 7.222437 2.861548
v -0.578328 6.308577 2.638551
v -0.390460 7.355654 2.482052
v -0.542119 7.710003 2.907107
v -0.376196 7.724474 2.531626
v -0.578328 6.308577 2.638551
v -0.402015 7.090333 3.240518
v -0.410227 6.080883 2.977390
v -0.564008 7.222437 2.861548
v -0.410227 6.080883 2.977390
v 0.000001 7.037267 3.391162
v 0.000001 5.993147 3.117507
v -0.402015 7.090333 3.240518
v 0.000001 6.630435 2.142248
v -0.390460 7.355654 2.482052
v -0.409218 6.536371 2.289942
v 0.000001 7.411129 2.325323
v -0.564008 7.222437 2.861548
v -0.384020 7.698927 3.285005
v -0.402015 7.090333 3.240518
v -0.542119 7.710003 2.907107
v -0.402015 7.090333 3.240518
v 0.000002 7.698748 3.435628
v 0.000001 7.037267 3.391162
v -0.384020 7.698927 3.285005
v 0.000001 7.411129 2.325323
v -0.376196 7.724474 2.531626
v -0.390460 7.355654 2.482052
v 0.000002 7.727182 2.376476
v 0.000001 8.965516 2.868206
v -0.533093 8.862511 2.833501
v -0.370551 8.871111 2.441937
v -0.382747 8.855262 3.226892
v 0.000001 8.965516 2.868206
v 0.000001 8.850800 3.390531
v -0.382747 8.855262 3.226892
v 0.382748 8.855264 3.226890
v 0.000001 8.871099 2.271981
v 0.000001 8.965516 2.868206
v -0.370551 8.871111 2.441937
v 0.370553 8.871111 2.441941
v 0.000001 4.089836 0.875311
v -0.474842 4.069279 0.487582
v -0.472347 4.310922 0.696348
v 0.000001 3.984669 0.790605
v -0.376196 7.724474 2.531626
v -0.633383 7.790276 2.907842
v -0.542119 7.710003 2.907107
v -0.431742 7.795315 2.475802
v -0.542119 7.710003 2.907107
v -0.460708 7.783804 3.350120
v -0.384020 7.698927 3.285005
v -0.633383 7.790276 2.907842
v -0.384020 7.698927 3.285005
v 0.000001 7.780796 3.531553
v 0.000002 7.698748 3.435628
v -0.460708 7.783804 3.350120
v 0.000002 7.727182 2.376476
v -0.431742 7.795315 2.475802
v -0.376196 7.724474 2.531626
v 0.000001 7.795606 2.297518
v -0.431742 7.795315 2.475802
v -0.658087 8.486735 2.894933
v -0.633383 7.790276 2.907842
v -0.449539 8.496858 2.426183
v -0.633383 7.790276 2.907842
v -0.478747 8.472260 3.371531
v -0.460708 7.783804 3.350120
v -0.658087 8.486735 2.894933
v -0.460708 7.783804 3.350120
v 0.000001 8.464421 3.567943
v 0.000001 7.780796 3.531553
v -0.478747 8.472260 3.371531
v 0.000001 7.795606 2.297518
v -0.449539 8.496858 2.426183
v -0.431742 7.795315 2.475802
v 0.000001 8.501097 2.229634
v -0.449539 8.496858 2.426183
v -0.602660 8.553148 2.892007
v -0.658087 8.486735 2.894933
v -0.422556 8.545249 2.457749
v -0.658087 8.486735 2.894933
v -0.429967 8.555215 3.323277
v -0.478747 8.472260 3.371531
v -0.602660 8.553148 2.892007
v -0.478747 8.472260 3.371531
v 0.000001 8.551056 3.499428
v 0.000001 8.464421 3.567943
v -0.429967 8.555215 3.323277
v 0.000001 8.501097 2.229634
v -0.422556 8.545249 2.457749
v -0.449539 8.496858 2.426183
v 0.000001 8.543926 2.268956
v -0.422556 8.545249 2.457749
v -0.568305 8.758270 2.857926
v -0.602660 8.553148 2.892007
v -0.391869 8.768046 2.444963
v -0.602660 8.553148 2.892007
v -0.411348 8.747468 3.276219
v -0.429967 8.555215 3.323277
v -0.568305 8.758270 2.857926
v -0.429967 8.555215 3.323277
v -0.000001 8.743013 3.448776
v 0.000001 8.551056 3.499428
v -0.411348 8.747468 3.276219
v 0.000001 8.543926 2.268956
v -0.391869 8.768046 2.444963
v -0.422556 8.545249 2.457749
v 0.000000 8.769265 2.267366
v -0.391869 8.768046 2.444963
v -0.489854 8.798651 2.881664
v -0.568305 8.758270 2.857926
v -0.356468 8.804102 2.510037
v -0.568305 8.758270 2.857926
v -0.340595 8.791113 3.225535
v -0.411348 8.747468 3.276219
v -0.489854 8.798651 2.881664
v -0.411348 8.747468 3.276219
v -0.000002 8.786088 3.364217
v -0.000001 8.743013 3.448776
v -0.340595 8.791113 3.225535
v 0.000000 8.769265 2.267366
v -0.356468 8.804102 2.510037
v -0.391869 8.768046 2.444963
v -0.000001 8.810091 2.343099
v -0.356468 8.804102 2.510037
v -0.533093 8.862511 2.833501
v -0.489854 8.798651 2.881664
v -0.370551 8.871111 2.441937
v -0.533093 8.862511 2.833501
v -0.489854 8.798651 2.881664
v -0.382747 8.855262 3.226892
v -0.340595 8.791113 3.225535
v -0.533093 8.862511 2.833501
v -0.340595 8.791113 3.225535
v 0.000001 8.850800 3.390531
v -0.000002 8.786088 3.364217
v -0.340595 8.791113 3.225535
v -0.382747 8.855262 3.226892
v 0.000001 8.850800 3.390531
v -0.000001 8.810091 2.343099
v -0.370551 8.871111 2.441937
v -0.356468 8.804102 2.510037
v 0.000001 8.871099 2.271981
v -0.370551 8.871111 2.441937
v 0.972430 0.057308 0.000005
v 0.620263 0.729031 -0.625326
v 0.685324 0.047254 -0.663152
v 0.875181 0.739232 0.000004
v 0.481518 2.469820 -0.507606
v 0.660391 2.480707 0.000004
v 0.685324 0.047254 -0.663152
v 0.000001 0.719571 -0.884994
v -0.000000 0.036989 -0.937266
v 0.620263 0.729031 -0.625326
v 0.000001 2.463206 -0.731380
v 0.481518 2.469820 -0.507606
v 0.660391 2.480707 0.000004
v 0.436087 3.554512 -0.469126
v 0.481518 2.469820 -0.507606
v 0.554607 3.576533 0.000004
v 0.481518 2.469820 -0.507606
v 0.000001 3.558720 -0.699772
v 0.000001 2.463206 -0.731380
v 0.436087 3.554512 -0.469126
v 0.554607 3.576533 0.000004
v 0.474844 4.069279 -0.487575
v 0.436087 3.554512 -0.469126
v 0.546268 4.173092 0.000004
v 0.436087 3.554512 -0.469126
v 0.000001 3.984669 -0.790598
v 0.000001 3.558720 -0.699772
v 0.474844 4.069279 -0.487575
v 0.425667 5.066675 0.000004
v 0.568222 4.718991 -0.845100
v 0.552061 4.632721 0.000004
v 0.423116 5.163754 -0.781622
v 0.568222 4.718991 -0.845100
v 0.549051 4.294676 0.000004
v 0.552061 4.632721 0.000004
v 0.472349 4.310922 -0.696340
v 0.472349 4.310922 -0.696340
v 0.546268 4.173092 0.000004
v 0.549051 4.294676 0.000004
v 0.472349 4.310922 -0.696340
v 0.474844 4.069279 -0.487575
v 0.546268 4.173092 0.000004
v 0.000001 5.275821 0.000004
v 0.423116 5.163754 -0.781622
v 0.425667 5.066675 0.000004
v 0.000001 5.361211 -0.741020
v 0.423116 5.163754 -0.781622
v 0.570492 5.029010 -1.640592
v 0.568222 4.718991 -0.845100
v 0.422251 5.409523 -1.482507
v 0.568222 4.718991 -0.845100
v 0.409172 4.641468 -1.763978
v 0.472349 4.310922 -0.696340
v 0.570492 5.029010 -1.640592
v 0.472349 4.310922 -0.696340
v 0.000001 4.483169 -1.817599
v 0.000001 4.089836 -0.875304
v 0.409172 4.641468 -1.763978
v 0.000001 5.361211 -0.741020
v 0.422251 5.409523 -1.482507
v 0.423116 5.163754 -0.781622
v 0.000001 5.583755 -1.409846
v 0.422251 5.409523 -1.482507
v 0.576447 5.568417 -2.212764
v 0.570492 5.029010 -1.640592
v 0.414468 5.885300 -1.943794
v 0.570492 5.029010 -1.640592
v 0.405562 5.253620 -2.461746
v 0.409172 4.641468 -1.763978
v 0.576447 5.568417 -2.212764
v 0.409172 4.641468 -1.763978
v 0.000001 5.127635 -2.560120
v 0.000001 4.483169 -1.817599
v 0.405562 5.253620 -2.461746
v 0.000001 5.583755 -1.409846
v 0.414468 5.885300 -1.943794
v 0.422251 5.409523 -1.482507
v 0.000001 6.017611 -1.825959
v 0.414468 5.885300 -1.943794
v 0.578330 6.308578 -2.638544
v 0.576447 5.568417 -2.212764
v 0.409219 6.536372 -2.289934
v 0.576447 5.568417 -2.212764
v 0.410229 6.080884 -2.977381
v 0.405562 5.253620 -2.461746
v 0.578330 6.308578 -2.638544
v 0.405562 5.253620 -2.461746
v 0.000001 5.993146 -3.117498
v 0.000001 5.127635 -2.560120
v 0.410229 6.080884 -2.977381
v 0.000001 6.017611 -1.825959
v 0.409219 6.536372 -2.289934
v 0.414468 5.885300 -1.943794
v 0.000001 6.630433 -2.142242
v 0.409219 6.536372 -2.289934
v 0.564010 7.222437 -2.861542
v 0.578330 6.308578 -2.638544
v 0.390461 7.355655 -2.482042
v 0.542122 7.710004 -2.907103
v 0.376198 7.724473 -2.531617
v 0.578330 6.308578 -2.638544
v 0.402017 7.090334 -3.240506
v 0.410229 6.080884 -2.977381
v 0.564010 7.222437 -2.861542
v 0.410229 6.080884 -2.977381
v 0.000001 7.037264 -3.391157
v 0.000001 5.993146 -3.117498
v 0.402017 7.090334 -3.240506
v 0.000001 6.630433 -2.142242
v 0.390461 7.355655 -2.482042
v 0.409219 6.536372 -2.289934
v -0.034904 7.435482 -2.332914
v 0.564010 7.222437 -2.861542
v 0.384023 7.698929 -3.284999
v 0.402017 7.090334 -3.240506
v 0.542122 7.710004 -2.907103
v 0.402017 7.090334 -3.240506
v 0.000001 7.698748 -3.435625
v 0.000001 7.037264 -3.391157
v 0.384023 7.698929 -3.284999
v -0.034904 7.435482 -2.332914
v 0.376198 7.724473 -2.531617
v 0.390461 7.355655 -2.482042
v -0.153044 7.814689 -2.410791
v 0.000001 9.158822 -2.868205
v 0.533090 9.055845 -2.833497
v 0.370552 9.064442 -2.441936
v 0.382748 9.048573 -3.226889
v 0.000001 4.089836 -0.875304
v 0.474844 4.069279 -0.487575
v 0.472349 4.310922 -0.696340
v 0.000001 3.984669 -0.790598
v 0.376198 7.724473 -2.531617
v 0.633385 7.790277 -2.907838
v 0.542122 7.710004 -2.907103
v 0.431744 7.795315 -2.475795
v 0.542122 7.710004 -2.907103
v 0.460710 7.783809 -3.350116
v 0.384023 7.698929 -3.284999
v 0.633385 7.790277 -2.907838
v 0.384023 7.698929 -3.284999
v 0.000001 7.780796 -3.531542
v 0.000001 7.698748 -3.435625
v 0.460710 7.783809 -3.350116
v -0.153044 7.814689 -2.410791
v 0.431744 7.795315 -2.475795
v 0.376198 7.724473 -2.531617
v -0.056260 7.801357 -2.302390
v 0.431744 7.795315 -2.475795
v 0.431744 7.795315 -2.475795
v 0.658087 8.486742 -2.894932
v 0.633385 7.790277 -2.907838
v 0.449540 8.496860 -2.426175
v 0.633385 7.790277 -2.907838
v 0.478747 8.472266 -3.371524
v 0.460710 7.783809 -3.350116
v 0.658087 8.486742 -2.894932
v 0.460710 7.783809 -3.350116
v 0.000002 8.464417 -3.567936
v 0.000001 7.780796 -3.531542
v 0.478747 8.472266 -3.371524
v -0.056260 7.801357 -2.302390
v 0.449540 8.496860 -2.426175
v 0.431744 7.795315 -2.475795
v -0.056260 7.801357 -2.302390
v -0.023841 8.491881 -2.228163
v 0.449540 8.496860 -2.426175
v 0.603474 8.551392 -2.889371
v 0.658087 8.486742 -2.894932
v 0.419260 8.551986 -2.458106
v 0.658087 8.486742 -2.894932
v 0.433837 8.548316 -3.324895
v 0.478747 8.472266 -3.371524
v 0.603474 8.551392 -2.889371
v 0.478747 8.472266 -3.371524
v 0.000001 8.542692 -3.504147
v 0.000002 8.464417 -3.567936
v 0.433837 8.548316 -3.324895
v -0.023841 8.491881 -2.228163
v 0.419260 8.551986 -2.458106
v 0.449540 8.496860 -2.426175
v 0.000001 8.555607 -2.273228
v 0.419260 8.551986 -2.458106
v 0.568560 8.951452 -2.862025
v 0.603474 8.551392 -2.889371
v 0.390876 8.967468 -2.450748
v 0.603474 8.551392 -2.889371
v 0.413531 8.934779 -3.281263
v 0.433837 8.548316 -3.324895
v 0.568560 8.951452 -2.862025
v 0.433837 8.548316 -3.324895
v -0.000000 8.928420 -3.455548
v 0.000001 8.542692 -3.504147
v 0.413531 8.934779 -3.281263
v 0.000001 8.555607 -2.273228
v 0.390876 8.967468 -2.450748
v 0.419260 8.551986 -2.458106
v 0.000000 8.971287 -2.273844
v 0.390876 8.967468 -2.450748
v 0.489847 8.991981 -2.881653
v 0.568560 8.951452 -2.862025
v 0.356465 8.997429 -2.510037
v 0.568560 8.951452 -2.862025
v 0.340587 8.984427 -3.225531
v 0.413531 8.934779 -3.281263
v 0.489847 8.991981 -2.881653
v 0.413531 8.934779 -3.281263
v -0.000001 8.979401 -3.364222
v -0.000000 8.928420 -3.455548
v 0.340587 8.984427 -3.225531
v 0.000000 8.971287 -2.273844
v 0.356465 8.997429 -2.510037
v 0.390876 8.967468 -2.450748
v 0.000000 9.003411 -2.343101
v 0.356465 8.997429 -2.510037
v 0.533090 9.055845 -2.833497
v 0.489847 8.991981 -2.881653
v 0.370552 9.064442 -2.441936
v 0.533090 9.055845 -2.833497
v 0.489847 8.991981 -2.881653
v 0.382748 9.048573 -3.226889
v 0.340587 8.984427 -3.225531
v 0.533090 9.055845 -2.833497
v 0.340587 8.984427 -3.225531
v 0.000001 9.044122 -3.390525
v -0.000001 8.979401 -3.364222
v 0.340587 8.984427 -3.225531
v 0.382748 9.048573 -3.226889
v 0.000001 9.044122 -3.390525
v 0.000000 9.003411 -2.343101
v 0.370552 9.064442 -2.441936
v 0.356465 8.997429 -2.510037
v 0.000001 9.064406 -2.271970
v 0.370552 9.064442 -2.441936
v 0.972430 0.057308 0.000005
v 0.620263 0.729028 0.625333
v 0.875181 0.739232 0.000004
v 0.685324 0.047251 0.663159
v 0.481518 2.469820 0.507613
v 0.660391 2.480707 0.000004
v 0.685324 0.047251 0.663159
v 0.000001 0.719571 0.885002
v 0.620263 0.729028 0.625333
v 0.000001 0.036993 0.937273
v 0.000001 2.463205 0.731388
v 0.481518 2.469820 0.507613
v 0.660391 2.480707 0.000004
v 0.436087 3.554512 0.469133
v 0.554607 3.576533 0.000004
v 0.481518 2.469820 0.507613
v 0.481518 2.469820 0.507613
v 0.000001 3.558720 0.699780
v 0.436087 3.554512 0.469133
v 0.000001 2.463205 0.731388
v 0.554607 3.576533 0.000004
v 0.474844 4.069279 0.487582
v 0.546268 4.173092 0.000004
v 0.436087 3.554512 0.469133
v 0.436087 3.554512 0.469133
v 0.000001 3.984669 0.790605
v 0.474844 4.069279 0.487582
v 0.000001 3.558720 0.699780
v 0.425667 5.066675 0.000004
v 0.568222 4.718991 0.845107
v 0.423116 5.163754 0.781629
v 0.552061 4.632721 0.000004
v 0.568222 4.718991 0.845107
v 0.549051 4.294676 0.000004
v 0.472349 4.310922 0.696347
v 0.552061 4.632721 0.000004
v 0.472349 4.310922 0.696347
v 0.546268 4.173092 0.000004
v 0.474844 4.069279 0.487582
v 0.549051 4.294676 0.000004
v 0.000001 5.275821 0.000004
v 0.423116 5.163754 0.781629
v 0.000001 5.361211 0.741027
v 0.425667 5.066675 0.000004
v 0.423116 5.163754 0.781629
v 0.570492 5.029009 1.640599
v 0.422251 5.409524 1.482514
v 0.568222 4.718991 0.845107
v 0.568222 4.718991 0.845107
v 0.409172 4.641468 1.763984
v 0.570492 5.029009 1.640599
v 0.472349 4.310922 0.696347
v 0.472349 4.310922 0.696347
v 0.000001 4.483169 1.817606
v 0.409172 4.641468 1.763984
v 0.000001 4.089836 0.875311
v 0.000001 5.361211 0.741027
v 0.422251 5.409524 1.482514
v 0.000001 5.583755 1.409854
v 0.423116 5.163754 0.781629
v 0.422251 5.409524 1.482514
v 0.576447 5.568417 2.212776
v 0.414468 5.885301 1.943801
v 0.570492 5.029009 1.640599
v 0.570492 5.029009 1.640599
v 0.405562 5.253619 2.461751
v 0.576447 5.568417 2.212776
v 0.409172 4.641468 1.763984
v 0.409172 4.641468 1.763984
v 0.000001 5.127634 2.560128
v 0.405562 5.253619 2.461751
v 0.000001 4.483169 1.817606
v 0.000001 5.583755 1.409854
v 0.414468 5.885301 1.943801
v 0.000001 6.017609 1.825964
v 0.422251 5.409524 1.482514
v 0.414468 5.885301 1.943801
v 0.578330 6.308577 2.638550
v 0.409220 6.536371 2.289944
v 0.576447 5.568417 2.212776
v 0.576447 5.568417 2.212776
v 0.410229 6.080883 2.977389
v 0.578330 6.308577 2.638550
v 0.405562 5.253619 2.461751
v 0.405562 5.253619 2.461751
v 0.000001 5.993147 3.117507
v 0.410229 6.080883 2.977389
v 0.000001 5.127634 2.560128
v 0.000001 6.017609 1.825964
v 0.409220 6.536371 2.289944
v 0.000001 6.630435 2.142248
v 0.414468 5.885301 1.943801
v 0.409220 6.536371 2.289944
v 0.564010 7.222439 2.861550
v 0.390462 7.355653 2.482051
v 0.578330 6.308577 2.638550
v 0.542122 7.710006 2.907110
v 0.376200 7.724474 2.531627
v 0.578330 6.308577 2.638550
v 0.402016 7.090333 3.240518
v 0.564010 7.222439 2.861550
v 0.410229 6.080883 2.977389
v 0.410229 6.080883 2.977389
v 0.000001 7.037267 3.391162
v 0.402016 7.090333 3.240518
v 0.000001 5.993147 3.117507
v 0.000001 6.630435 2.142248
v 0.390462 7.355653 2.482051
v 0.000001 7.411129 2.325323
v 0.409220 6.536371 2.289944
v 0.564010 7.222439 2.861550
v 0.384024 7.698928 3.285004
v 0.542122 7.710006 2.907110
v 0.402016 7.090333 3.240518
v 0.402016 7.090333 3.240518
v 0.000002 7.698748 3.435628
v 0.384024 7.698928 3.285004
v 0.000001 7.037267 3.391162
v 0.000001 7.411129 2.325323
v 0.376200 7.724474 2.531627
v 0.000002 7.727182 2.376476
v 0.390462 7.355653 2.482051
v 0.533094 8.862514 2.833500
v 0.000001 8.965516 2.868206
v 0.370553 8.871111 2.441941
v 0.382748 8.855264 3.226890
v 0.000001 4.089836 0.875311
v 0.474844 4.069279 0.487582
v 0.000001 3.984669 0.790605
v 0.472349 4.310922 0.696347
v 0.376200 7.724474 2.531627
v 0.633385 7.790278 2.907844
v 0.431745 7.795319 2.475802
v 0.542122 7.710006 2.907110
v 0.542122 7.710006 2.907110
v 0.460711 7.783809 3.350121
v 0.633385 7.790278 2.907844
v 0.384024 7.698928 3.285004
v 0.384024 7.698928 3.285004
v 0.000001 7.780796 3.531553
v 0.460711 7.783809 3.350121
v 0.000002 7.698748 3.435628
v 0.000002 7.727182 2.376476
v 0.431745 7.795319 2.475802
v 0.000001 7.795606 2.297518
v 0.376200 7.724474 2.531627
v 0.431745 7.795319 2.475802
v 0.658088 8.486737 2.894937
v 0.449540 8.496861 2.426182
v 0.633385 7.790278 2.907844
v 0.633385 7.790278 2.907844
v 0.478749 8.472257 3.371533
v 0.658088 8.486737 2.894937
v 0.460711 7.783809 3.350121
v 0.460711 7.783809 3.350121
v 0.000001 8.464421 3.567943
v 0.478749 8.472257 3.371533
v 0.000001 7.780796 3.531553
v 0.000001 7.795606 2.297518
v 0.449540 8.496861 2.426182
v 0.000001 8.501097 2.229634
v 0.431745 7.795319 2.475802
v 0.449540 8.496861 2.426182
v 0.602660 8.553148 2.892006
v 0.422557 8.545254 2.457752
v 0.658088 8.486737 2.894937
v 0.658088 8.486737 2.894937
v 0.429970 8.555216 3.323280
v 0.602660 8.553148 2.892006
v 0.478749 8.472257 3.371533
v 0.478749 8.472257 3.371533
v 0.000001 8.551056 3.499428
v 0.429970 8.555216 3.323280
v 0.000001 8.464421 3.567943
v 0.000001 8.501097 2.229634
v 0.422557 8.545254 2.457752
v 0.000001 8.543926 2.268956
v 0.449540 8.496861 2.426182
v 0.422557 8.545254 2.457752
v 0.568301 8.758282 2.857927
v 0.391868 8.768053 2.444968
v 0.602660 8.553148 2.892006
v 0.602660 8.553148 2.892006
v 0.411345 8.747478 3.276217
v 0.568301 8.758282 2.857927
v 0.429970 8.555216 3.323280
v 0.429970 8.555216 3.323280
v -0.000001 8.743013 3.448776
v 0.411345 8.747478 3.276217
v 0.000001 8.551056 3.499428
v 0.000001 8.543926 2.268956
v 0.391868 8.768053 2.444968
v 0.000000 8.769265 2.267366
v 0.422557 8.545254 2.457752
v 0.391868 8.768053 2.444968
v 0.489844 8.798660 2.881660
v 0.356462 8.804108 2.510038
v 0.568301 8.758282 2.857927
v 0.568301 8.758282 2.857927
v 0.340586 8.791119 3.225529
v 0.489844 8.798660 2.881660
v 0.411345 8.747478 3.276217
v 0.411345 8.747478 3.276217
v -0.000002 8.786088 3.364217
v 0.340586 8.791119 3.225529
v -0.000001 8.743013 3.448776
v 0.000000 8.769265 2.267366
v 0.356462 8.804108 2.510038
v -0.000001 8.810091 2.343099
v 0.391868 8.768053 2.444968
v 0.356462 8.804108 2.510038
v 0.533094 8.862514 2.833500
v 0.370553 8.871111 2.441941
v 0.489844 8.798660 2.881660
v 0.533094 8.862514 2.833500
v 0.489844 8.798660 2.881660
v 0.382748 8.855264 3.226890
v 0.533094 8.862514 2.833500
v 0.340586 8.791119 3.225529
v 0.340586 8.791119 3.225529
v 0.000001 8.850800 3.390531
v 0.382748 8.855264 3.226890
v 0.340586 8.791119 3.225529
v -0.000002 8.786088 3.364217
v 0.000001 8.850800 3.390531
v -0.000001 8.810091 2.343099
v 0.370553 8.871111 2.441941
v 0.000001 8.871099 2.271981
v 0.356462 8.804108 2.510038
v 0.370553 8.871111 2.441941
v -1.685189 7.908335 -2.262147
v -1.132318 8.414827 -2.349941
v -1.132318 7.908335 -2.378561
v -1.685189 8.414827 -2.242918
v -2.183941 7.908335 -1.924297
v -1.685189 8.414827 -2.242918
v -1.685189 7.908335 -2.262147
v -2.183941 8.414827 -1.914072
v -2.579753 7.908335 -1.398084
v -2.183941 8.414827 -1.914072
v -2.183941 7.908335 -1.924297
v -2.579753 8.414827 -1.394190
v -2.281145 8.414827 -2.015529
v -1.746807 8.414827 -2.361408
v -1.685189 8.414827 -2.242918
v -1.154490 8.414827 -2.473622
v -1.132318 8.414827 -2.349941
v -2.705197 8.414827 -1.468285
v -2.833880 8.414827 -0.734163
v -2.833880 7.908335 -0.735017
v -2.579753 7.908335 -1.398084
v -2.977456 8.414827 -0.773246
v -2.989484 8.695648 -0.695921
v -2.778933 8.695648 -0.660747
v -1.154490 7.908335 -2.503749
v -1.746807 7.908335 -2.381207
v -2.281145 7.908335 -2.025576
v -2.705197 7.908335 -1.471667
v -2.977456 7.908335 -0.773701
v -1.132318 7.908335 -2.378561
v -1.685189 7.908335 -2.262147
v -2.183941 7.908335 -1.924297
v -0.545380 7.908335 -2.378561
v -0.557116 7.908335 -2.503749
v -0.557116 8.414827 -2.464233
v -0.545380 8.414827 -2.341021
v 0.007554 7.908335 -2.387926
v 0.007554 8.414827 -2.334433
v -0.001787 8.414827 -2.463200
v -0.001787 7.908335 -2.511779
v 0.137706 8.016182 -2.403923
v 0.137706 8.306981 -2.366005
v 0.137706 8.306981 -2.494772
v 0.137706 8.016182 -2.527776
v -2.778933 7.627514 -0.661515
v -2.833880 8.414827 -0.734163
v -2.833880 7.908335 -0.735017
v -2.778933 8.695648 -0.660747
v -2.833677 7.509214 -0.396909
v -2.833677 8.813949 -0.396448
v -2.915792 7.544777 -0.000001
v -2.915792 8.778386 -0.000001
v -2.833677 7.509214 0.396908
v -2.833677 8.813949 0.396447
v -2.778933 7.627514 0.661514
v -2.778933 8.695648 0.660746
v -2.833880 7.908335 0.735015
v -2.833880 8.414827 0.734162
v -2.579753 7.908335 1.398083
v -2.833880 8.414827 0.734162
v -2.833880 7.908335 0.735015
v -2.579753 8.414827 1.394189
v -2.183941 7.908335 1.924296
v -2.183941 8.414827 1.914071
v -1.685189 7.908335 2.262146
v -1.685189 8.414827 2.242917
v -1.132318 7.908335 2.378561
v -1.132318 8.414827 2.349940
v -2.977456 8.414827 0.773245
v -2.705197 8.414827 1.468284
v -2.281145 8.414827 2.015527
v -1.746808 8.414827 2.361408
v -1.154490 8.414827 2.473622
v -2.977456 7.908335 0.773700
v -2.705197 7.908335 1.471666
v -2.281145 7.908335 2.025574
v -1.746808 7.908335 2.381206
v -1.154490 7.908335 2.503748
v -0.545380 8.414827 2.341021
v -0.545380 7.908335 2.378561
v -0.557116 8.414827 2.464232
v -0.557116 7.908335 2.503748
v 0.022957 8.414827 2.326409
v 0.022957 7.908335 2.379901
v 0.013616 8.414827 2.455170
v 0.013616 7.908335 2.503748
v 0.153109 8.306981 2.359641
v 0.153109 8.016182 2.413133
v 0.153109 8.306981 2.488402
v 0.153109 8.016182 2.536980
v -3.048132 8.813949 0.417552
v -2.915792 8.778386 -0.000001
v -2.833677 8.813949 0.396447
v -3.136106 8.778386 -0.000001
v -2.989484 8.695648 0.695920
v -2.778933 8.695648 0.660746
v -3.048133 8.813949 -0.417553
v -2.833677 8.813949 -0.396448
v -2.989484 8.695648 -0.695921
v -2.977456 7.908335 -0.773701
v -2.977456 8.414827 -0.773246
v -2.989484 7.627514 -0.696331
v -3.048133 8.813949 -0.417553
v -3.048133 7.509214 -0.417799
v -3.136106 8.778386 -0.000001
v -3.136106 7.544777 -0.000001
v -3.048132 8.813949 0.417552
v -3.048132 7.509214 0.417798
v -2.989484 8.695648 0.695920
v -2.989484 7.627514 0.696330
v -2.977456 8.414827 0.773245
v -2.977456 7.908335 0.773700
v -2.989484 7.627514 -0.696331
v -2.833880 7.908335 -0.735017
v -2.977456 7.908335 -0.773701
v -2.778933 7.627514 -0.661515
v -3.048133 7.509214 -0.417799
v -2.833677 7.509214 -0.396909
v -3.136106 7.544777 -0.000001
v -2.915792 7.544777 -0.000001
v -3.048132 7.509214 0.417798
v -2.833677 7.509214 0.396908
v -2.989484 7.627514 0.696330
v -2.778933 7.627514 0.661514
v -2.977456 7.908335 0.773700
v -2.833880 7.908335 0.735015
v 0.137706 8.306981 -2.494772
v 0.137706 8.016182 -2.403923
v 0.137706 8.306981 -2.366005
v 0.137706 8.016182 -2.527776
v 0.153109 8.306981 2.359641
v 0.153109 8.016182 2.536980
v 0.153109 8.306981 2.488402
v 0.153109 8.016182 2.413133
vn -0.9145 0.1196 -0.3866
vn -0.9145 0.1198 -0.3864
vn -0.9279 0.1063 -0.3573
vn -0.3763 0.0789 -0.9231
vn -0.3762 0.0789 -0.9232
vn -0.3992 0.0870 -0.9127
vn -0.9535 0.0713 -0.2927
vn -0.4434 0.0380 -0.8955
vn -0.9812 -0.0300 -0.1908
vn -0.9812 -0.0300 -0.1909
vn -0.5097 -0.1200 -0.8519
vn -0.5097 -0.1200 -0.8520
vn -0.9555 0.2923 0.0409
vn -0.9889 -0.1407 -0.0482
vn -0.9889 -0.1406 -0.0482
vn -0.9905 -0.0691 -0.1188
vn -0.4337 0.8947 0.1065
vn -0.9454 0.3054 0.1143
vn -0.9454 0.3053 0.1143
vn -0.9413 -0.3087 -0.1369
vn -0.9413 -0.3086 -0.1369
vn -0.4442 -0.8384 -0.3159
vn -0.4174 0.8599 0.2938
vn -0.4175 0.8599 0.2938
vn -0.4174 0.8599 0.2937
vn -0.9319 0.2595 0.2532
vn -0.9320 0.2594 0.2532
vn -0.9320 0.2595 0.2532
vn -0.9184 -0.2940 -0.2649
vn -0.9184 -0.2939 -0.2649
vn -0.3597 -0.7026 -0.6139
vn -0.3860 0.6421 0.6623
vn -0.3860 0.6422 0.6623
vn -0.9249 0.1862 0.3316
vn -0.9180 -0.2070 -0.3383
vn -0.9180 -0.2071 -0.3383
vn -0.3611 -0.5000 -0.7872
vn -0.3819 0.4303 0.8179
vn -0.9151 0.1076 0.3886
vn -0.9239 -0.0798 -0.3742
vn -0.9239 -0.0797 -0.3742
vn -0.3634 -0.2342 -0.9017
vn -0.3634 -0.2343 -0.9017
vn -0.3927 0.2063 0.8962
vn -0.3928 0.2063 0.8962
vn -0.3927 0.2064 0.8962
vn -0.7485 0.3137 0.5842
vn -0.7486 0.3137 0.5842
vn -0.7486 0.3136 0.5842
vn -0.9365 0.0308 -0.3492
vn -0.3608 -0.0601 -0.9307
vn -0.7091 0.2722 0.6504
vn -0.7091 0.2723 0.6504
vn -0.1907 0.9815 -0.0169
vn -0.1907 0.9815 -0.0168
vn -0.0000 0.9767 -0.2145
vn -0.0000 0.9877 0.1564
vn -0.5127 -0.5524 -0.6572
vn -0.5127 -0.5525 -0.6572
vn -0.3932 -0.5488 0.7377
vn -0.3932 -0.5489 0.7377
vn -0.5922 -0.7821 -0.1942
vn -0.5922 -0.7820 -0.1942
vn -0.2527 -0.7294 -0.6357
vn -0.2527 -0.7294 -0.6358
vn -0.4717 0.8714 0.1346
vn -0.4717 0.8714 0.1347
vn -0.7227 -0.2443 0.6465
vn -0.7227 -0.2442 0.6465
vn -0.7227 -0.2442 0.6466
vn -0.9429 -0.0431 -0.3302
vn -0.9429 -0.0432 -0.3302
vn -0.3732 -0.0439 -0.9267
vn -0.3732 -0.0440 -0.9267
vn -0.3733 -0.0439 -0.9267
vn -0.6264 -0.2387 0.7420
vn -0.7511 0.5705 0.3323
vn -0.7510 0.5705 0.3323
vn -0.7690 0.5686 -0.2922
vn -0.7689 0.5686 -0.2922
vn -0.2935 0.6113 -0.7350
vn -0.3491 0.5646 0.7479
vn -0.9178 0.0545 0.3932
vn -0.9179 0.0544 0.3931
vn -0.9178 0.0546 0.3932
vn -0.9179 0.0545 0.3932
vn -0.9296 0.0973 -0.3554
vn -0.9297 0.0974 -0.3553
vn -0.9297 0.0973 -0.3553
vn -0.3808 0.1195 -0.9169
vn -0.3809 0.1195 -0.9169
vn -0.4078 0.0065 0.9131
vn -0.4080 0.0063 0.9130
vn -0.4077 0.0066 0.9131
vn -0.4441 0.8829 0.1522
vn -0.4441 0.8830 0.1522
vn -0.4619 0.8613 -0.2115
vn -0.1899 0.8516 -0.4886
vn -0.1899 0.8516 -0.4885
vn -0.1892 0.9031 0.3855
vn -0.7466 -0.5936 0.3004
vn -0.8365 -0.4367 -0.3311
vn -0.8364 -0.4367 -0.3311
vn -0.3702 -0.3090 -0.8761
vn -0.3702 -0.3090 -0.8760
vn -0.2872 -0.7194 0.6324
vn -0.9145 0.1196 0.3866
vn -0.9145 0.1198 0.3863
vn -0.9279 0.1063 0.3573
vn -0.3762 0.0789 0.9232
vn -0.3763 0.0789 0.9231
vn -0.3992 0.0870 0.9127
vn -0.9535 0.0713 0.2927
vn -0.4434 0.0380 0.8955
vn -0.9812 -0.0300 0.1908
vn -0.9812 -0.0300 0.1909
vn -0.5097 -0.1200 0.8519
vn -0.5097 -0.1200 0.8520
vn -0.9555 0.2923 -0.0409
vn -0.9555 0.2922 -0.0409
vn -0.9889 -0.1406 0.0482
vn -0.9889 -0.1407 0.0482
vn -0.9905 -0.0691 0.1188
vn -0.4337 0.8947 -0.1065
vn -0.9454 0.3053 -0.1143
vn -0.9454 0.3054 -0.1143
vn -0.9413 -0.3086 0.1369
vn -0.9413 -0.3087 0.1369
vn -0.4442 -0.8384 0.3159
vn -0.4174 0.8599 -0.2937
vn -0.4175 0.8599 -0.2938
vn -0.9319 0.2596 -0.2533
vn -0.9320 0.2594 -0.2532
vn -0.9320 0.2595 -0.2532
vn -0.9184 -0.2939 0.2649
vn -0.9184 -0.2940 0.2649
vn -0.3597 -0.7026 0.6139
vn -0.3860 0.6421 -0.6623
vn -0.3861 0.6421 -0.6623
vn -0.9249 0.1862 -0.3316
vn -0.9180 -0.2070 0.3383
vn -0.3611 -0.5000 0.7872
vn -0.3611 -0.4999 0.7872
vn -0.3819 0.4303 -0.8179
vn -0.9191 0.1083 -0.3789
vn -0.9191 0.1083 -0.3788
vn -0.9149 0.0825 -0.3952
vn -0.9208 -0.0854 0.3806
vn -0.3634 -0.2342 0.9017
vn -0.3634 -0.2343 0.9017
vn -0.3823 0.2152 -0.8986
vn -0.9209 0.0015 0.3898
vn -0.9209 0.0014 0.3899
vn -0.3608 -0.0601 0.9307
vn -0.3822 0.1422 -0.9131
vn -0.3823 0.1422 -0.9130
vn -0.1907 0.9815 0.0168
vn -0.1907 0.9815 0.0169
vn -0.0000 0.9767 0.2145
vn -0.0000 0.9877 -0.1564
vn -0.5127 -0.5525 0.6572
vn -0.5127 -0.5524 0.6572
vn -0.6262 -0.7186 -0.3024
vn -0.6316 -0.7376 0.2389
vn -0.2527 -0.7294 0.6357
vn -0.2612 -0.7231 -0.6395
vn -0.9088 -0.0462 -0.4146
vn -0.9088 -0.0461 -0.4147
vn -0.9336 -0.0310 0.3569
vn -0.9336 -0.0311 0.3570
vn -0.9336 -0.0310 0.3570
vn -0.3732 -0.0439 0.9267
vn -0.3897 -0.0815 -0.9173
vn -0.3898 -0.0815 -0.9173
vn -0.7325 0.6041 -0.3138
vn -0.7341 0.6125 0.2930
vn -0.7341 0.6126 0.2930
vn -0.2973 0.5980 0.7443
vn -0.3127 0.6388 -0.7030
vn -0.3127 0.6388 -0.7029
vn -0.9174 0.0972 -0.3859
vn -0.9174 0.0971 -0.3859
vn -0.9138 0.1946 0.3566
vn -0.3690 0.2458 0.8963
vn -0.3690 0.2459 0.8963
vn -0.4103 -0.0011 -0.9120
vn -0.4103 -0.0012 -0.9120
vn -0.4584 0.8735 -0.1641
vn -0.4524 0.8685 0.2027
vn -0.4525 0.8684 0.2027
vn -0.1804 0.8682 0.4623
vn -0.2058 0.8797 -0.4286
vn -0.2058 0.8798 -0.4286
vn -0.7464 -0.5938 -0.3004
vn -0.7465 -0.5938 -0.3004
vn -0.8364 -0.4369 0.3311
vn -0.8364 -0.4368 0.3311
vn -0.3702 -0.3092 0.8760
vn -0.2872 -0.7194 -0.6325
vn -0.2872 -0.7194 -0.6324
vn 0.9145 0.1196 -0.3866
vn 0.9279 0.1063 -0.3573
vn 0.3762 0.0789 -0.9232
vn 0.3763 0.0789 -0.9231
vn 0.3992 0.0870 -0.9127
vn 0.9535 0.0713 -0.2927
vn 0.4434 0.0380 -0.8955
vn 0.9812 -0.0300 -0.1908
vn 0.9812 -0.0301 -0.1909
vn 0.5097 -0.1200 -0.8519
vn 0.5097 -0.1199 -0.8519
vn 0.9555 0.2923 0.0409
vn 0.9889 -0.1406 -0.0482
vn 0.9889 -0.1407 -0.0482
vn 0.9905 -0.0691 -0.1188
vn 0.4337 0.8947 0.1065
vn 0.9454 0.3053 0.1143
vn 0.9454 0.3054 0.1143
vn 0.9413 -0.3086 -0.1369
vn 0.9413 -0.3087 -0.1369
vn 0.4442 -0.8384 -0.3159
vn 0.4175 0.8599 0.2938
vn 0.4174 0.8599 0.2937
vn 0.4174 0.8599 0.2938
vn 0.9319 0.2595 0.2532
vn 0.9320 0.2595 0.2532
vn 0.9319 0.2595 0.2533
vn 0.9184 -0.2940 -0.2649
vn 0.3597 -0.7026 -0.6139
vn 0.3861 0.6421 0.6623
vn 0.3860 0.6422 0.6623
vn 0.3860 0.6421 0.6623
vn 0.9249 0.1862 0.3316
vn 0.9180 -0.2070 -0.3383
vn 0.9180 -0.2071 -0.3383
vn 0.3611 -0.5000 -0.7872
vn 0.3819 0.4303 0.8179
vn 0.9191 0.1083 0.3789
vn 0.9191 0.1082 0.3788
vn 0.9148 0.0827 0.3953
vn 0.9149 0.0825 0.3952
vn 0.9208 -0.0854 -0.3806
vn 0.3634 -0.2343 -0.9017
vn 0.3634 -0.2342 -0.9017
vn 0.3677 0.2248 0.9023
vn 0.3678 0.2248 0.9023
vn 0.9209 0.0015 -0.3897
vn 0.9209 0.0015 -0.3898
vn 0.9209 0.0014 -0.3898
vn 0.3608 -0.0601 -0.9307
vn 0.3007 0.2116 0.9299
vn 0.3007 0.2117 0.9299
vn 0.1907 0.9815 -0.0169
vn 0.5127 -0.5525 -0.6572
vn 0.5127 -0.5524 -0.6572
vn 0.6262 -0.7186 0.3024
vn 0.6316 -0.7376 -0.2389
vn 0.6316 -0.7375 -0.2389
vn 0.2527 -0.7294 -0.6357
vn 0.2527 -0.7294 -0.6358
vn 0.0050 -0.9452 0.3264
vn 0.0049 -0.9452 0.3264
vn 0.9088 -0.0462 0.4146
vn 0.9336 -0.0310 -0.3569
vn 0.9336 -0.0310 -0.3570
vn 0.3732 -0.0439 -0.9267
vn 0.3586 -0.0955 0.9286
vn 0.3587 -0.0956 0.9286
vn 0.7399 0.5940 0.3158
vn 0.7399 0.5939 0.3158
vn 0.7272 0.6220 -0.2902
vn 0.2935 0.6113 -0.7350
vn 0.2935 0.6113 -0.7349
vn 0.3348 0.5251 0.7824
vn 0.3348 0.5250 0.7825
vn 0.9178 0.0546 0.3932
vn 0.9179 0.0544 0.3931
vn 0.9179 0.0545 0.3932
vn 0.9296 0.0973 -0.3554
vn 0.9297 0.0974 -0.3553
vn 0.3809 0.1195 -0.9169
vn 0.3808 0.1195 -0.9169
vn 0.3809 0.1196 -0.9168
vn 0.4078 0.0065 0.9130
vn 0.4077 0.0067 0.9131
vn 0.4077 0.0066 0.9131
vn 0.4440 0.8830 0.1522
vn 0.4618 0.8614 -0.2115
vn 0.1899 0.8516 -0.4885
vn 0.1899 0.8516 -0.4886
vn 0.1892 0.9031 0.3855
vn 0.7464 -0.5938 0.3003
vn 0.7464 -0.5938 0.3004
vn 0.7465 -0.5938 0.3004
vn 0.8363 -0.4370 -0.3311
vn 0.8363 -0.4369 -0.3311
vn 0.3702 -0.3091 -0.8760
vn 0.3702 -0.3092 -0.8760
vn 0.2872 -0.7194 0.6324
vn 0.2872 -0.7195 0.6324
vn 0.9145 0.1196 0.3866
vn 0.9144 0.1195 0.3867
vn 0.9279 0.1063 0.3573
vn 0.3763 0.0789 0.9231
vn 0.3762 0.0789 0.9232
vn 0.3765 0.0792 0.9230
vn 0.3992 0.0870 0.9127
vn 0.9535 0.0713 0.2927
vn 0.4434 0.0380 0.8955
vn 0.9812 -0.0300 0.1908
vn 0.9812 -0.0300 0.1909
vn 0.5097 -0.1200 0.8519
vn 0.5097 -0.1199 0.8519
vn 0.9555 0.2923 -0.0409
vn 0.9889 -0.1407 0.0482
vn 0.9889 -0.1406 0.0482
vn 0.9905 -0.0691 0.1188
vn 0.4337 0.8947 -0.1065
vn 0.4337 0.8948 -0.1065
vn 0.9454 0.3054 -0.1143
vn 0.9454 0.3053 -0.1143
vn 0.9413 -0.3087 0.1369
vn 0.9413 -0.3086 0.1369
vn 0.4442 -0.8384 0.3159
vn 0.4174 0.8599 -0.2937
vn 0.4175 0.8599 -0.2938
vn 0.9319 0.2595 -0.2532
vn 0.9320 0.2595 -0.2532
vn 0.9184 -0.2939 0.2649
vn 0.9184 -0.2940 0.2649
vn 0.3597 -0.7026 0.6139
vn 0.3860 0.6421 -0.6623
vn 0.9249 0.1862 -0.3316
vn 0.9180 -0.2070 0.3383
vn 0.9180 -0.2071 0.3383
vn 0.3611 -0.5000 0.7872
vn 0.3611 -0.4999 0.7872
vn 0.3819 0.4303 -0.8179
vn 0.9191 0.1083 -0.3789
vn 0.9191 0.1083 -0.3788
vn 0.9149 0.0824 -0.3951
vn 0.9149 0.0825 -0.3952
vn 0.9208 -0.0854 0.3806
vn 0.3634 -0.2342 0.9017
vn 0.3823 0.2152 -0.8986
vn 0.9209 0.0015 0.3897
vn 0.9209 0.0016 0.3897
vn 0.9209 0.0014 0.3899
vn 0.9209 0.0015 0.3898
vn 0.3608 -0.0601 0.9307
vn 0.3822 0.1422 -0.9131
vn 0.3825 0.1418 -0.9130
vn 0.3822 0.1423 -0.9131
vn 0.1907 0.9815 0.0168
vn 0.1907 0.9815 0.0169
vn 0.5127 -0.5524 0.6572
vn 0.5127 -0.5525 0.6572
vn 0.6262 -0.7186 -0.3024
vn 0.6316 -0.7375 0.2389
vn 0.6316 -0.7376 0.2389
vn 0.2526 -0.7294 0.6357
vn 0.2527 -0.7294 0.6357
vn 0.2612 -0.7231 -0.6395
vn 0.9088 -0.0462 -0.4146
vn 0.9336 -0.0310 0.3570
vn 0.9336 -0.0310 0.3569
vn 0.3732 -0.0439 0.9267
vn 0.3732 -0.0440 0.9267
vn 0.3897 -0.0815 -0.9173
vn 0.7325 0.6041 -0.3138
vn 0.7341 0.6126 0.2930
vn 0.2973 0.5980 0.7443
vn 0.2973 0.5980 0.7444
vn 0.3127 0.6388 -0.7029
vn 0.3127 0.6388 -0.7030
vn 0.9174 0.0972 -0.3859
vn 0.9138 0.1947 0.3566
vn 0.9138 0.1946 0.3566
vn 0.3690 0.2458 0.8963
vn 0.3690 0.2459 0.8963
vn 0.4103 -0.0012 -0.9120
vn 0.4103 -0.0011 -0.9120
vn 0.4584 0.8735 -0.1641
vn 0.4524 0.8685 0.2027
vn 0.1804 0.8682 0.4623
vn 0.2058 0.8797 -0.4286
vn 0.2058 0.8798 -0.4286
vn 0.7464 -0.5939 -0.3003
vn 0.7464 -0.5939 -0.3004
vn 0.8363 -0.4370 0.3311
vn 0.3702 -0.3092 0.8760
vn 0.3702 -0.3093 0.8760
vn 0.2872 -0.7194 -0.6324
vn 0.1978 -0.0462 0.9791
vn 0.1979 -0.0463 0.9791
vn 0.5555 -0.0242 0.8312
vn 0.5555 -0.0241 0.8312
vn 0.7974 -0.0084 0.6034
vn 0.6892 0.5029 0.5216
vn 0.7974 -0.0085 0.6034
vn 0.8355 0.3013 0.4595
vn -0.6647 0.2477 -0.7048
vn -0.3729 0.2518 -0.8931
vn -0.0000 1.0000 -0.0000
vn -0.0910 0.2741 -0.9574
vn -0.0069 0.4184 0.9082
vn -0.8458 0.2494 -0.4717
vn 0.9625 0.2709 -0.0146
vn 0.9618 -0.2735 -0.0138
vn 0.7939 -0.5260 0.3050
vn -0.8900 0.2189 -0.4000
vn -0.9157 0.1638 -0.3670
vn 0.9868 0.1612 0.0147
vn -0.0926 -0.1699 -0.9811
vn -0.3752 -0.1880 -0.9077
vn -0.6707 -0.2210 -0.7080
vn -0.8469 -0.2424 -0.4734
vn -0.8903 -0.2172 -0.4001
vn -0.0065 -0.5143 0.8576
vn -0.0000 -1.0000 -0.0000
vn -0.0026 -0.3077 0.9515
vn 0.0011 -0.1669 -0.9860
vn 0.0040 0.3078 -0.9514
vn -0.0026 0.1670 0.9860
vn 0.0583 -0.3388 0.9391
vn 0.0597 0.1712 0.9834
vn 0.0229 0.3561 -0.9342
vn 0.0194 -0.1905 -0.9815
vn 0.6544 -0.2548 0.7119
vn 0.6413 0.1117 0.7591
vn 0.4176 0.2586 -0.8710
vn 0.3887 -0.0911 -0.9168
vn 0.9868 -0.1615 0.0145
vn 0.9868 0.1611 0.0147
vn 0.9647 -0.1990 0.1723
vn 0.9648 0.1987 0.1723
vn 0.9824 -0.1869 -0.0000
vn 0.9824 0.1867 -0.0000
vn 0.9647 -0.1989 -0.1723
vn 0.9648 0.1987 -0.1723
vn 0.9868 -0.1615 -0.0145
vn 0.9868 0.1611 -0.0147
vn 0.9618 -0.2735 0.0138
vn 0.9625 0.2709 0.0146
vn 0.8330 -0.3109 -0.4577
vn 0.8361 0.3013 -0.4585
vn 0.6548 -0.3173 -0.6859
vn 0.6654 0.2866 -0.6893
vn 0.3668 -0.3269 -0.8710
vn 0.3813 0.2593 -0.8874
vn 0.0886 -0.3145 -0.9451
vn 0.0904 0.2079 -0.9740
vn -0.8900 0.2189 0.4000
vn -0.8458 0.2494 0.4717
vn -0.6648 0.2478 0.7048
vn -0.3729 0.2518 0.8930
vn -0.0910 0.2741 0.9574
vn -0.8903 -0.2172 0.4001
vn -0.8462 -0.2424 0.4745
vn -0.6693 -0.2210 0.7094
vn -0.3752 -0.1880 0.9077
vn -0.0926 -0.1699 0.9811
vn -0.0095 0.1678 -0.9858
vn -0.0092 -0.3089 -0.9510
vn 0.0075 0.3067 0.9518
vn 0.0078 -0.1655 0.9862
vn 0.0520 0.1666 -0.9847
vn 0.0492 -0.3345 -0.9411
vn 0.0280 0.3588 0.9330
vn 0.0264 -0.1920 0.9810
vn 0.6662 0.0948 -0.7397
vn 0.6938 -0.2670 -0.6689
vn 0.3754 0.2780 0.8842
vn 0.3223 -0.0673 0.9443
vn 0.9648 0.1988 -0.1724
vn -0.9558 0.1933 0.2215
vn -0.9905 0.1376 -0.0000
vn -0.9157 0.1638 0.3670
vn 0.9868 0.1612 -0.0147
vn -0.9558 0.1933 -0.2216
vn 0.9648 0.1988 0.1723
vn -0.8904 -0.2172 -0.4001
vn -0.9158 0.1637 -0.3669
vn -0.9157 -0.1638 -0.3668
vn -0.9558 -0.1934 -0.2215
vn -0.9905 -0.1377 -0.0000
vn -0.9558 0.1933 0.2216
vn -0.9558 -0.1934 0.2215
vn -0.9157 0.1637 0.3669
vn -0.9157 -0.1639 0.3668
vn -0.8900 0.2190 0.4000
vn -0.8904 -0.2171 0.4001
vn -0.8904 -0.2171 -0.4002
vn 0.9618 -0.2736 -0.0138
vn -0.9157 -0.1639 -0.3669
vn 0.9868 -0.1615 0.0144
vn 0.9647 -0.1989 0.1723
vn -0.9558 -0.1934 0.2216
vn 0.9647 -0.1990 -0.1723
vn -0.9157 -0.1639 0.3669
vn -0.8903 -0.2172 0.4002
vn 0.9618 -0.2734 0.0138
vn 0.6412 0.1117 0.7592
vn 0.4177 0.2585 -0.8710
vn 0.3888 -0.0910 -0.9168
vn 0.3755 0.2780 0.8842
vn 0.3223 -0.0672 0.9442
vn 0.6938 -0.2669 -0.6689
vt 0.190815 0.076674
vt 0.266679 0.076747
vt 0.190505 0.015401
vt 0.274895 0.015389
vt 0.263815 0.150449
vt 0.190852 0.145163
vt 0.329239 0.076854
vt 0.341469 0.015389
vt 0.324231 0.182937
vt 0.190886 0.224581
vt 0.270157 0.255971
vt 0.334192 0.258186
vt 0.190913 0.307784
vt 0.282613 0.330413
vt 0.360433 0.326748
vt 0.381711 0.483706
vt 0.386973 0.433295
vt 0.190920 0.467269
vt 0.190922 0.416016
vt 0.338733 0.380675
vt 0.190918 0.364758
vt 0.369145 0.518912
vt 0.190917 0.508734
vt 0.553464 0.528122
vt 0.568892 0.486890
vt 0.579070 0.443761
vt 0.604041 0.407107
vt 0.399827 0.351536
vt 0.536106 0.567436
vt 0.670333 0.614124
vt 0.695516 0.578854
vt 0.729541 0.542336
vt 0.760213 0.506089
vt 0.638718 0.646752
vt 0.755005 0.730514
vt 0.798670 0.701935
vt 0.841886 0.674937
vt 0.889634 0.658417
vt 0.713754 0.753500
vt 0.802083 0.874906
vt 0.851347 0.856572
vt 0.900020 0.839397
vt 0.958820 0.825195
vt 0.754191 0.890280
vt 0.810452 0.959747
vt 0.863461 0.959745
vt 0.916458 0.959749
vt 0.985784 0.959751
vt 0.759780 0.959822
vt 0.235661 0.668117
vt 0.309892 0.620246
vt 0.306878 0.690532
vt 0.378183 0.671660
vt 0.407800 0.620208
vt 0.378183 0.568660
vt 0.206148 0.620207
vt 0.235661 0.572203
vt 0.958951 0.291802
vt 0.959202 0.354803
vt 0.986748 0.291907
vt 0.986774 0.354732
vt 0.959395 0.417740
vt 0.986729 0.417900
vt 0.959474 0.489136
vt 0.986713 0.489171
vt 0.958842 0.237564
vt 0.986735 0.237621
vt 0.830297 0.291718
vt 0.830195 0.354001
vt 0.830099 0.417702
vt 0.830060 0.489124
vt 0.830341 0.237524
vt 0.804240 0.291766
vt 0.804424 0.353695
vt 0.804596 0.417805
vt 0.804667 0.489146
vt 0.804163 0.237551
vt 0.490726 0.298088
vt 0.578500 0.297554
vt 0.491311 0.247844
vt 0.578962 0.247088
vt 0.659054 0.297045
vt 0.659892 0.246379
vt 0.745151 0.296836
vt 0.745132 0.246088
vt 0.405313 0.298313
vt 0.406136 0.248164
vt 0.491207 0.325395
vt 0.578501 0.325330
vt 0.658187 0.325268
vt 0.745180 0.325243
vt 0.406229 0.325422
vt 0.216494 0.675743
vt 0.304917 0.706317
vt 0.394805 0.684250
vt 0.432054 0.620160
vt 0.185779 0.620160
vt 0.190445 0.015377
vt 0.263815 0.182505
vt 0.190852 0.182348
vt 0.190886 0.256637
vt 0.190913 0.342405
vt 0.700738 0.577572
vt 0.190802 0.015389
vt 0.190815 0.051029
vt 0.190852 0.150292
vt 0.270157 0.275205
vt 0.190886 0.280999
vt 0.190918 0.326290
vt 0.306878 0.549788
vt 0.304917 0.534003
vt 0.216494 0.564577
vt 0.394805 0.556070
vt 0.190815 0.095907
vt 0.190852 0.201582
vt 0.190918 0.376298
vt 0.963401 0.352399
vt 0.835635 0.352399
vt 0.835635 0.352399
vt 0.963401 0.352399
vt 0.835636 0.352399
vt 0.983379 0.325826
vt 0.949397 0.325826
vt 0.956611 0.325826
vt 0.989483 0.325826
vt 0.956611 0.325826
vt 0.989483 0.325826
vt 0.983379 0.325826
vt 0.983379 0.352399
vt 0.835679 0.344678
vt 0.962446 0.344678
vt 0.835679 0.344678
vt 0.962445 0.344678
s 1
usemtl slingShotMesh
f 3/1/1 2/2/1 1/3/2
f 2/2/1 4/4/1 1/3/2
f 5/5/3 2/2/1 3/1/1
f 6/6/3 5/5/3 3/1/1
f 9/2/4 8/7/4 7/4/4
f 8/7/4 10/8/5 7/4/4
f 11/9/6 8/7/4 9/2/4
f 12/5/6 11/9/6 9/2/4
f 15/10/7 14/11/7 13/6/7
f 14/11/7 16/5/7 13/6/7
f 19/11/8 18/12/8 17/5/8
f 18/12/8 20/9/8 17/5/8
f 23/13/9 22/14/10 21/10/9
f 22/14/10 24/11/10 21/10/9
f 27/14/11 26/15/11 25/11/12
f 26/15/11 28/12/11 25/11/12
f 31/16/13 30/17/13 29/18/13
f 30/17/13 32/19/13 29/18/13
f 35/20/14 34/21/15 33/17/14
f 34/21/15 36/19/15 33/17/14
f 39/14/16 38/13/16 37/20/16
f 38/13/16 40/21/16 37/20/16
f 43/22/17 42/16/17 41/23/17
f 42/16/17 44/18/17 41/23/17
f 47/24/18 46/25/19 45/16/19
f 46/25/19 48/17/19 45/16/19
f 51/25/20 50/26/20 49/17/20
f 50/26/20 52/20/21 49/17/20
f 55/26/22 54/27/22 53/20/22
f 54/27/22 56/28/22 53/20/22
f 59/29/23 58/24/24 57/22/25
f 58/24/24 60/16/25 57/22/25
f 63/30/26 62/31/27 61/24/28
f 62/31/27 64/25/28 61/24/28
f 67/31/29 66/32/29 65/25/30
f 66/32/29 68/26/29 65/25/30
f 71/32/31 70/33/31 69/26/31
f 70/33/31 72/27/31 69/26/31
f 75/34/32 74/30/32 73/29/33
f 74/30/32 76/24/32 73/29/33
f 79/35/34 78/36/34 77/30/34
f 78/36/34 80/31/34 77/30/34
f 83/36/35 82/37/35 81/31/36
f 82/37/35 84/32/36 81/31/36
f 87/37/37 86/38/37 85/32/37
f 86/38/37 88/33/37 85/32/37
f 91/39/38 90/35/38 89/34/38
f 90/35/38 92/30/38 89/34/38
f 95/40/39 94/41/39 93/35/39
f 94/41/39 96/36/39 93/35/39
f 99/41/40 98/42/40 97/36/41
f 98/42/40 100/37/41 97/36/41
f 103/42/42 102/43/42 101/37/42
f 102/43/42 104/38/43 101/37/42
f 107/44/44 106/40/45 105/39/46
f 106/40/45 108/35/46 105/39/46
f 111/45/47 110/46/48 109/40/49
f 110/46/48 112/41/49 109/40/49
f 115/46/50 114/47/50 113/41/50
f 114/47/50 116/42/50 113/41/50
f 119/47/51 118/48/51 117/42/51
f 118/48/51 120/43/51 117/42/51
f 123/49/52 122/45/53 121/44/53
f 122/45/53 125/40/53 124/44/53
f 128/50/54 127/51/54 126/52/55
f 127/51/54 129/53/54 126/52/55
f 132/53/56 131/51/56 130/54/56
f 131/51/56 133/55/56 130/54/56
f 136/50/57 135/56/57 134/51/57
f 135/56/57 137/57/57 134/51/57
f 140/15/58 139/14/58 138/28/58
f 139/14/58 141/20/59 138/28/58
f 144/58/60 143/59/60 142/60/61
f 143/59/60 145/61/60 142/60/61
f 148/59/62 147/62/63 146/61/63
f 147/62/63 149/63/63 146/61/63
f 152/62/64 151/64/64 150/63/65
f 151/64/64 153/65/64 150/63/65
f 156/66/66 155/58/67 154/67/67
f 159/58/67 158/60/67 157/67/66
f 162/68/68 161/69/68 160/58/69
f 161/69/68 163/59/70 160/58/69
f 166/69/71 165/70/71 164/59/72
f 165/70/71 167/62/71 164/59/72
f 170/70/73 169/71/74 168/62/75
f 169/71/74 171/64/73 168/62/75
f 174/72/76 173/68/76 172/66/76
f 173/68/76 176/58/76 175/66/76
f 179/73/77 178/74/77 177/68/77
f 178/74/77 180/69/78 177/68/77
f 183/74/79 182/75/80 181/69/80
f 182/75/80 184/70/80 181/69/80
f 187/75/81 186/76/81 185/70/81
f 186/76/81 188/71/81 185/70/81
f 191/77/82 190/73/82 189/72/82
f 190/73/82 192/68/82 189/72/82
f 195/78/83 194/79/84 193/80/85
f 194/79/84 196/81/86 193/80/85
f 199/79/87 198/82/88 197/81/89
f 198/82/88 200/83/87 197/81/89
f 203/82/90 202/84/90 201/83/90
f 202/84/90 204/85/91 201/83/90
f 207/86/92 206/78/93 205/87/94
f 206/78/93 208/80/92 205/87/94
f 211/88/95 210/89/96 209/78/96
f 210/89/96 212/79/95 209/78/96
f 215/89/97 214/90/97 213/79/97
f 214/90/97 216/82/97 213/79/97
f 219/90/98 218/91/98 217/82/99
f 218/91/98 220/84/99 217/82/99
f 223/92/100 222/88/100 221/86/100
f 222/88/100 224/78/100 221/86/100
f 227/50/101 226/52/101 225/93/101
f 229/52/101 228/94/101 225/93/101
f 232/52/102 231/53/103 230/94/102
f 231/53/103 233/95/103 230/94/102
f 236/53/104 235/54/104 234/95/104
f 239/54/105 238/96/105 237/95/105
f 242/56/106 241/50/106 240/97/106
f 244/50/106 243/93/106 240/97/106
f 247/4/107 246/2/107 245/98/108
f 246/2/107 248/1/107 245/98/108
f 246/2/107 249/99/109 248/1/107
f 249/99/109 250/100/109 248/1/107
f 253/8/110 252/7/111 251/4/111
f 252/7/111 254/2/111 251/4/111
f 252/7/111 255/9/112 254/2/111
f 255/9/112 256/99/112 254/2/111
f 259/99/113 258/11/113 257/100/113
f 258/11/113 260/101/113 257/100/113
f 263/9/114 262/12/114 261/99/114
f 262/12/114 264/11/114 261/99/114
f 267/11/115 266/14/116 265/101/115
f 266/14/116 268/102/115 265/101/115
f 271/12/117 270/15/117 269/11/118
f 270/15/117 272/14/117 269/11/118
f 275/19/119 274/17/120 273/18/119
f 274/17/120 276/16/119 273/18/119
f 279/19/121 278/21/121 277/17/122
f 278/21/121 280/20/122 277/17/122
f 283/21/123 282/102/123 281/20/123
f 282/102/123 284/14/123 281/20/123
f 287/18/124 286/16/124 285/23/124
f 286/16/124 288/22/124 285/23/124
f 291/17/125 290/25/125 289/16/125
f 290/25/125 292/24/126 289/16/125
f 295/20/127 294/26/128 293/17/128
f 294/26/128 296/25/128 293/17/128
f 299/28/129 298/27/129 297/20/129
f 298/27/129 300/26/129 297/20/129
f 303/16/130 302/24/131 301/22/130
f 302/24/131 304/29/130 301/22/130
f 307/25/132 306/103/133 305/24/134
f 306/103/133 308/30/133 305/24/134
f 311/26/135 310/32/135 309/25/136
f 310/32/135 312/103/136 309/25/136
f 315/27/137 314/33/137 313/26/137
f 314/33/137 316/32/137 313/26/137
f 319/24/138 318/30/139 317/29/138
f 318/30/139 320/34/138 317/29/138
f 323/103/140 322/36/140 321/30/140
f 322/36/140 324/35/140 321/30/140
f 327/32/141 326/37/141 325/103/141
f 326/37/141 328/36/141 325/103/141
f 331/33/142 330/38/143 329/32/142
f 330/38/143 332/37/142 329/32/142
f 335/30/144 334/35/144 333/34/144
f 334/35/144 336/39/144 333/34/144
f 339/36/145 338/41/145 337/35/146
f 338/41/145 340/40/145 337/35/146
f 338/41/145 341/46/147 340/40/145
f 341/46/147 342/45/147 340/40/145
f 345/37/148 344/42/148 343/36/148
f 344/42/148 346/41/148 343/36/148
f 349/38/149 348/43/150 347/37/149
f 348/43/150 350/42/149 347/37/149
f 353/35/151 352/40/151 351/39/151
f 352/40/151 354/44/151 351/39/151
f 357/42/152 356/47/152 355/41/153
f 356/47/152 358/46/152 355/41/153
f 361/43/154 360/48/154 359/42/154
f 360/48/154 362/47/154 359/42/154
f 365/40/155 364/45/156 363/44/156
f 364/45/156 366/49/155 363/44/156
f 369/50/157 368/52/157 367/51/158
f 368/52/157 370/53/158 367/51/158
f 373/53/159 372/54/159 371/51/159
f 372/54/159 374/55/159 371/51/159
f 377/50/160 376/51/160 375/56/160
f 376/51/160 378/57/160 375/56/160
f 381/20/161 380/14/162 379/28/162
f 380/14/162 382/15/162 379/28/162
f 385/61/163 384/59/163 383/60/163
f 384/59/163 386/58/163 383/60/163
f 389/63/164 388/62/164 387/61/164
f 388/62/164 390/59/164 387/61/164
f 393/65/165 392/64/165 391/63/165
f 392/64/165 394/62/165 391/63/165
f 397/60/166 396/58/166 395/67/166
f 396/58/166 398/66/166 395/67/166
f 401/59/167 400/69/168 399/58/167
f 400/69/168 402/68/167 399/58/167
f 405/62/169 404/70/170 403/59/169
f 404/70/170 406/69/171 403/59/169
f 409/64/172 408/71/172 407/62/172
f 408/71/172 410/70/172 407/62/172
f 413/58/173 412/68/173 411/66/174
f 412/68/173 414/72/173 411/66/174
f 417/69/175 416/74/175 415/68/175
f 416/74/175 418/73/175 415/68/175
f 421/70/176 420/75/177 419/69/177
f 420/75/177 422/74/177 419/69/177
f 425/71/178 424/76/178 423/70/178
f 424/76/178 426/75/178 423/70/178
f 429/68/179 428/73/179 427/72/180
f 428/73/179 430/77/180 427/72/180
f 433/81/181 432/79/182 431/80/181
f 432/79/182 434/78/181 431/80/181
f 437/83/183 436/82/183 435/81/183
f 436/82/183 438/79/183 435/81/183
f 441/85/184 440/84/184 439/83/185
f 440/84/184 442/82/184 439/83/185
f 445/80/186 444/78/187 443/87/187
f 444/78/187 446/86/187 443/87/187
f 449/79/188 448/89/188 447/78/188
f 448/89/188 450/88/188 447/78/188
f 453/82/189 452/90/189 451/79/190
f 452/90/189 454/89/190 451/79/190
f 457/84/191 456/91/191 455/82/191
f 456/91/191 458/90/191 455/82/191
f 461/78/192 460/88/193 459/86/192
f 460/88/193 462/92/192 459/86/192
f 465/94/194 464/52/194 463/93/194
f 467/52/195 466/50/195 463/93/195
f 470/95/196 469/53/196 468/94/197
f 469/53/196 471/52/197 468/94/197
f 474/96/198 473/54/198 472/95/198
f 477/54/198 476/53/198 475/95/198
f 480/93/199 479/50/199 478/97/199
f 482/50/200 481/56/200 478/97/200
f 485/4/201 484/2/201 483/104/201
f 484/2/201 486/105/201 483/104/201
f 484/2/201 487/99/202 486/105/201
f 487/99/202 488/106/202 486/105/201
f 491/8/203 490/7/204 489/4/204
f 490/7/204 492/2/204 489/4/204
f 490/7/204 493/9/205 492/2/204
f 493/9/205 494/99/205 492/2/204
f 497/99/206 496/107/206 495/106/206
f 496/107/206 498/108/206 495/106/206
f 501/9/207 500/12/207 499/99/207
f 500/12/207 502/107/207 499/99/207
f 505/107/208 504/14/209 503/108/208
f 504/14/209 506/102/208 503/108/208
f 509/12/210 508/15/210 507/107/211
f 508/15/210 510/14/210 507/107/211
f 513/19/212 512/17/212 511/18/212
f 512/17/212 514/16/212 511/18/212
f 517/19/213 516/109/213 515/17/214
f 516/109/213 518/20/214 515/17/214
f 521/109/215 520/102/215 519/20/215
f 524/102/215 523/14/215 522/20/215
f 527/18/216 526/16/216 525/23/216
f 526/16/216 528/22/216 525/23/216
f 531/17/217 530/25/217 529/16/217
f 530/25/217 532/24/218 529/16/217
f 535/20/219 534/26/220 533/17/219
f 534/26/220 536/25/220 533/17/219
f 539/28/221 538/27/221 537/20/221
f 538/27/221 540/26/221 537/20/221
f 543/16/222 542/24/222 541/22/223
f 542/24/222 544/29/224 541/22/223
f 547/25/225 546/103/225 545/24/226
f 546/103/225 548/30/227 545/24/226
f 551/26/228 550/32/228 549/25/228
f 550/32/228 552/103/228 549/25/228
f 555/27/229 554/33/229 553/26/229
f 554/33/229 556/32/229 553/26/229
f 559/24/230 558/30/230 557/29/231
f 558/30/230 560/34/232 557/29/231
f 563/103/233 562/36/233 561/30/233
f 562/36/233 564/35/233 561/30/233
f 567/32/234 566/37/235 565/103/234
f 566/37/235 568/36/234 565/103/234
f 571/33/236 570/38/236 569/32/236
f 570/38/236 572/37/236 569/32/236
f 575/30/237 574/35/237 573/34/237
f 574/35/237 576/39/237 573/34/237
f 579/36/238 578/41/238 577/35/239
f 578/41/238 580/40/238 577/35/239
f 578/41/238 581/46/240 580/40/238
f 581/46/240 582/45/241 580/40/238
f 585/37/242 584/42/242 583/36/242
f 584/42/242 586/41/242 583/36/242
f 589/38/243 588/43/243 587/37/244
f 588/43/243 590/42/244 587/37/244
f 593/35/245 592/40/245 591/39/245
f 592/40/245 594/44/246 591/39/245
f 597/42/247 596/47/248 595/41/249
f 596/47/248 598/46/247 595/41/249
f 601/43/250 600/48/250 599/42/250
f 600/48/250 602/47/250 599/42/250
f 605/40/251 604/45/252 603/44/252
f 604/45/252 606/49/252 603/44/252
f 609/57/253 608/110/253 607/51/253
f 608/110/253 610/55/253 607/51/253
f 613/20/254 612/14/255 611/28/255
f 612/14/255 614/15/255 611/28/255
f 617/61/256 616/59/256 615/60/256
f 616/59/256 618/58/256 615/60/256
f 621/63/257 620/62/257 619/61/257
f 620/62/257 622/59/258 619/61/257
f 625/65/259 624/64/259 623/63/260
f 624/64/259 626/62/259 623/63/260
f 629/60/261 628/58/262 627/67/261
f 631/58/261 630/66/262 627/67/261
f 634/59/263 633/69/263 632/58/263
f 633/69/263 635/68/263 632/58/263
f 638/62/264 637/70/264 636/59/264
f 637/70/264 639/69/265 636/59/264
f 642/64/266 641/71/266 640/62/266
f 641/71/266 643/70/266 640/62/266
f 646/58/267 645/68/267 644/66/267
f 645/68/268 648/72/268 647/66/268
f 651/69/269 650/74/269 649/68/269
f 650/74/269 652/73/270 649/68/269
f 655/70/271 654/75/271 653/69/271
f 654/75/271 656/74/271 653/69/271
f 659/71/272 658/76/272 657/70/273
f 658/76/272 660/75/272 657/70/273
f 663/68/274 662/73/274 661/72/275
f 662/73/274 664/77/275 661/72/275
f 667/81/276 666/79/277 665/80/276
f 666/79/277 668/78/278 665/80/276
f 671/83/279 670/82/280 669/81/279
f 670/82/280 672/79/279 669/81/279
f 675/85/281 674/84/282 673/83/283
f 674/84/282 676/82/282 673/83/283
f 679/80/284 678/78/285 677/87/286
f 678/78/285 680/86/284 677/87/286
f 683/79/287 682/89/287 681/78/287
f 682/89/287 684/88/287 681/78/287
f 687/82/288 686/90/288 685/79/288
f 686/90/288 688/89/288 685/79/288
f 691/84/289 690/91/290 689/82/289
f 690/91/290 692/90/290 689/82/289
f 695/78/291 694/88/291 693/86/291
f 694/88/291 696/92/291 693/86/291
f 699/111/292 698/110/293 697/112/293
f 701/110/294 700/57/294 697/112/294
f 704/113/295 703/55/295 702/111/296
f 703/55/295 705/110/296 702/111/296
f 708/96/297 707/54/298 706/113/297
f 711/54/297 710/55/297 709/113/297
f 714/112/299 713/57/300 712/97/300
f 716/57/299 715/56/299 712/97/299
f 719/114/301 718/2/301 717/104/302
f 718/2/301 720/4/301 717/104/302
f 721/99/303 718/2/301 719/114/301
f 722/115/303 721/99/303 719/114/301
f 725/2/304 724/7/305 723/4/306
f 724/7/305 726/8/305 723/4/306
f 727/9/307 724/7/305 725/2/304
f 728/99/307 727/9/307 725/2/304
f 731/108/308 730/11/308 729/115/308
f 730/11/308 732/99/308 729/115/308
f 735/11/309 734/12/309 733/99/309
f 734/12/309 736/9/309 733/99/309
f 739/102/310 738/14/311 737/108/310
f 738/14/311 740/11/311 737/108/310
f 743/14/312 742/15/312 741/11/313
f 742/15/312 744/12/312 741/11/313
f 747/16/314 746/17/314 745/18/314
f 746/17/314 748/19/314 745/18/314
f 751/20/315 750/116/316 749/17/315
f 750/116/316 752/19/316 749/17/315
f 755/14/317 754/102/317 753/20/317
f 754/102/317 756/116/317 753/20/317
f 759/22/318 758/16/319 757/23/318
f 758/16/319 760/18/318 757/23/318
f 763/24/320 762/25/321 761/16/321
f 762/25/321 764/17/321 761/16/321
f 767/25/322 766/26/322 765/17/322
f 766/26/322 768/20/323 765/17/322
f 771/26/324 770/27/324 769/20/324
f 770/27/324 772/28/324 769/20/324
f 775/29/325 774/24/325 773/22/326
f 774/24/325 776/16/326 773/22/326
f 779/30/327 778/103/327 777/24/328
f 778/103/327 780/25/327 777/24/328
f 783/103/329 782/32/329 781/25/330
f 782/32/329 784/26/330 781/25/330
f 787/32/331 786/33/331 785/26/331
f 786/33/331 788/27/331 785/26/331
f 791/34/332 790/30/332 789/29/332
f 790/30/332 792/24/332 789/29/332
f 795/35/333 794/36/333 793/30/333
f 794/36/333 796/103/333 793/30/333
f 799/36/334 798/37/334 797/103/334
f 798/37/334 800/32/335 797/103/334
f 803/37/336 802/38/337 801/32/336
f 802/38/337 804/33/336 801/32/336
f 807/39/338 806/35/338 805/34/338
f 806/35/338 808/30/338 805/34/338
f 811/40/339 810/41/339 809/35/340
f 810/41/339 812/36/339 809/35/340
f 813/46/341 810/41/339 811/40/339
f 814/45/342 813/46/341 811/40/339
f 817/41/343 816/42/343 815/36/343
f 816/42/343 818/37/343 815/36/343
f 821/42/344 820/43/344 819/37/344
f 820/43/344 822/38/344 819/37/344
f 825/44/345 824/40/345 823/39/345
f 824/40/345 826/35/345 823/39/345
f 829/46/346 828/47/347 827/41/348
f 828/47/347 830/42/349 827/41/348
f 833/47/350 832/48/350 831/42/350
f 832/48/350 834/43/350 831/42/350
f 837/49/351 836/45/352 835/44/353
f 836/45/352 838/40/351 835/44/353
f 841/57/354 840/51/355 839/110/354
f 840/51/355 842/55/355 839/110/354
f 845/15/356 844/14/357 843/28/356
f 844/14/357 846/20/356 843/28/356
f 849/58/358 848/59/358 847/60/358
f 848/59/358 850/61/358 847/60/358
f 853/59/359 852/62/360 851/61/360
f 852/62/360 854/63/360 851/61/360
f 857/62/361 856/64/362 855/63/362
f 856/64/362 858/65/362 855/63/362
f 861/66/363 860/58/363 859/67/363
f 860/58/363 862/60/363 859/67/363
f 865/68/364 864/69/364 863/58/364
f 864/69/364 866/59/364 863/58/364
f 869/69/365 868/70/366 867/59/365
f 868/70/366 870/62/366 867/59/365
f 873/70/367 872/71/367 871/62/367
f 872/71/367 874/64/368 871/62/367
f 877/72/369 876/68/369 875/66/369
f 876/68/369 878/58/369 875/66/369
f 881/73/370 880/74/370 879/68/370
f 880/74/370 882/69/370 879/68/370
f 885/74/371 884/75/371 883/69/371
f 884/75/371 886/70/371 883/69/371
f 889/75/372 888/76/373 887/70/372
f 888/76/373 890/71/373 887/70/372
f 893/77/374 892/73/375 891/72/375
f 892/73/375 894/68/375 891/72/375
f 897/78/376 896/79/376 895/80/376
f 896/79/376 898/81/376 895/80/376
f 901/79/377 900/82/378 899/81/378
f 900/82/378 902/83/378 899/81/378
f 905/82/379 904/84/379 903/83/380
f 904/84/379 906/85/379 903/83/380
f 909/86/381 908/78/382 907/87/382
f 908/78/382 910/80/381 907/87/382
f 913/88/383 912/89/383 911/78/383
f 912/89/383 914/79/383 911/78/383
f 917/89/384 916/90/384 915/79/384
f 916/90/384 918/82/384 915/79/384
f 921/90/385 920/91/385 919/82/385
f 920/91/385 922/84/385 919/82/385
f 925/92/386 924/88/386 923/86/386
f 924/88/386 926/78/387 923/86/386
f 929/57/388 928/110/389 927/112/389
f 931/110/388 930/111/388 927/112/388
f 934/110/390 933/55/390 932/111/390
f 933/55/390 935/113/390 932/111/390
f 938/55/391 937/54/391 936/113/391
f 941/54/392 940/96/392 939/113/392
f 944/56/393 943/57/393 942/97/393
f 946/57/393 945/112/393 942/97/393
f 949/117/394 948/118/395 947/117/395
f 948/118/395 950/118/395 947/117/395
f 953/117/396 952/118/397 951/117/396
f 952/118/397 954/118/396 951/117/396
f 957/117/398 956/118/399 955/117/400
f 956/118/399 958/118/401 955/117/400
f 956/118/399 959/119/402 958/118/401
f 960/119/403 959/119/402 956/118/399
f 961/119/404 960/119/403 956/118/399
f 962/119/405 960/119/403 961/119/404
f 963/119/406 962/119/405 961/119/404
f 959/119/402 964/119/407 958/118/401
f 958/118/401 964/119/407 965/118/408
f 958/118/401 965/118/408 966/117/409
f 967/117/410 958/118/401 966/117/409
f 964/119/407 968/119/411 965/118/408
f 965/118/408 968/119/411 969/118/412
f 970/118/413 965/118/408 969/118/412
f 962/119/405 971/120/414 960/119/403
f 971/120/414 972/120/415 960/119/403
f 960/119/403 972/120/415 959/119/402
f 972/120/415 973/120/416 959/119/402
f 959/119/402 973/120/416 964/119/407
f 973/120/416 974/120/417 964/119/407
f 964/119/407 974/120/417 968/119/411
f 974/120/417 975/120/418 968/119/411
f 974/120/417 967/117/410 975/120/418
f 967/117/410 966/117/409 975/120/418
f 971/120/414 976/120/419 972/120/415
f 976/120/419 977/120/420 972/120/415
f 972/120/415 977/120/420 973/120/416
f 977/120/420 978/120/420 973/120/416
f 973/120/416 978/120/420 974/120/417
f 978/120/420 967/117/410 974/120/417
f 976/120/419 979/117/421 963/119/406
f 971/120/414 980/120/422 976/120/419
f 980/120/422 979/117/421 976/120/419
f 981/121/423 980/120/422 971/120/414
f 962/119/405 981/121/423 971/120/414
f 982/118/424 981/121/423 962/119/405
f 979/117/421 982/118/424 963/119/406
f 963/119/406 982/118/424 962/119/405
f 979/117/421 983/117/425 982/118/424
f 983/117/425 984/118/426 982/118/424
f 982/118/424 984/118/426 981/121/423
f 984/118/426 985/121/427 981/121/423
f 981/121/423 985/121/427 980/120/422
f 985/121/427 986/120/428 980/120/422
f 980/120/422 986/120/428 979/117/421
f 986/120/428 983/117/425 979/117/421
f 983/117/425 987/117/429 984/118/426
f 987/117/429 988/118/430 984/118/426
f 984/118/426 988/118/430 985/121/427
f 988/118/430 989/121/431 985/121/427
f 985/121/427 989/121/431 986/120/428
f 989/121/431 990/120/432 986/120/428
f 986/120/428 990/120/432 983/117/425
f 990/120/432 987/117/429 983/117/425
f 993/122/409 992/123/408 991/122/433
f 992/123/408 994/124/434 991/122/433
f 991/122/433 994/124/434 995/125/435
f 994/124/434 996/126/436 995/125/435
f 995/125/435 996/126/436 997/127/437
f 996/126/436 998/126/438 997/127/437
f 997/127/437 998/126/438 999/125/439
f 998/126/438 1000/126/440 999/125/439
f 999/125/439 1000/126/440 1001/122/441
f 1000/126/440 1002/126/442 1001/122/441
f 1001/122/441 1002/126/442 1003/122/443
f 1002/126/442 1004/123/444 1003/122/443
f 1007/117/443 1006/118/444 1005/117/445
f 1006/118/444 1008/118/446 1005/117/445
f 1005/117/445 1008/118/446 1009/117/447
f 1008/118/446 1010/118/448 1009/117/447
f 1009/117/447 1010/118/448 1011/117/449
f 1010/118/448 1012/118/450 1011/117/449
f 1011/117/449 1012/118/450 1013/117/451
f 1012/118/450 1014/118/452 1013/117/451
f 1006/118/444 1015/119/453 1008/118/446
f 1015/119/453 1016/119/454 1008/118/446
f 1008/118/446 1016/119/454 1010/118/448
f 1016/119/454 1017/119/455 1010/118/448
f 1010/118/448 1017/119/455 1012/118/450
f 1017/119/455 1018/119/456 1012/118/450
f 1012/118/450 1018/119/456 1014/118/452
f 1018/119/456 1019/119/457 1014/118/452
f 1015/119/453 1020/120/458 1016/119/454
f 1020/120/458 1021/120/459 1016/119/454
f 1016/119/454 1021/120/459 1017/119/455
f 1020/120/458 1007/117/443 1021/120/459
f 1021/120/459 1022/120/460 1017/119/455
f 1017/119/455 1022/120/460 1018/119/456
f 1022/120/460 1023/120/461 1018/119/456
f 1018/119/456 1023/120/461 1019/119/457
f 1022/120/460 1009/117/447 1023/120/461
f 1009/117/447 1011/117/449 1023/120/461
f 1023/120/461 1024/120/462 1019/119/457
f 1023/120/461 1011/117/449 1024/120/462
f 1011/117/449 1013/117/451 1024/120/462
f 1021/120/459 1005/117/445 1022/120/460
f 1007/117/443 1005/117/445 1021/120/459
f 1005/117/445 1009/117/447 1022/120/460
f 1014/118/452 1025/118/463 1013/117/451
f 1025/118/463 1026/120/464 1013/117/451
f 1019/119/457 1027/121/465 1014/118/452
f 1027/121/465 1025/118/463 1014/118/452
f 1024/120/462 1028/120/466 1019/119/457
f 1028/120/466 1027/121/465 1019/119/457
f 1026/120/464 1028/120/466 1024/120/462
f 1013/117/451 1026/120/464 1024/120/462
f 1025/118/463 1029/118/467 1026/120/464
f 1029/118/467 1030/120/468 1026/120/464
f 1026/120/464 1030/120/468 1028/120/466
f 1027/121/465 1031/121/469 1025/118/463
f 1031/121/469 1029/118/467 1025/118/463
f 1028/120/466 1032/120/470 1027/121/465
f 1032/120/470 1031/121/469 1027/121/465
f 1030/120/468 1032/120/470 1028/120/466
f 1029/118/467 1033/118/471 1030/120/468
f 1033/118/471 1034/120/472 1030/120/468
f 1030/120/468 1034/120/472 1032/120/470
f 1031/121/469 1035/121/473 1029/118/467
f 1035/121/473 1033/118/471 1029/118/467
f 1032/120/470 1036/120/474 1031/121/469
f 1036/120/474 1035/121/473 1031/121/469
f 1034/120/472 1036/120/474 1032/120/470
f 1039/118/475 1038/119/438 1037/118/476
f 1038/119/438 1040/119/477 1037/118/476
f 1039/118/475 1037/118/476 1041/119/478
f 1042/119/479 1039/118/475 1041/119/478
f 1042/119/479 1041/119/478 1006/118/444
f 1041/119/478 1015/119/453 1006/118/444
f 1043/119/480 1040/119/477 1038/119/438
f 1044/119/481 1043/119/480 1038/119/438
f 1044/119/481 970/118/413 1043/119/480
f 970/118/413 969/118/412 1043/119/480
f 1047/123/411 1046/128/482 1045/123/483
f 1046/128/482 1048/128/484 1045/123/483
f 1045/123/483 1048/128/484 1049/123/480
f 1048/128/484 1050/128/485 1049/123/480
f 1049/123/480 1050/128/485 1051/123/477
f 1050/128/485 1052/128/486 1051/123/477
f 1051/123/477 1052/128/486 1053/123/487
f 1052/128/486 1054/128/488 1053/123/487
f 1053/123/487 1054/128/488 1055/123/489
f 1054/128/488 1056/128/490 1055/123/489
f 1055/123/489 1056/128/490 1057/123/491
f 1056/128/490 1058/128/492 1057/123/491
f 1061/129/493 1060/129/494 1059/129/495
f 1060/129/494 1062/129/496 1059/129/495
f 1059/129/495 1062/129/496 1063/129/485
f 1062/129/496 1064/129/497 1063/129/485
f 1063/129/485 1064/129/497 1065/129/486
f 1064/129/497 1066/129/437 1065/129/486
f 1065/129/486 1066/129/437 1067/129/498
f 1066/129/437 1068/129/499 1067/129/498
f 1067/129/498 1068/129/499 1069/129/500
f 1068/129/499 1070/129/441 1069/129/500
f 1069/129/500 1070/129/441 1071/129/501
f 1070/129/441 1072/129/502 1071/129/501
f 1075/130/503 1074/131/429 1073/132/504
f 1074/131/429 1076/133/505 1073/132/504
f 1079/130/506 1078/131/507 1077/130/471
f 1078/131/507 1080/133/508 1077/130/471
o slingShotMeshOutline
v -1.178651 0.084244 -0.000002
v -0.767140 0.751061 -0.770909
v -0.830988 0.069604 -0.809899
v -1.081608 0.764540 0.000004
v -0.635050 2.487013 -0.646836
v -0.867446 2.500222 0.000004
v -0.830988 0.069604 -0.809899
v 0.000001 0.738295 -1.092124
v -0.000000 0.054727 -1.144482
v -0.767140 0.751061 -0.770909
v 0.000001 2.477781 -0.938844
v -0.635050 2.487013 -0.646836
v -0.867446 2.500222 0.000004
v -0.599632 3.552478 -0.597576
v -0.635050 2.487013 -0.646836
v -0.762543 3.580424 0.000004
v -0.635050 2.487013 -0.646836
v 0.000001 3.549267 -0.907529
v 0.000001 2.477781 -0.938844
v -0.599632 3.552478 -0.597576
v -0.762543 3.580424 0.000004
v -0.656868 4.030748 -0.580501
v -0.599632 3.552478 -0.597576
v -0.753943 4.161964 0.000004
v -0.599632 3.552478 -0.597576
v 0.000001 3.897641 -0.979487
v 0.000001 3.549267 -0.907529
v -0.656868 4.030748 -0.580501
v -0.586726 5.198253 0.000004
v -0.776129 4.719177 -0.850375
v -0.759601 4.646137 0.000004
v -0.581811 5.294572 -0.750714
v -0.776129 4.719177 -0.850375
v -0.755836 4.272480 0.000004
v -0.759601 4.646137 0.000004
v -0.648660 4.219398 -0.757900
v -0.648660 4.219398 -0.757900
v -0.753943 4.161964 0.000004
v -0.755836 4.272480 0.000004
v -0.656868 4.030748 -0.580501
v 0.000001 5.483796 0.000004
v -0.581811 5.294572 -0.750714
v -0.586726 5.198253 0.000004
v 0.000001 5.563985 -0.694802
v -0.581811 5.294572 -0.750714
v -0.778063 5.019615 -1.649464
v -0.776129 4.719177 -0.850375
v -0.581418 5.522420 -1.410581
v -0.776129 4.719177 -0.850375
v -0.553932 4.514265 -1.842185
v -0.648660 4.219398 -0.757900
v -0.778063 5.019615 -1.649464
v -0.648660 4.219398 -0.757900
v 0.000001 4.303875 -1.922989
v 0.000001 3.918753 -0.993556
v -0.553932 4.514265 -1.842185
v 0.000001 5.563985 -0.694802
v -0.581418 5.522420 -1.410581
v -0.581811 5.294572 -0.750714
v 0.000001 5.758184 -1.296585
v -0.581418 5.522420 -1.410581
v -0.784146 5.561572 -2.220924
v -0.778063 5.019615 -1.649464
v -0.566739 5.969204 -1.829660
v -0.778063 5.019615 -1.649464
v -0.546378 5.154435 -2.578302
v -0.553932 4.514265 -1.842185
v -0.784146 5.561572 -2.220924
v -0.553932 4.514265 -1.842185
v -0.000001 4.991157 -2.717051
v 0.000001 4.303875 -1.922989
v -0.546378 5.154435 -2.578302
v 0.000001 5.758184 -1.296585
v -0.566739 5.969204 -1.829660
v -0.581418 5.522420 -1.410581
v -0.000004 6.138251 -1.656550
v -0.566739 5.969204 -1.829660
v -0.786154 6.307314 -2.646285
v -0.784146 5.561572 -2.220924
v -0.559960 6.587618 -2.156129
v -0.784146 5.561572 -2.220924
v -0.552016 6.021081 -3.117288
v -0.546378 5.154435 -2.578302
v -0.786154 6.307314 -2.646285
v -0.546378 5.154435 -2.578302
v -0.000012 5.909219 -3.307787
v -0.000001 4.991157 -2.717051
v -0.552016 6.021081 -3.117288
v -0.000004 6.138251 -1.656550
v -0.559960 6.587618 -2.156129
v -0.566739 5.969204 -1.829660
v -0.000422 6.702429 -1.947127
v -0.559960 6.587618 -2.156129
v -0.770119 7.253818 -2.841516
v -0.786154 6.307314 -2.646285
v -0.535580 7.433234 -2.348602
v -0.786154 6.307314 -2.646285
v -0.547009 7.071269 -3.388369
v -0.552016 6.021081 -3.117288
v -0.770119 7.253818 -2.841516
v -0.552016 6.021081 -3.117288
v -0.000050 7.004196 -3.596483
v -0.000012 5.909219 -3.307787
v -0.547009 7.071269 -3.388369
v -0.000422 6.702429 -1.947127
v -0.535580 7.433234 -2.348602
v -0.559960 6.587618 -2.156129
v -0.049636 7.490188 -2.132846
v -0.535580 7.433234 -2.348602
v -0.705149 7.623381 -2.777468
v -0.770119 7.253818 -2.841516
v -0.203803 7.877903 -2.404015
v -0.770119 7.253818 -2.841516
v -0.511209 7.597250 -3.414358
v -0.547009 7.071269 -3.388369
v -0.705149 7.623381 -2.777468
v -0.547009 7.071269 -3.388369
v -0.000021 7.600314 -3.618804
v -0.000050 7.004196 -3.596483
v -0.511209 7.597250 -3.414358
v -0.049636 7.490188 -2.132846
v -0.203803 7.877903 -2.404015
v -0.535580 7.433234 -2.348602
v -0.184762 7.881508 -2.244002
v -0.730223 9.117899 -2.811017
v 0.000002 9.366735 -2.873010
v -0.529609 9.132960 -3.347509
v -0.502738 9.116655 -2.290239
v 0.000004 9.132216 -3.578917
v 0.000002 9.366735 -2.873010
v 0.529622 9.132930 -3.347517
v -0.529609 9.132960 -3.347509
v 0.000002 9.366735 -2.873010
v 0.000002 9.107845 -2.068671
v 0.502744 9.116653 -2.290247
v -0.502738 9.116655 -2.290239
v 0.000001 3.918753 -0.993556
v -0.656868 4.030748 -0.580501
v -0.648660 4.219398 -0.757900
v 0.000001 3.897641 -0.979487
v -0.203803 7.877903 -2.404015
v -0.798868 7.671682 -2.844687
v -0.705149 7.623381 -2.777468
v -0.260436 7.758297 -2.402016
v -0.705149 7.623381 -2.777468
v -0.597518 7.696423 -3.480114
v -0.511209 7.597250 -3.414358
v -0.798868 7.671682 -2.844687
v -0.511209 7.597250 -3.414358
v -0.000011 7.697718 -3.722197
v -0.000021 7.600314 -3.618804
v -0.597518 7.696423 -3.480114
v -0.184762 7.881508 -2.244002
v -0.260436 7.758297 -2.402016
v -0.203803 7.877903 -2.404015
v -0.081516 7.677074 -2.139721
v -0.260436 7.758297 -2.402016
v -0.861034 8.521038 -2.842971
v -0.798868 7.671682 -2.844687
v -0.602430 8.508194 -2.279981
v -0.798868 7.671682 -2.844687
v -0.622908 8.529190 -3.510163
v -0.597518 7.696423 -3.480114
v -0.861034 8.521038 -2.842971
v -0.597518 7.696423 -3.480114
v -0.000053 8.523352 -3.767373
v -0.000011 7.697718 -3.722197
v -0.622908 8.529190 -3.510163
v -0.081516 7.677074 -2.139721
v -0.602430 8.508194 -2.279981
v -0.260436 7.758297 -2.402016
v -0.048671 8.533505 -2.025928
v -0.602430 8.508194 -2.279981
v -0.796764 8.628048 -2.891315
v -0.861034 8.521038 -2.842971
v -0.558975 8.624002 -2.321924
v -0.861034 8.521038 -2.842971
v -0.570178 8.631869 -3.457831
v -0.622908 8.529190 -3.510163
v -0.796764 8.628048 -2.891315
v -0.622908 8.529190 -3.510163
v -0.000045 8.630258 -3.692771
v -0.000053 8.523352 -3.767373
v -0.570178 8.631869 -3.457831
v -0.048671 8.533505 -2.025928
v -0.558975 8.624002 -2.321924
v -0.602430 8.508194 -2.279981
v 0.007011 8.622010 -2.076294
v -0.558975 8.624002 -2.321924
v -0.742361 9.064799 -2.857231
v -0.796764 8.628048 -2.891315
v -0.511756 9.084665 -2.330409
v -0.796764 8.628048 -2.891315
v -0.541374 9.043882 -3.403598
v -0.570178 8.631869 -3.457831
v -0.742361 9.064799 -2.857231
v -0.570178 8.631869 -3.457831
v 0.000004 9.036563 -3.633146
v -0.000045 8.630258 -3.692771
v -0.541374 9.043882 -3.403598
v 0.007011 8.622010 -2.076294
v -0.511756 9.084665 -2.330409
v -0.558975 8.624002 -2.321924
v -0.000054 9.087438 -2.102613
v -0.511756 9.084665 -2.330409
v -0.679064 9.069823 -2.913685
v -0.742361 9.064799 -2.857231
v -0.515304 9.068552 -2.400092
v -0.742361 9.064799 -2.857231
v -0.459612 9.072180 -3.371276
v -0.541374 9.043882 -3.403598
v -0.679064 9.069823 -2.913685
v -0.541374 9.043882 -3.403598
v -0.000005 9.071103 -3.550693
v 0.000004 9.036563 -3.633146
v -0.459612 9.072180 -3.371276
v -0.000054 9.087438 -2.102613
v -0.515304 9.068552 -2.400092
v -0.511756 9.084665 -2.330409
v -0.000003 9.069651 -2.149540
v -0.515304 9.068552 -2.400092
v -0.730223 9.117899 -2.811017
v -0.679064 9.069823 -2.913685
v -0.502738 9.116655 -2.290239
v -0.679064 9.069823 -2.913685
v -0.529609 9.132960 -3.347509
v -0.459612 9.072180 -3.371276
v -0.730223 9.117899 -2.811017
v -0.459612 9.072180 -3.371276
v 0.000004 9.132216 -3.578917
v -0.000005 9.071103 -3.550693
v -0.529609 9.132960 -3.347509
v -0.000003 9.069651 -2.149540
v -0.502738 9.116655 -2.290239
v -0.515304 9.068552 -2.400092
v 0.000002 9.107845 -2.068671
v -1.178651 0.084244 -0.000002
v -0.767141 0.751058 0.770917
v -1.081608 0.764540 0.000004
v -0.830990 0.069606 0.809906
v -0.635050 2.487011 0.646843
v -0.867446 2.500222 0.000004
v -0.830990 0.069606 0.809906
v 0.000001 0.738295 1.092132
v -0.767141 0.751058 0.770917
v 0.000001 0.054732 1.144490
v 0.000001 2.477779 0.938851
v -0.635050 2.487011 0.646843
v -0.867446 2.500222 0.000004
v -0.599632 3.552477 0.597583
v -0.762543 3.580424 0.000004
v -0.635050 2.487011 0.646843
v -0.635050 2.487011 0.646843
v 0.000001 3.549267 0.907537
v -0.599632 3.552477 0.597583
v 0.000001 2.477779 0.938851
v -0.762543 3.580424 0.000004
v -0.656868 4.030748 0.580509
v -0.753943 4.161964 0.000004
v -0.599632 3.552477 0.597583
v -0.599632 3.552477 0.597583
v 0.000001 3.897640 0.979493
v -0.656868 4.030748 0.580509
v 0.000001 3.549267 0.907537
v -0.586726 5.198253 0.000004
v -0.776129 4.719177 0.850382
v -0.581811 5.294571 0.750720
v -0.759601 4.646137 0.000004
v -0.776129 4.719177 0.850382
v -0.755836 4.272480 0.000004
v -0.648659 4.219398 0.757908
v -0.759601 4.646137 0.000004
v -0.648659 4.219398 0.757908
v -0.753943 4.161964 0.000004
v -0.656868 4.030748 0.580509
v -0.755836 4.272480 0.000004
v 0.000001 5.483796 0.000004
v -0.581811 5.294571 0.750720
v 0.000001 5.563986 0.694809
v -0.586726 5.198253 0.000004
v -0.581811 5.294571 0.750720
v -0.778062 5.019615 1.649471
v -0.581418 5.522419 1.410588
v -0.776129 4.719177 0.850382
v -0.776129 4.719177 0.850382
v -0.553932 4.514265 1.842189
v -0.778062 5.019615 1.649471
v -0.648659 4.219398 0.757908
v -0.648659 4.219398 0.757908
v 0.000001 4.303875 1.922997
v -0.553932 4.514265 1.842189
v 0.000001 3.918753 0.993564
v 0.000001 5.563986 0.694809
v -0.581418 5.522419 1.410588
v 0.000001 5.758183 1.296592
v -0.581811 5.294571 0.750720
v -0.581418 5.522419 1.410588
v -0.784146 5.561571 2.220938
v -0.566740 5.969204 1.829667
v -0.778062 5.019615 1.649471
v -0.778062 5.019615 1.649471
v -0.546376 5.154433 2.578314
v -0.784146 5.561571 2.220938
v -0.553932 4.514265 1.842189
v -0.553932 4.514265 1.842189
v 0.000001 4.991156 2.717059
v -0.546376 5.154433 2.578314
v 0.000001 4.303875 1.922997
v 0.000001 5.758183 1.296592
v -0.566740 5.969204 1.829667
v 0.000002 6.138252 1.656557
v -0.581418 5.522419 1.410588
v -0.566740 5.969204 1.829667
v -0.786138 6.307073 2.646683
v -0.559901 6.588293 2.156330
v -0.784146 5.561571 2.220938
v -0.784146 5.561571 2.220938
v -0.551711 6.020827 3.117494
v -0.786138 6.307073 2.646683
v -0.546376 5.154433 2.578314
v -0.546376 5.154433 2.578314
v 0.000002 5.909215 3.307793
v -0.551711 6.020827 3.117494
v 0.000001 4.991156 2.717059
v 0.000002 6.138252 1.656557
v -0.559901 6.588293 2.156330
v 0.000002 6.702386 1.947116
v -0.566740 5.969204 1.829667
v -0.559901 6.588293 2.156330
v -0.771804 7.229706 2.865756
v -0.537647 7.388365 2.338837
v -0.786138 6.307073 2.646683
v -0.729665 7.620192 2.905022
v -0.510809 7.643485 2.395369
v -0.786138 6.307073 2.646683
v -0.545066 7.069215 3.389992
v -0.771804 7.229706 2.865756
v -0.551711 6.020827 3.117494
v -0.551711 6.020827 3.117494
v 0.000001 7.004176 3.596485
v -0.545066 7.069215 3.389992
v 0.000002 5.909215 3.307793
v 0.000002 6.702386 1.947116
v -0.537647 7.388365 2.338837
v 0.000001 7.453708 2.121786
v -0.559901 6.588293 2.156330
v -0.771804 7.229706 2.865756
v -0.510843 7.601793 3.418134
v -0.729665 7.620192 2.905022
v -0.545066 7.069215 3.389992
v -0.545066 7.069215 3.389992
v 0.000002 7.600347 3.618824
v -0.510843 7.601793 3.418134
v 0.000001 7.004176 3.596485
v 0.000001 7.453708 2.121786
v -0.510809 7.643485 2.395369
v 0.000002 7.648926 2.183807
v -0.537647 7.388365 2.338837
v 0.000001 9.173429 2.873011
v -0.730137 8.924902 2.811059
v -0.529811 8.939226 3.347557
v -0.502711 8.924296 2.290512
v 0.000001 9.173429 2.873011
v 0.000003 8.938232 3.579235
v 0.529817 8.939216 3.347558
v -0.529811 8.939226 3.347557
v 0.000002 8.915514 2.068857
v 0.000001 9.173429 2.873011
v 0.502716 8.924292 2.290517
v -0.502711 8.924296 2.290512
v 0.000001 3.918753 0.993564
v -0.656868 4.030748 0.580509
v 0.000001 3.897640 0.979493
v -0.648659 4.219398 0.757908
v -0.510809 7.643485 2.395369
v -0.824099 7.707529 2.902035
v -0.564454 7.710738 2.339831
v -0.729665 7.620192 2.905022
v -0.729665 7.620192 2.905022
v -0.597567 7.700615 3.482791
v -0.824099 7.707529 2.902035
v -0.510843 7.601793 3.418134
v -0.510843 7.601793 3.418134
v 0.000001 7.697693 3.722196
v -0.597567 7.700615 3.482791
v 0.000002 7.600347 3.618824
v 0.000002 7.648926 2.183807
v -0.564454 7.710738 2.339831
v 0.000002 7.708362 2.108727
v -0.510809 7.643485 2.395369
v -0.564454 7.710738 2.339831
v -0.857216 8.546501 2.890385
v -0.588437 8.555502 2.282957
v -0.824099 7.707529 2.902035
v -0.824099 7.707529 2.902035
v -0.620404 8.531470 3.511795
v -0.857216 8.546501 2.890385
v -0.597567 7.700615 3.482791
v -0.597567 7.700615 3.482791
v 0.000001 8.521664 3.767868
v -0.620404 8.531470 3.511795
v 0.000001 7.697693 3.722196
v 0.000002 7.708362 2.108727
v -0.588437 8.555502 2.282957
v 0.000000 8.560200 2.030250
v -0.564454 7.710738 2.339831
v -0.588437 8.555502 2.282957
v -0.790247 8.642909 2.892653
v -0.562767 8.626942 2.327698
v -0.857216 8.546501 2.890385
v -0.857216 8.546501 2.890385
v -0.558750 8.652057 3.454746
v -0.790247 8.642909 2.892653
v -0.620404 8.531470 3.511795
v -0.620404 8.531470 3.511795
v 0.000001 8.648789 3.682994
v -0.558750 8.652057 3.454746
v 0.000001 8.521664 3.767868
v 0.000000 8.560200 2.030250
v -0.562767 8.626942 2.327698
v 0.000002 8.624458 2.077228
v -0.588437 8.555502 2.282957
v -0.562767 8.626942 2.327698
v -0.737032 8.878567 2.849077
v -0.510841 8.883098 2.320520
v -0.790247 8.642909 2.892653
v -0.790247 8.642909 2.892653
v -0.533700 8.871061 3.389843
v -0.737032 8.878567 2.849077
v -0.558750 8.652057 3.454746
v -0.558750 8.652057 3.454746
v -0.000003 8.868057 3.614763
v -0.533700 8.871061 3.389843
v 0.000001 8.648789 3.682994
v 0.000002 8.624458 2.077228
v -0.510841 8.883098 2.320520
v 0.000000 8.879931 2.092306
v -0.562767 8.626942 2.327698
v -0.510841 8.883098 2.320520
v -0.678095 8.878840 2.911695
v -0.513562 8.872549 2.396323
v -0.737032 8.878567 2.849077
v -0.737032 8.878567 2.849077
v -0.457882 8.884046 3.369117
v -0.678095 8.878840 2.911695
v -0.533700 8.871061 3.389843
v -0.533700 8.871061 3.389843
v -0.000006 8.883817 3.547395
v -0.457882 8.884046 3.369117
v -0.000003 8.868057 3.614763
v 0.000000 8.879931 2.092306
v -0.513562 8.872549 2.396323
v -0.000004 8.869225 2.147142
v -0.510841 8.883098 2.320520
v -0.513562 8.872549 2.396323
v -0.730137 8.924902 2.811059
v -0.502711 8.924296 2.290512
v -0.678095 8.878840 2.911695
v -0.678095 8.878840 2.911695
v -0.529811 8.939226 3.347557
v -0.730137 8.924902 2.811059
v -0.457882 8.884046 3.369117
v -0.457882 8.884046 3.369117
v 0.000003 8.938232 3.579235
v -0.529811 8.939226 3.347557
v -0.000006 8.883817 3.547395
v -0.000004 8.869225 2.147142
v -0.502711 8.924296 2.290512
v 0.000002 8.915514 2.068857
v -0.513562 8.872549 2.396323
v 1.178653 0.084246 0.000005
v 0.767143 0.751061 -0.770909
v 1.081610 0.764539 0.000004
v 0.830991 0.069610 -0.809899
v 0.635052 2.487012 -0.646836
v 0.867448 2.500221 0.000004
v 0.830991 0.069610 -0.809899
v 0.000001 0.738295 -1.092124
v 0.767143 0.751061 -0.770909
v -0.000000 0.054727 -1.144482
v 0.000001 2.477781 -0.938844
v 0.635052 2.487012 -0.646836
v 0.867448 2.500221 0.000004
v 0.599634 3.552477 -0.597576
v 0.762545 3.580423 0.000004
v 0.635052 2.487012 -0.646836
v 0.635052 2.487012 -0.646836
v 0.000001 3.549267 -0.907529
v 0.599634 3.552477 -0.597576
v 0.000001 2.477781 -0.938844
v 0.762545 3.580423 0.000004
v 0.656870 4.030748 -0.580502
v 0.753945 4.161964 0.000004
v 0.599634 3.552477 -0.597576
v 0.599634 3.552477 -0.597576
v 0.000001 3.897641 -0.979487
v 0.656870 4.030748 -0.580502
v 0.000001 3.549267 -0.907529
v 0.586728 5.198253 0.000004
v 0.776130 4.719177 -0.850375
v 0.581813 5.294571 -0.750714
v 0.759603 4.646136 0.000004
v 0.776130 4.719177 -0.850375
v 0.755837 4.272480 0.000004
v 0.648662 4.219398 -0.757900
v 0.759603 4.646136 0.000004
v 0.648662 4.219398 -0.757900
v 0.753945 4.161964 0.000004
v 0.656870 4.030748 -0.580502
v 0.755837 4.272480 0.000004
v 0.000001 5.483796 0.000004
v 0.581813 5.294571 -0.750714
v 0.000001 5.563985 -0.694802
v 0.586728 5.198253 0.000004
v 0.581813 5.294571 -0.750714
v 0.778065 5.019615 -1.649465
v 0.581420 5.522419 -1.410581
v 0.776130 4.719177 -0.850375
v 0.776130 4.719177 -0.850375
v 0.553934 4.514265 -1.842184
v 0.778065 5.019615 -1.649465
v 0.648662 4.219398 -0.757900
v 0.648662 4.219398 -0.757900
v 0.000001 4.303875 -1.922989
v 0.553934 4.514265 -1.842184
v 0.000001 3.918753 -0.993556
v 0.000001 5.563985 -0.694802
v 0.581420 5.522419 -1.410581
v 0.000001 5.758184 -1.296585
v 0.581813 5.294571 -0.750714
v 0.581420 5.522419 -1.410581
v 0.784148 5.561574 -2.220926
v 0.566740 5.969206 -1.829661
v 0.778065 5.019615 -1.649465
v 0.778065 5.019615 -1.649465
v 0.546378 5.154433 -2.578306
v 0.784148 5.561574 -2.220926
v 0.553934 4.514265 -1.842184
v 0.553934 4.514265 -1.842184
v -0.000001 4.991157 -2.717051
v 0.546378 5.154433 -2.578306
v 0.000001 4.303875 -1.922989
v 0.000001 5.758184 -1.296585
v 0.566740 5.969206 -1.829661
v -0.000004 6.138251 -1.656550
v 0.581420 5.522419 -1.410581
v 0.566740 5.969206 -1.829661
v 0.786141 6.307090 -2.646661
v 0.559343 6.588903 -2.155931
v 0.784148 5.561574 -2.220926
v 0.784148 5.561574 -2.220926
v 0.551713 6.020828 -3.117485
v 0.786141 6.307090 -2.646661
v 0.546378 5.154433 -2.578306
v 0.546378 5.154433 -2.578306
v -0.000012 5.909219 -3.307787
v 0.551713 6.020828 -3.117485
v -0.000001 4.991157 -2.717051
v -0.000004 6.138251 -1.656550
v 0.559343 6.588903 -2.155931
v -0.000422 6.702429 -1.947127
v 0.566740 5.969206 -1.829661
v 0.559343 6.588903 -2.155931
v 0.771800 7.229894 -2.865630
v 0.534121 7.393620 -2.336586
v 0.786141 6.307090 -2.646661
v 0.729594 7.620029 -2.905110
v 0.504202 7.623437 -2.402796
v 0.786141 6.307090 -2.646661
v 0.545069 7.069216 -3.389979
v 0.771800 7.229894 -2.865630
v 0.551713 6.020828 -3.117485
v 0.551713 6.020828 -3.117485
v -0.000050 7.004196 -3.596483
v 0.545069 7.069216 -3.389979
v -0.000012 5.909219 -3.307787
v -0.000422 6.702429 -1.947127
v 0.534121 7.393620 -2.336586
v -0.049636 7.490188 -2.132846
v 0.559343 6.588903 -2.155931
v 0.771800 7.229894 -2.865630
v 0.510848 7.601797 -3.418129
v 0.729594 7.620029 -2.905110
v 0.545069 7.069216 -3.389979
v 0.545069 7.069216 -3.389979
v -0.000021 7.600314 -3.618804
v 0.510848 7.601797 -3.418129
v -0.000050 7.004196 -3.596483
v -0.049636 7.490188 -2.132846
v 0.504202 7.623437 -2.402796
v -0.184762 7.881508 -2.244002
v 0.534121 7.393620 -2.336586
v 0.000002 9.366735 -2.873010
v 0.730231 9.117878 -2.811016
v 0.529622 9.132930 -3.347517
v 0.502744 9.116653 -2.290247
v 0.000001 3.918753 -0.993556
v 0.656870 4.030748 -0.580502
v 0.000001 3.897641 -0.979487
v 0.648662 4.219398 -0.757900
v 0.504202 7.623437 -2.402796
v 0.824136 7.707607 -2.902087
v 0.558686 7.687249 -2.351812
v 0.729594 7.620029 -2.905110
v 0.729594 7.620029 -2.905110
v 0.597567 7.700632 -3.482796
v 0.824136 7.707607 -2.902087
v 0.510848 7.601797 -3.418129
v 0.510848 7.601797 -3.418129
v -0.000011 7.697718 -3.722197
v 0.597567 7.700632 -3.482796
v -0.000021 7.600314 -3.618804
v -0.184762 7.881508 -2.244002
v 0.558686 7.687249 -2.351812
v -0.081516 7.677074 -2.139721
v 0.504202 7.623437 -2.402796
v 0.558686 7.687249 -2.351812
v 0.857165 8.546728 -2.890917
v 0.587673 8.547149 -2.279112
v 0.824136 7.707607 -2.902087
v 0.824136 7.707607 -2.902087
v 0.619810 8.532977 -3.511751
v 0.857165 8.546728 -2.890917
v 0.597567 7.700632 -3.482796
v 0.597567 7.700632 -3.482796
v -0.000053 8.523352 -3.767373
v 0.619810 8.532977 -3.511751
v -0.000011 7.697718 -3.722197
v -0.081516 7.677074 -2.139721
v 0.587673 8.547149 -2.279112
v -0.048671 8.533505 -2.025928
v 0.558686 7.687249 -2.351812
v 0.587673 8.547149 -2.279112
v 0.794360 8.633839 -2.885957
v 0.558691 8.622736 -2.321000
v 0.857165 8.546728 -2.890917
v 0.857165 8.546728 -2.890917
v 0.567507 8.635944 -3.457937
v 0.794360 8.633839 -2.885957
v 0.619810 8.532977 -3.511751
v 0.619810 8.532977 -3.511751
v -0.000045 8.630258 -3.692771
v 0.567507 8.635944 -3.457937
v -0.000053 8.523352 -3.767373
v -0.048671 8.533505 -2.025928
v 0.558691 8.622736 -2.321000
v 0.007011 8.622010 -2.076294
v 0.587673 8.547149 -2.279112
v 0.558691 8.622736 -2.321000
v 0.742393 9.064768 -2.857285
v 0.511781 9.084726 -2.330508
v 0.794360 8.633839 -2.885957
v 0.794360 8.633839 -2.885957
v 0.541444 9.043829 -3.403582
v 0.742393 9.064768 -2.857285
v 0.567507 8.635944 -3.457937
v 0.567507 8.635944 -3.457937
v 0.000004 9.036563 -3.633146
v 0.541444 9.043829 -3.403582
v -0.000045 8.630258 -3.692771
v 0.007011 8.622010 -2.076294
v 0.511781 9.084726 -2.330508
v -0.000054 9.087438 -2.102613
v 0.558691 8.622736 -2.321000
v 0.511781 9.084726 -2.330508
v 0.679049 9.069819 -2.913687
v 0.515288 9.068559 -2.400091
v 0.742393 9.064768 -2.857285
v 0.742393 9.064768 -2.857285
v 0.459600 9.072177 -3.371280
v 0.679049 9.069819 -2.913687
v 0.541444 9.043829 -3.403582
v 0.541444 9.043829 -3.403582
v -0.000005 9.071103 -3.550693
v 0.459600 9.072177 -3.371280
v 0.000004 9.036563 -3.633146
v -0.000054 9.087438 -2.102613
v 0.515288 9.068559 -2.400091
v -0.000003 9.069651 -2.149540
v 0.511781 9.084726 -2.330508
v 0.515288 9.068559 -2.400091
v 0.730231 9.117878 -2.811016
v 0.502744 9.116653 -2.290247
v 0.679049 9.069819 -2.913687
v 0.679049 9.069819 -2.913687
v 0.529622 9.132930 -3.347517
v 0.730231 9.117878 -2.811016
v 0.459600 9.072177 -3.371280
v 0.459600 9.072177 -3.371280
v 0.000004 9.132216 -3.578917
v 0.529622 9.132930 -3.347517
v -0.000005 9.071103 -3.550693
v -0.000003 9.069651 -2.149540
v 0.502744 9.116653 -2.290247
v 0.000002 9.107845 -2.068671
v 0.515288 9.068559 -2.400091
v 1.178653 0.084246 0.000005
v 0.767142 0.751058 0.770917
v 0.830991 0.069607 0.809907
v 1.081610 0.764539 0.000004
v 0.635052 2.487011 0.646843
v 0.867448 2.500221 0.000004
v 0.830991 0.069607 0.809907
v 0.000001 0.738295 1.092132
v 0.000001 0.054732 1.144490
v 0.767142 0.751058 0.770917
v 0.000001 2.477779 0.938851
v 0.635052 2.487011 0.646843
v 0.867448 2.500221 0.000004
v 0.599634 3.552478 0.597583
v 0.635052 2.487011 0.646843
v 0.762545 3.580423 0.000004
v 0.635052 2.487011 0.646843
v 0.000001 3.549267 0.907537
v 0.000001 2.477779 0.938851
v 0.599634 3.552478 0.597583
v 0.762545 3.580423 0.000004
v 0.656870 4.030748 0.580509
v 0.599634 3.552478 0.597583
v 0.753945 4.161964 0.000004
v 0.599634 3.552478 0.597583
v 0.000001 3.897640 0.979493
v 0.000001 3.549267 0.907537
v 0.656870 4.030748 0.580509
v 0.586728 5.198253 0.000004
v 0.776130 4.719177 0.850382
v 0.759603 4.646136 0.000004
v 0.581813 5.294572 0.750721
v 0.776130 4.719177 0.850382
v 0.755837 4.272480 0.000004
v 0.759603 4.646136 0.000004
v 0.648661 4.219398 0.757907
v 0.648661 4.219398 0.757907
v 0.753945 4.161964 0.000004
v 0.755837 4.272480 0.000004
v 0.656870 4.030748 0.580509
v 0.000001 5.483796 0.000004
v 0.581813 5.294572 0.750721
v 0.586728 5.198253 0.000004
v 0.000001 5.563986 0.694809
v 0.581813 5.294572 0.750721
v 0.778065 5.019614 1.649471
v 0.776130 4.719177 0.850382
v 0.581419 5.522420 1.410588
v 0.776130 4.719177 0.850382
v 0.553934 4.514265 1.842191
v 0.648661 4.219398 0.757907
v 0.778065 5.019614 1.649471
v 0.648661 4.219398 0.757907
v 0.000001 4.303875 1.922997
v 0.000001 3.918753 0.993564
v 0.553934 4.514265 1.842191
v 0.000001 5.563986 0.694809
v 0.581419 5.522420 1.410588
v 0.581813 5.294572 0.750721
v 0.000001 5.758183 1.296592
v 0.581419 5.522420 1.410588
v 0.784148 5.561571 2.220939
v 0.778065 5.019614 1.649471
v 0.566742 5.969205 1.829669
v 0.778065 5.019614 1.649471
v 0.546379 5.154433 2.578311
v 0.553934 4.514265 1.842191
v 0.784148 5.561571 2.220939
v 0.553934 4.514265 1.842191
v 0.000001 4.991156 2.717059
v 0.000001 4.303875 1.922997
v 0.546379 5.154433 2.578311
v 0.000001 5.758183 1.296592
v 0.566742 5.969205 1.829669
v 0.581419 5.522420 1.410588
v 0.000002 6.138252 1.656557
v 0.566742 5.969205 1.829669
v 0.786139 6.307072 2.646682
v 0.784148 5.561571 2.220939
v 0.559903 6.588293 2.156332
v 0.784148 5.561571 2.220939
v 0.551712 6.020826 3.117493
v 0.546379 5.154433 2.578311
v 0.786139 6.307072 2.646682
v 0.546379 5.154433 2.578311
v 0.000002 5.909215 3.307793
v 0.000001 4.991156 2.717059
v 0.551712 6.020826 3.117493
v 0.000002 6.138252 1.656557
v 0.559903 6.588293 2.156332
v 0.566742 5.969205 1.829669
v 0.000002 6.702386 1.947116
v 0.559903 6.588293 2.156332
v 0.771807 7.229707 2.865757
v 0.786139 6.307072 2.646682
v 0.537649 7.388364 2.338835
v 0.729669 7.620195 2.905026
v 0.510814 7.643487 2.395371
v 0.786139 6.307072 2.646682
v 0.545068 7.069215 3.389992
v 0.551712 6.020826 3.117493
v 0.771807 7.229707 2.865757
v 0.551712 6.020826 3.117493
v 0.000001 7.004176 3.596485
v 0.000002 5.909215 3.307793
v 0.545068 7.069215 3.389992
v 0.000002 6.702386 1.947116
v 0.537649 7.388364 2.338835
v 0.559903 6.588293 2.156332
v 0.000001 7.453708 2.121786
v 0.771807 7.229707 2.865757
v 0.510849 7.601795 3.418133
v 0.545068 7.069215 3.389992
v 0.729669 7.620195 2.905026
v 0.545068 7.069215 3.389992
v 0.000002 7.600347 3.618824
v 0.000001 7.004176 3.596485
v 0.510849 7.601795 3.418133
v 0.000001 7.453708 2.121786
v 0.510814 7.643487 2.395371
v 0.537649 7.388364 2.338835
v 0.000002 7.648926 2.183807
v 0.730142 8.924893 2.811057
v 0.000001 9.173429 2.873011
v 0.529817 8.939216 3.347558
v 0.502716 8.924292 2.290517
v 0.000001 3.918753 0.993564
v 0.656870 4.030748 0.580509
v 0.648661 4.219398 0.757907
v 0.000001 3.897640 0.979493
v 0.510814 7.643487 2.395371
v 0.824102 7.707533 2.902037
v 0.729669 7.620195 2.905026
v 0.564457 7.710744 2.339831
v 0.729669 7.620195 2.905026
v 0.597570 7.700622 3.482793
v 0.510849 7.601795 3.418133
v 0.824102 7.707533 2.902037
v 0.510849 7.601795 3.418133
v 0.000001 7.697693 3.722196
v 0.000002 7.600347 3.618824
v 0.597570 7.700622 3.482793
v 0.000002 7.648926 2.183807
v 0.564457 7.710744 2.339831
v 0.510814 7.643487 2.395371
v 0.000002 7.708362 2.108727
v 0.564457 7.710744 2.339831
v 0.857217 8.546505 2.890391
v 0.824102 7.707533 2.902037
v 0.588438 8.555507 2.282956
v 0.824102 7.707533 2.902037
v 0.620405 8.531465 3.511797
v 0.597570 7.700622 3.482793
v 0.857217 8.546505 2.890391
v 0.597570 7.700622 3.482793
v 0.000001 8.521664 3.767868
v 0.000001 7.697693 3.722196
v 0.620405 8.531465 3.511797
v 0.000002 7.708362 2.108727
v 0.588438 8.555507 2.282956
v 0.564457 7.710744 2.339831
v 0.000000 8.560200 2.030250
v 0.588438 8.555507 2.282956
v 0.790246 8.642912 2.892651
v 0.857217 8.546505 2.890391
v 0.562769 8.626948 2.327703
v 0.857217 8.546505 2.890391
v 0.558753 8.652060 3.454748
v 0.620405 8.531465 3.511797
v 0.790246 8.642912 2.892651
v 0.620405 8.531465 3.511797
v 0.000001 8.648789 3.682994
v 0.000001 8.521664 3.767868
v 0.558753 8.652060 3.454748
v 0.000000 8.560200 2.030250
v 0.562769 8.626948 2.327703
v 0.588438 8.555507 2.282956
v 0.000002 8.624458 2.077228
v 0.562769 8.626948 2.327703
v 0.737022 8.878585 2.849080
v 0.790246 8.642912 2.892651
v 0.510838 8.883108 2.320528
v 0.790246 8.642912 2.892651
v 0.533691 8.871078 3.389839
v 0.558753 8.652060 3.454748
v 0.737022 8.878585 2.849080
v 0.558753 8.652060 3.454748
v -0.000003 8.868057 3.614763
v 0.000001 8.648789 3.682994
v 0.533691 8.871078 3.389839
v 0.000002 8.624458 2.077228
v 0.510838 8.883108 2.320528
v 0.562769 8.626948 2.327703
v 0.000000 8.879931 2.092306
v 0.510838 8.883108 2.320528
v 0.678087 8.878842 2.911691
v 0.737022 8.878585 2.849080
v 0.513551 8.872552 2.396317
v 0.737022 8.878585 2.849080
v 0.457870 8.884048 3.369116
v 0.533691 8.871078 3.389839
v 0.678087 8.878842 2.911691
v 0.533691 8.871078 3.389839
v -0.000006 8.883817 3.547395
v -0.000003 8.868057 3.614763
v 0.457870 8.884048 3.369116
v 0.000000 8.879931 2.092306
v 0.513551 8.872552 2.396317
v 0.510838 8.883108 2.320528
v -0.000004 8.869225 2.147142
v 0.513551 8.872552 2.396317
v 0.730142 8.924893 2.811057
v 0.678087 8.878842 2.911691
v 0.502716 8.924292 2.290517
v 0.678087 8.878842 2.911691
v 0.529817 8.939216 3.347558
v 0.457870 8.884048 3.369116
v 0.730142 8.924893 2.811057
v 0.457870 8.884048 3.369116
v 0.000003 8.938232 3.579235
v -0.000006 8.883817 3.547395
v 0.529817 8.939216 3.347558
v -0.000004 8.869225 2.147142
v 0.502716 8.924292 2.290517
v 0.513551 8.872552 2.396317
v 0.000002 8.915514 2.068857
v -1.634531 7.748193 -2.139525
v -1.118713 8.563063 -2.204702
v -1.631910 8.569944 -2.115047
v -1.119651 7.751659 -2.242388
v -2.090532 7.751167 -1.825185
v -1.631910 8.569944 -2.115047
v -2.088547 8.569770 -1.813354
v -1.634531 7.748193 -2.139525
v -2.459830 7.753459 -1.328299
v -2.088547 8.569770 -1.813354
v -2.459136 8.569053 -1.324161
v -2.090532 7.751167 -1.825185
v -2.385772 8.555001 -2.128029
v -1.805017 8.555552 -2.503043
v -1.631910 8.569944 -2.115047
v -1.168248 8.561390 -2.620535
v -1.118713 8.563063 -2.204702
v -2.838289 8.556234 -1.542736
v -2.675399 8.497983 -0.839894
v -2.675463 7.825025 -0.840724
v -2.459830 7.753459 -1.328299
v -2.628427 7.525266 -0.762209
v -2.628299 8.797835 -0.761311
v -3.151597 8.490591 -0.848170
v -3.091280 8.800654 -0.843771
v -1.168965 7.771124 -2.659361
v -1.806489 7.773480 -2.527845
v -2.386997 7.770672 -2.140011
v -2.838762 7.767611 -1.546564
v -3.151666 7.832774 -0.848680
v -3.091411 7.522489 -0.844077
v -1.119651 7.751659 -2.242388
v -1.634531 7.748193 -2.139525
v -2.090532 7.751167 -1.825185
v -0.556579 7.767231 -2.656528
v -0.556578 8.567973 -2.604942
v -0.545655 8.555450 -2.187798
v -0.545659 7.755964 -2.237011
v 0.066701 7.753417 -2.262408
v 0.070205 8.554645 -2.193795
v 0.043623 8.575339 -2.587398
v 0.045133 7.761334 -2.651212
v 0.297699 7.937658 -2.296764
v 0.298226 8.367371 -2.248376
v 0.271127 8.388013 -2.632197
v 0.270925 7.954510 -2.675085
v -2.695464 7.353810 0.396340
v -2.775888 8.932268 -0.000001
v -2.695445 8.969336 0.395881
v -2.775884 7.390898 -0.000001
v -3.177370 8.968716 0.468503
v -3.296644 8.910583 -0.000001
v -3.296636 7.412571 -0.000000
v -3.177402 7.354465 0.468720
v -2.628427 7.525266 0.762207
v -2.628299 8.797835 0.761310
v -2.675463 7.825025 0.840723
v -2.675399 8.497983 0.839892
v -2.459830 7.753459 1.328297
v -2.459136 8.569053 1.324159
v -2.090533 7.751167 1.825184
v -2.088547 8.569770 1.813353
v -1.634532 7.748193 2.139524
v -1.631911 8.569944 2.115047
v -1.119641 7.751657 2.242392
v -1.118703 8.563066 2.204706
v -3.151597 8.490591 0.848168
v -2.838289 8.556234 1.542735
v -2.385772 8.555001 2.128028
v -1.805017 8.555552 2.503042
v -1.168257 8.561388 2.620536
v -3.151666 7.832774 0.848679
v -2.838762 7.767611 1.546563
v -2.386997 7.770672 2.140010
v -1.806490 7.773480 2.527845
v -1.168974 7.771127 2.659362
v -0.546763 8.555793 2.188118
v -0.546674 7.755635 2.237372
v -0.555562 8.567646 2.605290
v -0.555468 7.767581 2.656843
v 0.087781 8.553503 2.185626
v 0.081743 7.755245 2.251995
v 0.057300 8.576719 2.578190
v 0.060567 7.759667 2.641393
v -3.091411 7.522489 0.844075
v -3.091280 8.800654 0.843770
v 0.317178 8.364848 2.245707
v 0.318182 7.935772 2.315530
v 0.279156 7.957141 2.691489
v 0.282660 8.391813 2.627219
v -2.695464 7.353810 -0.396341
v -2.695446 8.969336 -0.395883
v -3.177403 7.354465 -0.468722
v -3.177370 8.968716 -0.468505
vn -0.9145 0.1196 -0.3866
vn -0.9145 0.1195 -0.3866
vn -0.9144 0.1196 -0.3866
vn -0.9279 0.1063 -0.3573
vn -0.3762 0.0789 -0.9232
vn -0.3763 0.0789 -0.9231
vn -0.3992 0.0869 -0.9127
vn -0.3993 0.0870 -0.9127
vn -0.9535 0.0713 -0.2928
vn -0.9535 0.0714 -0.2927
vn -0.4434 0.0380 -0.8955
vn -0.4434 0.0381 -0.8955
vn -0.9812 -0.0301 -0.1909
vn -0.9811 -0.0301 -0.1909
vn -0.9812 -0.0300 -0.1908
vn -0.5097 -0.1199 -0.8519
vn -0.5098 -0.1200 -0.8519
vn -0.5097 -0.1200 -0.8519
vn -0.9555 0.2922 0.0409
vn -0.9889 -0.1406 -0.0482
vn -0.9889 -0.1407 -0.0482
vn -0.9905 -0.0691 -0.1188
vn -0.9905 -0.0690 -0.1188
vn -0.9905 -0.0691 -0.1189
vn -0.4337 0.8947 0.1065
vn -0.4337 0.8948 0.1065
vn -0.9453 0.3054 0.1143
vn -0.9454 0.3054 0.1142
vn -0.9454 0.3053 0.1143
vn -0.9413 -0.3086 -0.1369
vn -0.9413 -0.3087 -0.1369
vn -0.4442 -0.8384 -0.3159
vn -0.4175 0.8599 0.2938
vn -0.4174 0.8599 0.2937
vn -0.9320 0.2595 0.2532
vn -0.9319 0.2595 0.2533
vn -0.9184 -0.2940 -0.2649
vn -0.9184 -0.2939 -0.2648
vn -0.3597 -0.7026 -0.6140
vn -0.3597 -0.7027 -0.6139
vn -0.3597 -0.7026 -0.6139
vn -0.3860 0.6422 0.6623
vn -0.3860 0.6421 0.6623
vn -0.3861 0.6421 0.6623
vn -0.9249 0.1862 0.3316
vn -0.9248 0.1862 0.3316
vn -0.9180 -0.2070 -0.3383
vn -0.9180 -0.2071 -0.3383
vn -0.3611 -0.5000 -0.7872
vn -0.3611 -0.4999 -0.7872
vn -0.3819 0.4303 0.8179
vn -0.3820 0.4302 0.8179
vn -0.9151 0.1076 0.3886
vn -0.9239 -0.0797 -0.3741
vn -0.9239 -0.0798 -0.3742
vn -0.3634 -0.2342 -0.9017
vn -0.3634 -0.2343 -0.9017
vn -0.3928 0.2063 0.8962
vn -0.3927 0.2064 0.8962
vn -0.7486 0.3136 0.5842
vn -0.7486 0.3137 0.5842
vn -0.7486 0.3137 0.5841
vn -0.9365 0.0308 -0.3492
vn -0.3608 -0.0601 -0.9307
vn -0.3608 -0.0600 -0.9307
vn -0.7090 0.2723 0.6505
vn -0.7091 0.2723 0.6504
vn -0.1907 0.9815 -0.0169
vn -0.1908 0.9815 -0.0168
vn -0.0000 0.9767 -0.2145
vn -0.0000 0.9767 -0.2146
vn -0.0000 0.9877 0.1564
vn -0.0000 0.9877 0.1565
vn -0.0001 0.9877 0.1565
vn -0.5127 -0.5525 -0.6572
vn -0.5127 -0.5524 -0.6573
vn -0.3932 -0.5488 0.7377
vn -0.3932 -0.5489 0.7377
vn -0.5922 -0.7820 -0.1942
vn -0.5921 -0.7821 -0.1942
vn -0.2527 -0.7294 -0.6357
vn -0.2527 -0.7294 -0.6358
vn -0.4716 0.8715 0.1346
vn -0.4717 0.8714 0.1348
vn -0.4717 0.8714 0.1347
vn -0.7227 -0.2443 0.6465
vn -0.9429 -0.0431 -0.3302
vn -0.9429 -0.0432 -0.3302
vn -0.3732 -0.0440 -0.9267
vn -0.3732 -0.0439 -0.9267
vn -0.6265 -0.2387 0.7420
vn -0.6264 -0.2387 0.7421
vn -0.7510 0.5705 0.3324
vn -0.7511 0.5705 0.3323
vn -0.7511 0.5704 0.3324
vn -0.7689 0.5686 -0.2922
vn -0.7690 0.5686 -0.2922
vn -0.2935 0.6113 -0.7350
vn -0.2935 0.6112 -0.7350
vn -0.3491 0.5646 0.7479
vn -0.3491 0.5645 0.7479
vn -0.3491 0.5647 0.7479
vn -0.9178 0.0545 0.3932
vn -0.9178 0.0546 0.3932
vn -0.9297 0.0973 -0.3554
vn -0.9296 0.0973 -0.3554
vn -0.9296 0.0974 -0.3553
vn -0.3808 0.1195 -0.9169
vn -0.3808 0.1196 -0.9169
vn -0.4078 0.0065 0.9130
vn -0.4078 0.0065 0.9131
vn -0.4078 0.0066 0.9131
vn -0.4441 0.8830 0.1522
vn -0.4441 0.8829 0.1522
vn -0.4441 0.8829 0.1523
vn -0.4440 0.8830 0.1523
vn -0.4619 0.8613 -0.2115
vn -0.4618 0.8614 -0.2115
vn -0.4619 0.8614 -0.2115
vn -0.1899 0.8516 -0.4885
vn -0.1893 0.9030 0.3856
vn -0.1892 0.9030 0.3856
vn -0.1892 0.9031 0.3856
vn -0.1892 0.9031 0.3855
vn -0.7466 -0.5936 0.3004
vn -0.8364 -0.4367 -0.3311
vn -0.8364 -0.4368 -0.3311
vn -0.8365 -0.4367 -0.3311
vn -0.8365 -0.4367 -0.3312
vn -0.3702 -0.3090 -0.8760
vn -0.3702 -0.3090 -0.8761
vn -0.2872 -0.7194 0.6324
vn -0.2872 -0.7195 0.6324
vn -0.2871 -0.7195 0.6324
vn -0.9145 0.1195 0.3865
vn -0.9145 0.1195 0.3866
vn -0.9145 0.1196 0.3866
vn -0.9279 0.1063 0.3573
vn -0.3762 0.0789 0.9232
vn -0.3763 0.0789 0.9231
vn -0.3992 0.0869 0.9127
vn -0.3993 0.0870 0.9127
vn -0.9535 0.0713 0.2927
vn -0.9535 0.0714 0.2927
vn -0.9535 0.0713 0.2928
vn -0.4434 0.0381 0.8955
vn -0.4434 0.0380 0.8955
vn -0.9812 -0.0300 0.1908
vn -0.9811 -0.0301 0.1909
vn -0.5097 -0.1199 0.8519
vn -0.5098 -0.1200 0.8519
vn -0.5097 -0.1200 0.8519
vn -0.9555 0.2922 -0.0409
vn -0.9889 -0.1407 0.0482
vn -0.9889 -0.1406 0.0482
vn -0.9905 -0.0691 0.1189
vn -0.9905 -0.0690 0.1188
vn -0.9905 -0.0691 0.1188
vn -0.4337 0.8948 -0.1065
vn -0.4337 0.8947 -0.1065
vn -0.9454 0.3053 -0.1143
vn -0.9453 0.3054 -0.1143
vn -0.9454 0.3053 -0.1144
vn -0.9413 -0.3086 0.1369
vn -0.9413 -0.3087 0.1369
vn -0.4441 -0.8384 0.3159
vn -0.4442 -0.8384 0.3159
vn -0.4175 0.8599 -0.2938
vn -0.4174 0.8599 -0.2937
vn -0.9320 0.2595 -0.2532
vn -0.9319 0.2595 -0.2533
vn -0.9184 -0.2940 0.2649
vn -0.9184 -0.2939 0.2648
vn -0.3597 -0.7026 0.6139
vn -0.3597 -0.7026 0.6140
vn -0.3597 -0.7027 0.6139
vn -0.3861 0.6421 -0.6623
vn -0.3860 0.6421 -0.6623
vn -0.3860 0.6422 -0.6623
vn -0.9249 0.1862 -0.3316
vn -0.9248 0.1862 -0.3316
vn -0.9249 0.1862 -0.3315
vn -0.9180 -0.2071 0.3383
vn -0.9180 -0.2070 0.3383
vn -0.3611 -0.5000 0.7872
vn -0.3819 0.4303 -0.8179
vn -0.9191 0.1083 -0.3788
vn -0.9191 0.1083 -0.3789
vn -0.9149 0.0826 -0.3952
vn -0.9149 0.0825 -0.3952
vn -0.9208 -0.0855 0.3806
vn -0.9208 -0.0854 0.3806
vn -0.9208 -0.0854 0.3807
vn -0.3634 -0.2342 0.9017
vn -0.3633 -0.2343 0.9017
vn -0.3823 0.2152 -0.8986
vn -0.3823 0.2153 -0.8986
vn -0.9209 0.0015 0.3898
vn -0.9209 0.0014 0.3897
vn -0.9209 0.0015 0.3897
vn -0.3608 -0.0600 0.9307
vn -0.3608 -0.0601 0.9307
vn -0.3822 0.1423 -0.9131
vn -0.3822 0.1423 -0.9130
vn -0.1907 0.9815 0.0168
vn -0.1908 0.9815 0.0168
vn -0.1907 0.9815 0.0169
vn -0.0000 0.9767 0.2145
vn -0.0000 0.9767 0.2146
vn -0.0001 0.9767 0.2146
vn 0.0001 0.9877 -0.1565
vn -0.0000 0.9877 -0.1565
vn -0.0001 0.9877 -0.1565
vn -0.5127 -0.5524 0.6572
vn -0.5127 -0.5525 0.6572
vn -0.6262 -0.7186 -0.3024
vn -0.6262 -0.7187 -0.3024
vn -0.6316 -0.7376 0.2389
vn -0.6316 -0.7375 0.2390
vn -0.2527 -0.7294 0.6357
vn -0.2527 -0.7294 0.6358
vn -0.2526 -0.7294 0.6357
vn -0.2612 -0.7231 -0.6395
vn -0.2612 -0.7230 -0.6395
vn -0.2613 -0.7230 -0.6395
vn -0.9088 -0.0461 -0.4147
vn -0.9088 -0.0462 -0.4146
vn -0.9336 -0.0310 0.3570
vn -0.9336 -0.0311 0.3570
vn -0.9336 -0.0310 0.3569
vn -0.3732 -0.0439 0.9267
vn -0.3732 -0.0440 0.9267
vn -0.3897 -0.0815 -0.9173
vn -0.7325 0.6041 -0.3138
vn -0.7341 0.6126 0.2930
vn -0.7341 0.6125 0.2930
vn -0.2973 0.5980 0.7443
vn -0.3127 0.6387 -0.7030
vn -0.3127 0.6388 -0.7029
vn -0.3128 0.6387 -0.7030
vn -0.3127 0.6388 -0.7030
vn -0.9174 0.0972 -0.3859
vn -0.9174 0.0971 -0.3859
vn -0.9174 0.0973 -0.3858
vn -0.9138 0.1946 0.3566
vn -0.3690 0.2458 0.8963
vn -0.3690 0.2459 0.8963
vn -0.4103 -0.0012 -0.9120
vn -0.4103 -0.0011 -0.9120
vn -0.4584 0.8735 -0.1641
vn -0.4584 0.8735 -0.1640
vn -0.4585 0.8734 -0.1641
vn -0.4525 0.8685 0.2027
vn -0.4524 0.8685 0.2026
vn -0.4525 0.8684 0.2027
vn -0.1804 0.8682 0.4622
vn -0.1804 0.8682 0.4623
vn -0.2058 0.8797 -0.4287
vn -0.2057 0.8797 -0.4286
vn -0.7465 -0.5938 -0.3004
vn -0.7465 -0.5937 -0.3004
vn -0.8364 -0.4368 0.3311
vn -0.8363 -0.4369 0.3311
vn -0.8364 -0.4369 0.3311
vn -0.3702 -0.3092 0.8760
vn -0.3702 -0.3093 0.8760
vn -0.3702 -0.3091 0.8760
vn -0.2871 -0.7195 -0.6324
vn -0.2872 -0.7194 -0.6324
vn -0.2872 -0.7194 -0.6325
vn 0.9144 0.1196 -0.3866
vn 0.9145 0.1195 -0.3866
vn 0.9145 0.1196 -0.3866
vn 0.9279 0.1063 -0.3573
vn 0.3762 0.0789 -0.9232
vn 0.3763 0.0789 -0.9231
vn 0.3992 0.0869 -0.9127
vn 0.3993 0.0870 -0.9127
vn 0.9535 0.0713 -0.2927
vn 0.9535 0.0714 -0.2927
vn 0.9535 0.0713 -0.2928
vn 0.4434 0.0381 -0.8955
vn 0.4434 0.0380 -0.8955
vn 0.9812 -0.0300 -0.1908
vn 0.9811 -0.0301 -0.1909
vn 0.5097 -0.1199 -0.8519
vn 0.5098 -0.1200 -0.8519
vn 0.5097 -0.1200 -0.8519
vn 0.9555 0.2922 0.0409
vn 0.9889 -0.1407 -0.0482
vn 0.9889 -0.1406 -0.0482
vn 0.9905 -0.0691 -0.1189
vn 0.9905 -0.0690 -0.1188
vn 0.9905 -0.0691 -0.1188
vn 0.4337 0.8948 0.1065
vn 0.4337 0.8947 0.1065
vn 0.9454 0.3053 0.1143
vn 0.9453 0.3054 0.1143
vn 0.9454 0.3054 0.1142
vn 0.9413 -0.3086 -0.1369
vn 0.9413 -0.3087 -0.1369
vn 0.4441 -0.8384 -0.3159
vn 0.4442 -0.8384 -0.3159
vn 0.4175 0.8599 0.2938
vn 0.4174 0.8599 0.2937
vn 0.9320 0.2595 0.2532
vn 0.9319 0.2595 0.2533
vn 0.9184 -0.2940 -0.2649
vn 0.9184 -0.2939 -0.2648
vn 0.3597 -0.7026 -0.6139
vn 0.3597 -0.7026 -0.6140
vn 0.3597 -0.7027 -0.6139
vn 0.3861 0.6421 0.6623
vn 0.3860 0.6421 0.6623
vn 0.9248 0.1862 0.3316
vn 0.9249 0.1862 0.3316
vn 0.9249 0.1862 0.3315
vn 0.9180 -0.2071 -0.3383
vn 0.9180 -0.2070 -0.3383
vn 0.3611 -0.5000 -0.7872
vn 0.3819 0.4303 0.8179
vn 0.3820 0.4303 0.8179
vn 0.9191 0.1084 0.3789
vn 0.9191 0.1083 0.3789
vn 0.9149 0.0826 0.3952
vn 0.9149 0.0825 0.3952
vn 0.9208 -0.0854 -0.3806
vn 0.3634 -0.2343 -0.9017
vn 0.3635 -0.2342 -0.9017
vn 0.3634 -0.2342 -0.9017
vn 0.3678 0.2248 0.9023
vn 0.3677 0.2248 0.9023
vn 0.9209 0.0015 -0.3898
vn 0.9209 0.0016 -0.3898
vn 0.3608 -0.0601 -0.9307
vn 0.3608 -0.0600 -0.9307
vn 0.3007 0.2118 0.9299
vn 0.3007 0.2117 0.9299
vn 0.1908 0.9815 -0.0169
vn 0.1907 0.9815 -0.0169
vn 0.5127 -0.5524 -0.6572
vn 0.5127 -0.5525 -0.6572
vn 0.5127 -0.5524 -0.6573
vn 0.6262 -0.7186 0.3024
vn 0.6316 -0.7376 -0.2389
vn 0.6316 -0.7375 -0.2390
vn 0.2527 -0.7294 -0.6358
vn 0.2527 -0.7293 -0.6358
vn 0.2527 -0.7294 -0.6357
vn 0.0050 -0.9452 0.3264
vn 0.0049 -0.9452 0.3264
vn 0.9088 -0.0462 0.4146
vn 0.9088 -0.0462 0.4147
vn 0.9336 -0.0310 -0.3569
vn 0.9336 -0.0311 -0.3570
vn 0.9336 -0.0310 -0.3570
vn 0.3733 -0.0439 -0.9267
vn 0.3733 -0.0440 -0.9267
vn 0.3732 -0.0440 -0.9267
vn 0.3732 -0.0439 -0.9267
vn 0.3587 -0.0956 0.9286
vn 0.3586 -0.0955 0.9286
vn 0.3586 -0.0956 0.9286
vn 0.7399 0.5939 0.3159
vn 0.7399 0.5939 0.3158
vn 0.7272 0.6221 -0.2902
vn 0.7273 0.6220 -0.2902
vn 0.7272 0.6220 -0.2902
vn 0.2935 0.6112 -0.7350
vn 0.2935 0.6113 -0.7350
vn 0.3349 0.5250 0.7825
vn 0.3348 0.5250 0.7824
vn 0.3348 0.5250 0.7825
vn 0.3349 0.5250 0.7824
vn 0.9178 0.0545 0.3932
vn 0.9178 0.0546 0.3932
vn 0.9179 0.0545 0.3932
vn 0.9296 0.0973 -0.3554
vn 0.9297 0.0973 -0.3554
vn 0.3809 0.1196 -0.9169
vn 0.3808 0.1196 -0.9169
vn 0.3808 0.1195 -0.9169
vn 0.4078 0.0065 0.9130
vn 0.4078 0.0066 0.9130
vn 0.4439 0.8830 0.1522
vn 0.4440 0.8830 0.1522
vn 0.4441 0.8830 0.1522
vn 0.4619 0.8614 -0.2115
vn 0.4623 0.8615 -0.2100
vn 0.4618 0.8614 -0.2114
vn 0.4618 0.8614 -0.2115
vn 0.1899 0.8516 -0.4885
vn 0.1899 0.8516 -0.4886
vn 0.1892 0.9031 0.3855
vn 0.1893 0.9030 0.3856
vn 0.1892 0.9030 0.3856
vn 0.1892 0.9031 0.3856
vn 0.7465 -0.5938 0.3004
vn 0.7465 -0.5938 0.3003
vn 0.7464 -0.5938 0.3003
vn 0.8364 -0.4369 -0.3311
vn 0.8363 -0.4371 -0.3311
vn 0.8363 -0.4370 -0.3311
vn 0.8363 -0.4370 -0.3310
vn 0.3702 -0.3091 -0.8760
vn 0.2872 -0.7195 0.6323
vn 0.2872 -0.7194 0.6324
vn 0.2871 -0.7195 0.6323
vn 0.9145 0.1196 0.3866
vn 0.9145 0.1195 0.3866
vn 0.9145 0.1196 0.3865
vn 0.9279 0.1063 0.3573
vn 0.3762 0.0789 0.9232
vn 0.3763 0.0789 0.9231
vn 0.3992 0.0869 0.9127
vn 0.3993 0.0870 0.9127
vn 0.9535 0.0713 0.2928
vn 0.9535 0.0714 0.2927
vn 0.4434 0.0380 0.8955
vn 0.4434 0.0381 0.8955
vn 0.9811 -0.0301 0.1909
vn 0.9812 -0.0300 0.1908
vn 0.5097 -0.1199 0.8519
vn 0.5098 -0.1200 0.8519
vn 0.5097 -0.1200 0.8519
vn 0.9555 0.2922 -0.0409
vn 0.9889 -0.1406 0.0482
vn 0.9889 -0.1407 0.0482
vn 0.9905 -0.0691 0.1188
vn 0.9905 -0.0690 0.1188
vn 0.9905 -0.0691 0.1189
vn 0.4337 0.8947 -0.1065
vn 0.4337 0.8948 -0.1065
vn 0.9454 0.3053 -0.1143
vn 0.9453 0.3054 -0.1143
vn 0.9454 0.3053 -0.1144
vn 0.9413 -0.3086 0.1369
vn 0.9413 -0.3087 0.1369
vn 0.4442 -0.8384 0.3159
vn 0.4175 0.8599 -0.2938
vn 0.4174 0.8599 -0.2937
vn 0.4174 0.8599 -0.2938
vn 0.9320 0.2595 -0.2532
vn 0.9319 0.2595 -0.2533
vn 0.9184 -0.2940 0.2649
vn 0.9184 -0.2939 0.2648
vn 0.3597 -0.7026 0.6140
vn 0.3597 -0.7027 0.6139
vn 0.3597 -0.7026 0.6139
vn 0.3860 0.6422 -0.6623
vn 0.3860 0.6421 -0.6623
vn 0.3861 0.6421 -0.6623
vn 0.9249 0.1862 -0.3315
vn 0.9248 0.1862 -0.3317
vn 0.9249 0.1862 -0.3316
vn 0.9180 -0.2070 0.3383
vn 0.9180 -0.2070 0.3384
vn 0.9180 -0.2071 0.3384
vn 0.9180 -0.2071 0.3383
vn 0.3611 -0.5000 0.7872
vn 0.3819 0.4303 -0.8179
vn 0.9191 0.1083 -0.3788
vn 0.9191 0.1083 -0.3789
vn 0.9149 0.0826 -0.3952
vn 0.9149 0.0825 -0.3952
vn 0.9208 -0.0854 0.3806
vn 0.9208 -0.0854 0.3807
vn 0.9208 -0.0855 0.3806
vn 0.3634 -0.2342 0.9017
vn 0.3633 -0.2343 0.9017
vn 0.3634 -0.2343 0.9017
vn 0.3823 0.2152 -0.8986
vn 0.3824 0.2151 -0.8986
vn 0.9209 0.0015 0.3897
vn 0.9209 0.0014 0.3897
vn 0.9209 0.0015 0.3898
vn 0.3608 -0.0600 0.9307
vn 0.3608 -0.0601 0.9307
vn 0.3822 0.1423 -0.9130
vn 0.3822 0.1423 -0.9131
vn 0.1907 0.9815 0.0168
vn 0.1908 0.9815 0.0168
vn 0.5127 -0.5525 0.6572
vn 0.5127 -0.5524 0.6572
vn 0.6262 -0.7186 -0.3024
vn 0.6262 -0.7187 -0.3024
vn 0.6316 -0.7375 0.2390
vn 0.6316 -0.7376 0.2389
vn 0.2526 -0.7294 0.6357
vn 0.2527 -0.7293 0.6358
vn 0.2527 -0.7294 0.6357
vn 0.2612 -0.7231 -0.6394
vn 0.2612 -0.7231 -0.6395
vn 0.9088 -0.0462 -0.4146
vn 0.9336 -0.0311 0.3570
vn 0.9336 -0.0310 0.3569
vn 0.9336 -0.0310 0.3570
vn 0.3732 -0.0439 0.9267
vn 0.3732 -0.0440 0.9267
vn 0.3897 -0.0815 -0.9173
vn 0.7325 0.6041 -0.3138
vn 0.7342 0.6125 0.2930
vn 0.7341 0.6125 0.2930
vn 0.7341 0.6126 0.2930
vn 0.2973 0.5980 0.7443
vn 0.3127 0.6388 -0.7030
vn 0.3127 0.6388 -0.7029
vn 0.3128 0.6387 -0.7030
vn 0.9174 0.0972 -0.3859
vn 0.9138 0.1947 0.3566
vn 0.9138 0.1946 0.3566
vn 0.3690 0.2458 0.8963
vn 0.3690 0.2459 0.8963
vn 0.4103 -0.0011 -0.9120
vn 0.4103 -0.0012 -0.9120
vn 0.4584 0.8735 -0.1641
vn 0.4584 0.8735 -0.1640
vn 0.4584 0.8734 -0.1642
vn 0.4583 0.8735 -0.1641
vn 0.4524 0.8685 0.2027
vn 0.4524 0.8685 0.2026
vn 0.1804 0.8682 0.4622
vn 0.1804 0.8682 0.4623
vn 0.2058 0.8797 -0.4286
vn 0.2058 0.8798 -0.4286
vn 0.2058 0.8797 -0.4287
vn 0.7464 -0.5939 -0.3004
vn 0.7464 -0.5939 -0.3003
vn 0.7464 -0.5938 -0.3004
vn 0.8363 -0.4370 0.3311
vn 0.3702 -0.3093 0.8760
vn 0.3702 -0.3093 0.8759
vn 0.3702 -0.3092 0.8760
vn 0.2871 -0.7194 -0.6324
vn 0.2871 -0.7195 -0.6324
vn 0.2872 -0.7194 -0.6325
vn 0.1978 -0.0462 0.9791
vn 0.1979 -0.0463 0.9791
vn 0.5555 -0.0241 0.8312
vn 0.5555 -0.0242 0.8312
vn 0.5555 -0.0242 0.8311
vn 0.7974 -0.0085 0.6034
vn 0.6893 0.5029 0.5215
vn 0.7974 -0.0084 0.6034
vn 0.8363 0.3013 0.4582
vn -0.6647 0.2478 -0.7048
vn -0.0068 0.4184 0.9082
vn -0.0000 1.0000 -0.0000
vn -0.0910 0.2740 -0.9574
vn -0.3729 0.2518 -0.8930
vn -0.8458 0.2493 -0.4717
vn 0.7939 -0.5260 0.3048
vn 0.9618 -0.2735 -0.0139
vn 0.9625 0.2709 -0.0146
vn 0.9868 -0.1615 0.0144
vn 0.9868 0.1612 0.0147
vn -0.8900 0.2189 -0.4000
vn -0.9157 0.1638 -0.3669
vn -0.3752 -0.1879 -0.9077
vn -0.0925 -0.1698 -0.9811
vn -0.6671 -0.2209 -0.7115
vn -0.8468 -0.2424 -0.4734
vn -0.8904 -0.2171 -0.4001
vn -0.9158 -0.1639 -0.3668
vn -0.0000 -1.0000 -0.0000
vn -0.0065 -0.5144 0.8575
vn 0.0010 -0.1669 -0.9860
vn 0.0010 0.3078 -0.9515
vn -0.0026 -0.3077 0.9515
vn -0.0025 0.1671 0.9859
vn 0.0598 0.1713 0.9834
vn 0.0583 -0.3387 0.9391
vn 0.0229 0.3561 -0.9342
vn 0.0194 -0.1905 -0.9815
vn 0.6413 0.1117 0.7591
vn 0.6544 -0.2549 0.7119
vn 0.4177 0.2585 -0.8710
vn 0.3888 -0.0910 -0.9168
vn 0.9824 -0.1869 -0.0000
vn 0.9824 0.1867 0.0001
vn 0.9647 -0.1989 -0.1723
vn 0.9648 0.1987 -0.1724
vn -0.9558 0.1934 0.2215
vn -0.9905 0.1377 -0.0000
vn -0.9558 -0.1934 0.2215
vn -0.9905 -0.1378 -0.0001
vn 0.9868 0.1612 -0.0147
vn 0.9868 -0.1616 -0.0145
vn 0.8363 0.3013 -0.4581
vn 0.9625 0.2709 0.0145
vn 0.8330 -0.3109 -0.4577
vn 0.9618 -0.2734 0.0138
vn 0.6548 -0.3174 -0.6859
vn 0.6636 0.2865 -0.6910
vn 0.3667 -0.3268 -0.8710
vn 0.3781 0.2592 -0.8888
vn 0.0886 -0.3145 -0.9451
vn 0.0919 0.2079 -0.9738
vn -0.8458 0.2493 0.4717
vn -0.8900 0.2190 0.4000
vn -0.6647 0.2478 0.7048
vn -0.3729 0.2517 0.8931
vn -0.0910 0.2740 0.9574
vn -0.8468 -0.2424 0.4734
vn -0.8904 -0.2172 0.4001
vn -0.6672 -0.2210 0.7114
vn -0.3752 -0.1880 0.9077
vn -0.0925 -0.1699 0.9811
vn -0.0092 -0.3089 -0.9511
vn 0.0004 0.1679 -0.9858
vn 0.0075 0.3067 0.9518
vn 0.0078 -0.1655 0.9862
vn 0.0492 -0.3345 -0.9411
vn 0.0521 0.1666 -0.9846
vn 0.0280 0.3588 0.9330
vn 0.0264 -0.1920 0.9810
vn -0.9158 -0.1638 0.3668
vn -0.9157 0.1637 0.3670
vn 0.6938 -0.2668 -0.6689
vn 0.6662 0.0948 -0.7397
vn 0.3223 -0.0673 0.9443
vn 0.3754 0.2780 0.8842
vn 0.9648 0.1987 0.1723
vn 0.9647 -0.1989 0.1723
vn -0.9558 -0.1933 -0.2216
vn -0.9558 0.1932 -0.2215
vt 0.984165 0.400000
vt 0.984165 0.400000
vt 0.984165 0.400000
vt 0.984165 0.400000
vt 0.984165 0.400000
vt 0.984165 0.400000
vt 0.984165 0.400000
vt 0.984165 0.400000
s 1
usemtl slingShotMesh
f 1083/134/509 1082/135/510 1081/134/510
f 1082/135/510 1084/136/511 1081/134/510
f 1082/135/510 1085/135/512 1084/136/511
f 1085/135/512 1086/135/512 1084/136/511
f 1089/134/513 1088/135/514 1087/134/514
f 1088/135/514 1090/135/513 1087/134/514
f 1088/135/514 1091/135/515 1090/135/513
f 1091/135/515 1092/135/516 1090/135/513
f 1095/135/517 1094/134/518 1093/135/517
f 1094/134/518 1096/137/517 1093/135/517
f 1099/135/519 1098/134/519 1097/135/519
f 1098/134/519 1100/134/520 1097/135/519
f 1103/134/521 1102/134/522 1101/137/523
f 1102/134/522 1104/138/523 1101/137/523
f 1107/134/524 1106/134/525 1105/134/526
f 1106/134/525 1108/134/524 1105/134/526
f 1111/139/527 1110/134/527 1109/134/527
f 1110/134/527 1112/134/527 1109/134/527
f 1115/139/528 1114/139/528 1113/134/529
f 1114/139/528 1116/134/529 1113/134/529
f 1119/139/530 1118/138/531 1117/134/532
f 1118/138/531 1120/134/532 1117/134/532
f 1123/134/533 1122/134/533 1121/138/533
f 1122/134/533 1124/134/534 1121/138/533
f 1127/134/535 1126/134/535 1125/134/536
f 1126/134/535 1128/134/537 1125/134/536
f 1131/134/538 1130/134/538 1129/134/539
f 1130/134/538 1132/134/538 1129/134/539
f 1135/134/540 1134/134/540 1133/134/540
f 1134/134/540 1136/134/540 1133/134/540
f 1139/134/541 1138/134/542 1137/134/541
f 1138/134/542 1140/134/541 1137/134/541
f 1143/134/543 1142/134/544 1141/134/543
f 1142/134/544 1144/134/543 1141/134/543
f 1147/134/545 1146/134/545 1145/134/546
f 1146/134/545 1148/134/545 1145/134/546
f 1151/134/547 1150/134/547 1149/134/548
f 1150/134/547 1152/134/549 1149/134/548
f 1155/134/550 1154/134/551 1153/134/552
f 1154/134/551 1156/134/550 1153/134/552
f 1159/134/553 1158/134/553 1157/134/554
f 1158/134/553 1160/134/553 1157/134/554
f 1163/134/555 1162/134/555 1161/134/556
f 1162/134/555 1164/134/556 1161/134/556
f 1167/134/557 1166/140/558 1165/134/557
f 1166/140/558 1168/134/557 1165/134/557
f 1171/134/559 1170/134/559 1169/134/559
f 1170/134/559 1172/134/560 1169/134/559
f 1175/134/561 1174/134/561 1173/134/561
f 1174/134/561 1176/134/561 1173/134/561
f 1179/134/562 1178/134/563 1177/134/563
f 1178/134/563 1180/134/563 1177/134/563
f 1183/140/564 1182/140/565 1181/134/565
f 1182/140/565 1184/134/565 1181/134/565
f 1187/134/566 1186/134/567 1185/134/567
f 1186/134/567 1188/134/566 1185/134/567
f 1191/134/568 1190/141/569 1189/134/570
f 1190/141/569 1192/135/569 1189/134/570
f 1195/134/571 1194/135/571 1193/134/571
f 1194/135/571 1196/141/571 1193/134/571
f 1199/140/572 1198/141/572 1197/134/573
f 1198/141/572 1200/135/572 1197/134/573
f 1203/134/574 1202/135/575 1201/134/575
f 1202/135/575 1204/135/575 1201/134/575
f 1207/134/576 1206/134/577 1205/134/576
f 1206/134/577 1208/134/576 1205/134/576
f 1211/134/578 1210/134/578 1209/134/579
f 1210/134/578 1212/134/578 1209/134/579
f 1215/134/580 1214/134/581 1213/134/580
f 1214/134/581 1216/134/582 1213/134/580
f 1219/134/583 1218/134/583 1217/134/584
f 1218/134/583 1220/134/584 1217/134/584
f 1223/140/585 1222/140/585 1221/140/585
f 1222/140/585 1224/140/586 1221/140/585
f 1227/140/587 1226/140/587 1225/140/588
f 1226/140/587 1228/140/588 1225/140/588
f 1231/140/589 1230/140/590 1229/140/590
f 1230/140/590 1232/140/589 1229/140/590
f 1235/140/591 1234/140/591 1233/140/592
f 1234/140/591 1236/141/593 1233/140/592
f 1239/140/594 1238/134/594 1237/140/594
f 1238/134/594 1240/134/594 1237/140/594
f 1243/140/595 1242/134/596 1241/140/596
f 1242/134/596 1244/134/595 1241/140/596
f 1247/140/597 1246/134/598 1245/140/598
f 1246/134/598 1248/134/598 1245/140/598
f 1251/140/599 1250/134/600 1249/141/599
f 1250/134/600 1252/135/599 1249/141/599
f 1255/134/601 1254/134/602 1253/134/602
f 1254/134/602 1256/134/603 1253/134/602
f 1259/134/604 1258/134/605 1257/134/605
f 1258/134/605 1260/134/605 1257/134/605
f 1263/134/606 1262/134/606 1261/134/606
f 1262/134/606 1264/134/607 1261/134/606
f 1267/134/608 1266/134/609 1265/135/608
f 1266/134/609 1268/135/610 1265/135/608
f 1271/134/611 1270/134/612 1269/134/611
f 1270/134/612 1272/134/612 1269/134/611
f 1275/134/613 1274/134/614 1273/134/614
f 1274/134/614 1276/134/615 1273/134/614
f 1279/134/616 1278/134/617 1277/134/616
f 1278/134/617 1280/134/616 1277/134/616
f 1283/134/618 1282/134/619 1281/134/620
f 1282/134/619 1284/134/620 1281/134/620
f 1287/134/621 1286/134/622 1285/134/623
f 1286/134/622 1288/134/624 1285/134/623
f 1291/134/625 1290/134/626 1289/134/627
f 1290/134/626 1292/134/627 1289/134/627
f 1295/134/628 1294/134/628 1293/134/628
f 1294/134/628 1296/134/628 1293/134/628
f 1299/134/629 1298/134/630 1297/134/631
f 1298/134/630 1300/134/632 1297/134/631
f 1303/134/633 1302/134/633 1301/134/633
f 1302/134/633 1304/134/633 1301/134/633
f 1307/134/634 1306/134/635 1305/134/636
f 1306/134/635 1308/134/637 1305/134/636
f 1311/134/638 1310/134/639 1309/134/639
f 1310/134/639 1312/134/639 1309/134/639
f 1315/134/640 1314/134/641 1313/139/642
f 1314/134/641 1316/134/640 1313/139/642
f 1319/136/643 1318/135/644 1317/134/644
f 1318/135/644 1320/134/645 1317/134/644
f 1321/135/646 1318/135/644 1319/136/643
f 1322/135/646 1321/135/646 1319/136/643
f 1325/135/647 1324/135/648 1323/134/648
f 1324/135/648 1326/134/647 1323/134/648
f 1327/135/649 1324/135/648 1325/135/647
f 1328/135/650 1327/135/649 1325/135/647
f 1331/138/651 1330/134/652 1329/135/653
f 1330/134/652 1332/135/653 1329/135/653
f 1335/134/654 1334/134/655 1333/135/655
f 1334/134/655 1336/135/655 1333/135/655
f 1339/138/656 1338/134/657 1337/138/656
f 1338/134/657 1340/134/657 1337/138/656
f 1343/134/658 1342/134/659 1341/134/660
f 1342/134/659 1344/134/658 1341/134/660
f 1347/134/661 1346/134/661 1345/134/661
f 1346/134/661 1348/139/661 1345/134/661
f 1351/134/662 1350/139/663 1349/134/662
f 1350/139/663 1352/139/663 1349/134/662
f 1355/134/664 1354/138/665 1353/134/664
f 1354/138/665 1356/139/666 1353/134/664
f 1359/134/667 1358/134/668 1357/138/668
f 1358/134/668 1360/134/668 1357/138/668
f 1363/134/669 1362/134/670 1361/134/671
f 1362/134/670 1364/134/670 1361/134/671
f 1367/134/672 1366/134/672 1365/134/673
f 1366/134/672 1368/134/673 1365/134/673
f 1371/134/674 1370/134/675 1369/134/675
f 1370/134/675 1372/134/675 1369/134/675
f 1375/134/676 1374/134/677 1373/134/676
f 1374/134/677 1376/134/676 1373/134/676
f 1379/134/678 1378/134/679 1377/134/678
f 1378/134/679 1380/134/678 1377/134/678
f 1383/134/680 1382/134/680 1381/134/681
f 1382/134/680 1384/134/680 1381/134/681
f 1387/134/682 1386/134/683 1385/134/684
f 1386/134/683 1388/134/683 1385/134/684
f 1391/134/685 1390/134/686 1389/134/685
f 1390/134/686 1392/134/687 1389/134/685
f 1395/134/688 1394/134/689 1393/134/688
f 1394/134/689 1396/134/690 1393/134/688
f 1399/134/691 1398/134/692 1397/134/691
f 1398/134/692 1400/134/692 1397/134/691
f 1403/134/693 1402/140/693 1401/134/693
f 1402/140/693 1404/134/693 1401/134/693
f 1407/134/694 1406/134/694 1405/134/694
f 1406/134/694 1408/134/694 1405/134/694
f 1411/134/695 1410/134/696 1409/134/696
f 1410/134/696 1412/134/695 1409/134/696
f 1413/141/697 1410/134/696 1411/134/695
f 1414/135/698 1413/141/697 1411/134/695
f 1417/134/699 1416/134/700 1415/134/701
f 1416/134/700 1418/134/700 1415/134/701
f 1421/134/702 1420/140/703 1419/134/702
f 1420/140/703 1422/140/702 1419/134/702
f 1425/134/704 1424/134/704 1423/134/705
f 1424/134/704 1426/134/704 1423/134/705
f 1429/141/706 1428/135/707 1427/134/706
f 1428/135/707 1430/134/708 1427/134/706
f 1433/135/709 1432/141/709 1431/134/710
f 1432/141/709 1434/140/709 1431/134/710
f 1437/135/711 1436/135/712 1435/134/712
f 1436/135/712 1438/134/712 1435/134/712
f 1441/134/713 1440/134/714 1439/134/715
f 1440/134/714 1442/134/714 1439/134/715
f 1445/134/716 1444/134/717 1443/134/717
f 1444/134/717 1446/134/718 1443/134/717
f 1449/134/719 1448/134/720 1447/134/720
f 1448/134/720 1450/134/721 1447/134/720
f 1453/134/722 1452/134/723 1451/134/722
f 1452/134/723 1454/134/723 1451/134/722
f 1457/140/724 1456/140/725 1455/140/725
f 1456/140/725 1458/140/724 1455/140/725
f 1461/140/726 1460/140/726 1459/140/727
f 1460/140/726 1462/140/727 1459/140/727
f 1465/140/728 1464/140/729 1463/140/730
f 1464/140/729 1466/140/730 1463/140/730
f 1469/141/731 1468/140/731 1467/140/732
f 1468/140/731 1470/140/733 1467/140/732
f 1473/134/734 1472/134/735 1471/140/735
f 1472/134/735 1474/140/735 1471/140/735
f 1477/134/736 1476/134/737 1475/140/738
f 1476/134/737 1478/140/737 1475/140/738
f 1481/134/739 1480/134/739 1479/140/740
f 1480/134/739 1482/140/739 1479/140/740
f 1485/135/741 1484/134/741 1483/141/741
f 1484/134/741 1486/140/741 1483/141/741
f 1489/134/742 1488/134/742 1487/134/742
f 1488/134/742 1490/134/742 1487/134/742
f 1493/134/743 1492/134/744 1491/134/743
f 1492/134/744 1494/134/744 1491/134/743
f 1497/134/745 1496/134/745 1495/134/745
f 1496/134/745 1498/134/745 1495/134/745
f 1501/135/746 1500/134/747 1499/135/748
f 1500/134/747 1502/134/749 1499/135/748
f 1505/134/750 1504/134/751 1503/134/750
f 1504/134/751 1506/134/752 1503/134/750
f 1509/134/753 1508/134/753 1507/134/753
f 1508/134/753 1510/134/753 1507/134/753
f 1513/134/754 1512/134/755 1511/134/755
f 1512/134/755 1514/134/754 1511/134/755
f 1517/134/756 1516/134/756 1515/134/756
f 1516/134/756 1518/134/757 1515/134/756
f 1521/134/758 1520/134/758 1519/134/759
f 1520/134/758 1522/134/760 1519/134/759
f 1525/134/761 1524/134/762 1523/134/763
f 1524/134/762 1526/134/761 1523/134/763
f 1529/134/764 1528/134/765 1527/134/765
f 1528/134/765 1530/134/764 1527/134/765
f 1533/134/766 1532/134/766 1531/134/766
f 1532/134/766 1534/134/767 1531/134/766
f 1537/134/768 1536/134/768 1535/134/769
f 1536/134/768 1538/134/768 1535/134/769
f 1541/134/770 1540/134/771 1539/134/770
f 1540/134/771 1542/134/772 1539/134/770
f 1545/134/773 1544/134/774 1543/134/775
f 1544/134/774 1546/134/773 1543/134/775
f 1549/134/776 1548/134/777 1547/139/778
f 1548/134/777 1550/134/777 1547/139/778
f 1553/136/779 1552/135/780 1551/134/780
f 1552/135/780 1554/134/781 1551/134/780
f 1555/135/782 1552/135/780 1553/136/779
f 1556/135/782 1555/135/782 1553/136/779
f 1559/135/783 1558/135/784 1557/134/784
f 1558/135/784 1560/134/783 1557/134/784
f 1561/135/785 1558/135/784 1559/135/783
f 1562/135/786 1561/135/785 1559/135/783
f 1565/138/787 1564/134/788 1563/135/789
f 1564/134/788 1566/135/789 1563/135/789
f 1569/134/790 1568/134/791 1567/135/791
f 1568/134/791 1570/135/791 1567/135/791
f 1573/138/792 1572/134/793 1571/138/792
f 1572/134/793 1574/134/793 1571/138/792
f 1577/134/794 1576/134/795 1575/134/796
f 1576/134/795 1578/134/794 1575/134/796
f 1581/134/797 1580/134/797 1579/134/797
f 1580/134/797 1582/139/797 1579/134/797
f 1585/134/798 1584/139/799 1583/134/798
f 1584/139/799 1586/139/799 1583/134/798
f 1589/134/800 1588/138/801 1587/134/800
f 1588/138/801 1590/139/802 1587/134/800
f 1593/134/803 1592/134/804 1591/138/804
f 1592/134/804 1594/134/804 1591/138/804
f 1597/134/805 1596/134/806 1595/134/807
f 1596/134/806 1598/134/806 1595/134/807
f 1601/134/808 1600/134/808 1599/134/809
f 1600/134/808 1602/134/808 1599/134/809
f 1605/134/810 1604/134/811 1603/134/811
f 1604/134/811 1606/134/811 1603/134/811
f 1609/134/812 1608/134/813 1607/134/812
f 1608/134/813 1610/134/812 1607/134/812
f 1613/134/814 1612/134/815 1611/134/814
f 1612/134/815 1614/134/814 1611/134/814
f 1617/134/816 1616/134/816 1615/134/817
f 1616/134/816 1618/134/816 1615/134/817
f 1621/134/818 1620/134/819 1619/134/820
f 1620/134/819 1622/134/819 1619/134/820
f 1625/134/821 1624/134/822 1623/134/821
f 1624/134/822 1626/134/822 1623/134/821
f 1629/134/823 1628/134/824 1627/134/824
f 1628/134/824 1630/134/825 1627/134/824
f 1633/134/826 1632/134/827 1631/134/826
f 1632/134/827 1634/134/827 1631/134/826
f 1637/134/828 1636/140/828 1635/134/828
f 1636/140/828 1638/134/828 1635/134/828
f 1641/134/829 1640/134/829 1639/134/830
f 1640/134/829 1642/134/829 1639/134/830
f 1645/134/831 1644/134/832 1643/134/832
f 1644/134/832 1646/134/832 1643/134/832
f 1647/141/833 1644/134/832 1645/134/831
f 1648/135/834 1647/141/833 1645/134/831
f 1651/134/835 1650/134/835 1649/134/835
f 1650/134/835 1652/134/835 1649/134/835
f 1655/134/836 1654/140/837 1653/134/836
f 1654/140/837 1656/140/838 1653/134/836
f 1659/134/839 1658/134/840 1657/134/839
f 1658/134/840 1660/134/839 1657/134/839
f 1663/141/841 1662/135/842 1661/134/841
f 1662/135/842 1664/134/842 1661/134/841
f 1667/135/843 1666/141/844 1665/134/843
f 1666/141/844 1668/140/844 1665/134/843
f 1671/135/845 1670/135/846 1669/134/845
f 1670/135/846 1672/134/846 1669/134/845
f 1675/134/847 1674/134/848 1673/134/848
f 1674/134/848 1676/134/848 1673/134/848
f 1679/134/849 1678/134/850 1677/134/851
f 1678/134/850 1680/134/850 1677/134/851
f 1683/140/852 1682/140/852 1681/140/852
f 1682/140/852 1684/140/852 1681/140/852
f 1687/140/853 1686/140/853 1685/140/854
f 1686/140/853 1688/140/853 1685/140/854
f 1691/140/855 1690/140/856 1689/140/857
f 1690/140/856 1692/140/857 1689/140/857
f 1695/141/858 1694/140/858 1693/140/858
f 1694/140/858 1696/140/859 1693/140/858
f 1699/134/860 1698/134/860 1697/140/861
f 1698/134/860 1700/140/861 1697/140/861
f 1703/134/862 1702/134/863 1701/140/864
f 1702/134/863 1704/140/864 1701/140/864
f 1707/134/865 1706/134/866 1705/140/867
f 1706/134/866 1708/140/868 1705/140/867
f 1711/135/869 1710/134/870 1709/141/871
f 1710/134/870 1712/140/871 1709/141/871
f 1715/134/872 1714/134/873 1713/134/873
f 1714/134/873 1716/134/873 1713/134/873
f 1719/134/874 1718/134/875 1717/134/876
f 1718/134/875 1720/134/876 1717/134/876
f 1723/134/877 1722/134/878 1721/134/878
f 1722/134/878 1724/134/878 1721/134/878
f 1727/135/879 1726/134/880 1725/135/881
f 1726/134/880 1728/134/882 1725/135/881
f 1731/134/883 1730/134/884 1729/134/885
f 1730/134/884 1732/134/883 1729/134/885
f 1735/134/886 1734/134/887 1733/134/887
f 1734/134/887 1736/134/886 1733/134/887
f 1739/134/888 1738/134/889 1737/134/890
f 1738/134/889 1740/134/889 1737/134/890
f 1743/134/891 1742/134/891 1741/134/891
f 1742/134/891 1744/134/892 1741/134/891
f 1747/134/893 1746/134/894 1745/134/895
f 1746/134/894 1748/134/894 1745/134/895
f 1751/134/896 1750/134/897 1749/134/898
f 1750/134/897 1752/134/899 1749/134/898
f 1755/134/900 1754/134/901 1753/134/901
f 1754/134/901 1756/134/901 1753/134/901
f 1759/134/902 1758/134/903 1757/134/904
f 1758/134/903 1760/134/905 1757/134/904
f 1763/134/906 1762/134/906 1761/134/907
f 1762/134/906 1764/134/908 1761/134/907
f 1767/134/909 1766/134/910 1765/134/911
f 1766/134/910 1768/134/912 1765/134/911
f 1771/134/913 1770/134/913 1769/134/913
f 1770/134/913 1772/134/913 1769/134/913
f 1775/134/914 1774/134/915 1773/139/916
f 1774/134/915 1776/134/914 1773/139/916
f 1779/134/917 1778/135/918 1777/134/918
f 1778/135/918 1780/136/919 1777/134/918
f 1778/135/918 1781/135/920 1780/136/919
f 1781/135/920 1782/135/920 1780/136/919
f 1785/134/921 1784/135/922 1783/134/922
f 1784/135/922 1786/135/921 1783/134/922
f 1784/135/922 1787/135/923 1786/135/921
f 1787/135/923 1788/135/924 1786/135/921
f 1791/135/925 1790/134/926 1789/135/925
f 1790/134/926 1792/138/925 1789/135/925
f 1795/135/927 1794/134/927 1793/135/927
f 1794/134/927 1796/134/928 1793/135/927
f 1799/134/929 1798/134/929 1797/138/930
f 1798/134/929 1800/138/930 1797/138/930
f 1803/134/931 1802/134/932 1801/134/933
f 1802/134/932 1804/134/931 1801/134/933
f 1807/139/934 1806/134/934 1805/134/934
f 1806/134/934 1808/134/934 1805/134/934
f 1811/139/935 1810/139/935 1809/134/936
f 1810/139/935 1812/134/936 1809/134/936
f 1815/139/937 1814/138/938 1813/134/939
f 1814/138/938 1816/134/938 1813/134/939
f 1819/134/940 1818/134/940 1817/138/940
f 1818/134/940 1820/134/941 1817/138/940
f 1823/134/942 1822/134/943 1821/134/944
f 1822/134/943 1824/134/942 1821/134/944
f 1827/134/945 1826/134/945 1825/134/946
f 1826/134/945 1828/134/945 1825/134/946
f 1831/134/947 1830/134/947 1829/134/947
f 1830/134/947 1832/134/947 1829/134/947
f 1835/134/948 1834/134/949 1833/134/950
f 1834/134/949 1836/134/948 1833/134/950
f 1839/134/951 1838/134/952 1837/134/951
f 1838/134/952 1840/134/951 1837/134/951
f 1843/134/953 1842/134/953 1841/134/954
f 1842/134/953 1844/134/953 1841/134/954
f 1847/134/955 1846/134/955 1845/134/956
f 1846/134/955 1848/134/957 1845/134/956
f 1851/134/958 1850/134/959 1849/134/960
f 1850/134/959 1852/134/960 1849/134/960
f 1855/134/961 1854/134/962 1853/134/963
f 1854/134/962 1856/134/963 1853/134/963
f 1859/134/964 1858/134/965 1857/134/966
f 1858/134/965 1860/134/967 1857/134/966
f 1863/134/968 1862/140/968 1861/134/968
f 1862/140/968 1864/134/968 1861/134/968
f 1867/134/969 1866/134/969 1865/134/969
f 1866/134/969 1868/134/969 1865/134/969
f 1871/134/970 1870/134/971 1869/134/971
f 1870/134/971 1872/134/971 1869/134/971
f 1870/134/971 1873/141/972 1872/134/971
f 1873/141/972 1874/135/973 1872/134/971
f 1877/134/974 1876/134/974 1875/134/975
f 1876/134/974 1878/134/976 1875/134/975
f 1881/140/977 1880/140/978 1879/134/977
f 1880/140/978 1882/134/979 1879/134/977
f 1885/134/980 1884/134/980 1883/134/981
f 1884/134/980 1886/134/980 1883/134/981
f 1889/134/982 1888/135/983 1887/134/984
f 1888/135/983 1890/141/984 1887/134/984
f 1893/140/985 1892/141/985 1891/134/986
f 1892/141/985 1894/135/985 1891/134/986
f 1897/134/987 1896/135/987 1895/134/988
f 1896/135/987 1898/135/988 1895/134/988
f 1901/134/989 1900/134/990 1899/134/990
f 1900/134/990 1902/134/990 1899/134/990
f 1905/134/991 1904/134/991 1903/134/992
f 1904/134/991 1906/134/992 1903/134/992
f 1909/140/993 1908/140/994 1907/140/993
f 1908/140/994 1910/140/993 1907/140/993
f 1913/140/995 1912/140/995 1911/140/995
f 1912/140/995 1914/140/996 1911/140/995
f 1917/140/997 1916/140/998 1915/140/997
f 1916/140/998 1918/140/999 1915/140/997
f 1921/140/1000 1920/140/1001 1919/140/1001
f 1920/140/1001 1922/141/1001 1919/140/1001
f 1925/140/1002 1924/134/1002 1923/140/1002
f 1924/134/1002 1926/134/1002 1923/140/1002
f 1929/140/1003 1928/134/1003 1927/140/1004
f 1928/134/1003 1930/134/1005 1927/140/1004
f 1933/140/1006 1932/134/1006 1931/140/1007
f 1932/134/1006 1934/134/1006 1931/140/1007
f 1937/140/1008 1936/134/1008 1935/141/1008
f 1936/134/1008 1938/135/1008 1935/141/1008
f 1941/134/1009 1940/134/1009 1939/134/1009
f 1940/134/1009 1942/134/1009 1939/134/1009
f 1945/134/1010 1944/134/1011 1943/134/1012
f 1944/134/1011 1946/134/1011 1943/134/1012
f 1949/134/1013 1948/134/1013 1947/134/1013
f 1948/134/1013 1950/134/1013 1947/134/1013
f 1953/134/1014 1952/134/1015 1951/135/1015
f 1952/134/1015 1954/135/1016 1951/135/1015
f 1957/134/1017 1956/134/1017 1955/134/1017
f 1956/134/1017 1958/134/1017 1955/134/1017
f 1961/134/1018 1960/134/1019 1959/134/1018
f 1960/134/1019 1962/134/1019 1959/134/1018
f 1965/134/1020 1964/134/1021 1963/134/1021
f 1964/134/1021 1966/134/1020 1963/134/1021
f 1969/134/1022 1968/134/1023 1967/134/1022
f 1968/134/1023 1970/134/1023 1967/134/1022
f 1973/134/1024 1972/134/1025 1971/134/1026
f 1972/134/1025 1974/134/1027 1971/134/1026
f 1977/134/1028 1976/134/1028 1975/134/1029
f 1976/134/1028 1978/134/1029 1975/134/1029
f 1981/134/1030 1980/134/1030 1979/134/1031
f 1980/134/1030 1982/134/1031 1979/134/1031
f 1985/134/1032 1984/134/1033 1983/134/1034
f 1984/134/1033 1986/134/1034 1983/134/1034
f 1989/134/1035 1988/134/1036 1987/134/1036
f 1988/134/1036 1990/134/1037 1987/134/1036
f 1993/134/1038 1992/134/1038 1991/134/1038
f 1992/134/1038 1994/134/1038 1991/134/1038
f 1997/134/1039 1996/134/1040 1995/134/1041
f 1996/134/1040 1998/134/1041 1995/134/1041
f 2001/134/1042 2000/134/1043 1999/139/1044
f 2000/134/1043 2002/134/1043 1999/139/1044
f 2005/134/1045 2004/134/1045 2003/134/1046
f 2004/134/1045 2006/134/1045 2003/134/1046
f 2009/134/1047 2008/134/1048 2007/134/1049
f 2008/134/1048 2010/134/1048 2007/134/1049
f 2013/134/1050 2012/134/1051 2011/134/1052
f 2012/134/1051 2014/134/1053 2011/134/1052
f 2015/134/1054 2012/134/1051 2013/134/1050
f 2015/134/1054 2016/134/1055 2012/134/1051
f 2016/134/1055 2017/134/1056 2012/134/1051
f 2016/134/1055 2018/134/1057 2017/134/1056
f 2018/134/1057 2019/134/1058 2017/134/1056
f 2020/134/1059 2015/134/1054 2013/134/1050
f 2020/134/1059 2013/134/1050 2021/134/1060
f 2021/134/1060 2013/134/1050 2022/134/1061
f 2013/134/1050 2023/134/1062 2022/134/1061
f 2021/134/1060 2022/134/1061 2024/140/1063
f 2025/140/1064 2021/134/1060 2024/140/1063
f 2026/134/1065 2020/134/1059 2021/134/1060
f 2026/134/1065 2021/134/1060 2027/134/1066
f 2021/134/1060 2025/140/1064 2027/134/1066
f 2028/134/1067 2018/134/1057 2016/134/1055
f 2029/134/1068 2028/134/1067 2016/134/1055
f 2029/134/1068 2016/134/1055 2015/134/1054
f 2030/134/1069 2029/134/1068 2015/134/1054
f 2030/134/1069 2015/134/1054 2020/134/1059
f 2031/134/1070 2030/134/1069 2020/134/1059
f 2031/134/1070 2020/134/1059 2026/134/1065
f 2032/134/1071 2031/134/1070 2026/134/1065
f 2032/134/1071 2026/134/1065 2027/134/1066
f 2022/134/1061 2023/134/1062 2032/134/1071
f 2023/134/1062 2031/134/1070 2032/134/1071
f 2033/140/1072 2032/134/1071 2027/134/1066
f 2024/140/1063 2022/134/1061 2033/140/1072
f 2022/134/1061 2032/134/1071 2033/140/1072
f 2034/134/1073 2028/134/1067 2029/134/1068
f 2035/134/1074 2034/134/1073 2029/134/1068
f 2035/134/1074 2029/134/1068 2030/134/1069
f 2036/134/1073 2035/134/1074 2030/134/1069
f 2023/134/1062 2036/134/1073 2031/134/1070
f 2036/134/1073 2030/134/1069 2031/134/1070
f 2037/134/1075 2028/134/1067 2034/134/1073
f 2037/134/1075 2038/134/1076 2028/134/1067
f 2038/134/1076 2018/134/1057 2028/134/1067
f 2038/134/1076 2039/134/1077 2018/134/1057
f 2039/134/1077 2019/134/1058 2018/134/1057
f 2039/134/1077 2040/134/1078 2019/134/1058
f 2040/134/1078 2034/134/1073 2019/134/1058
f 2040/134/1078 2037/134/1075 2034/134/1073
f 2041/134/1079 2040/134/1078 2039/134/1077
f 2042/134/1080 2041/134/1079 2039/134/1077
f 2042/134/1080 2039/134/1077 2038/134/1076
f 2043/134/1081 2042/134/1080 2038/134/1076
f 2043/134/1081 2038/134/1076 2037/134/1075
f 2044/134/1082 2043/134/1081 2037/134/1075
f 2041/134/1079 2044/134/1082 2040/134/1078
f 2044/134/1082 2037/134/1075 2040/134/1078
f 2045/134/1083 2041/134/1079 2042/134/1080
f 2046/134/1084 2045/134/1083 2042/134/1080
f 2046/134/1084 2042/134/1080 2043/134/1081
f 2047/134/1085 2046/134/1084 2043/134/1081
f 2047/134/1085 2043/134/1081 2044/134/1082
f 2045/134/1083 2046/134/1084 2047/134/1085
f 2048/134/1086 2047/134/1085 2044/134/1082
f 2045/134/1083 2048/134/1086 2041/134/1079
f 2048/134/1086 2044/134/1082 2041/134/1079
f 2048/134/1086 2045/134/1083 2047/134/1085
f 2051/140/1087 2050/140/1088 2049/140/1089
f 2050/140/1088 2052/140/1090 2049/140/1089
f 2050/140/1088 2051/140/1087 2053/134/1091
f 2054/134/1092 2050/140/1088 2053/134/1091
f 2055/140/1093 2054/134/1092 2053/134/1091
f 2056/140/1094 2055/140/1093 2053/134/1091
f 2049/140/1089 2052/140/1090 2056/140/1094
f 2052/140/1090 2055/140/1093 2056/140/1094
f 2051/140/1087 2049/140/1089 2057/140/1095
f 2058/140/1096 2051/140/1087 2057/140/1095
f 2058/140/1096 2057/140/1095 2059/134/1097
f 2060/134/1098 2058/140/1096 2059/134/1097
f 2060/134/1098 2059/134/1097 2061/134/1099
f 2062/134/1100 2060/134/1098 2061/134/1099
f 2062/134/1100 2061/134/1099 2063/134/1101
f 2064/134/1102 2062/134/1100 2063/134/1101
f 2064/134/1102 2063/134/1101 2065/134/1103
f 2066/134/1104 2064/134/1102 2065/134/1103
f 2066/134/1104 2065/134/1103 2067/134/1105
f 2068/134/1106 2066/134/1104 2067/134/1105
f 2069/134/1107 2060/134/1098 2062/134/1100
f 2070/134/1108 2069/134/1107 2062/134/1100
f 2070/134/1108 2062/134/1100 2064/134/1102
f 2071/134/1109 2070/134/1108 2064/134/1102
f 2071/134/1109 2064/134/1102 2066/134/1104
f 2072/134/1110 2071/134/1109 2066/134/1104
f 2072/134/1110 2066/134/1104 2068/134/1106
f 2073/134/1111 2072/134/1110 2068/134/1106
f 2074/134/1112 2069/134/1107 2070/134/1108
f 2075/134/1113 2074/134/1112 2070/134/1108
f 2075/134/1113 2070/134/1108 2071/134/1109
f 2076/134/1114 2075/134/1113 2071/134/1109
f 2076/134/1114 2071/134/1109 2072/134/1110
f 2063/134/1101 2061/134/1099 2076/134/1114
f 2061/134/1099 2075/134/1113 2076/134/1114
f 2077/134/1115 2076/134/1114 2072/134/1110
f 2077/134/1115 2072/134/1110 2073/134/1111
f 2065/134/1103 2063/134/1101 2077/134/1115
f 2063/134/1101 2076/134/1114 2077/134/1115
f 2078/134/1116 2077/134/1115 2073/134/1111
f 2067/134/1105 2065/134/1103 2078/134/1116
f 2065/134/1103 2077/134/1115 2078/134/1116
f 2059/134/1097 2074/134/1112 2075/134/1113
f 2061/134/1099 2059/134/1097 2075/134/1113
f 2079/134/1117 2068/134/1106 2067/134/1105
f 2080/134/1118 2079/134/1117 2067/134/1105
f 2080/134/1118 2067/134/1105 2078/134/1116
f 2079/134/1117 2081/134/1119 2068/134/1106
f 2081/134/1119 2073/134/1111 2068/134/1106
f 2081/134/1119 2082/134/1120 2073/134/1111
f 2082/134/1120 2078/134/1116 2073/134/1111
f 2082/134/1120 2080/134/1118 2078/134/1116
f 2083/134/1121 2079/134/1117 2080/134/1118
f 2084/134/1122 2083/134/1121 2080/134/1118
f 2084/134/1122 2080/134/1118 2082/134/1120
f 2083/134/1121 2085/134/1123 2079/134/1117
f 2085/134/1123 2081/134/1119 2079/134/1117
f 2085/134/1123 2086/134/1124 2081/134/1119
f 2086/134/1124 2082/134/1120 2081/134/1119
f 2086/134/1124 2084/134/1122 2082/134/1120
f 2059/134/1097 2057/140/1095 2074/134/1112
f 2057/140/1095 2087/140/1125 2074/134/1112
f 2057/140/1095 2049/140/1089 2087/140/1125
f 2049/140/1089 2056/140/1094 2087/140/1125
f 2087/140/1125 2056/140/1094 2088/134/1126
f 2087/140/1125 2088/134/1126 2069/134/1107
f 2074/134/1112 2087/140/1125 2069/134/1107
f 2069/134/1107 2088/134/1126 2060/134/1098
f 2088/134/1126 2058/140/1096 2060/134/1098
f 2056/140/1094 2053/134/1091 2088/134/1126
f 2053/134/1091 2051/140/1087 2088/134/1126
f 2051/140/1087 2058/140/1096 2088/134/1126
f 2089/134/1127 2083/134/1121 2084/134/1122
f 2090/134/1128 2089/134/1127 2084/134/1122
f 2090/134/1128 2084/134/1122 2086/134/1124
f 2091/134/1129 2086/134/1124 2085/134/1123
f 2091/134/1129 2090/134/1128 2086/134/1124
f 2090/134/1128 2091/134/1129 2089/134/1127
f 2092/134/1130 2091/134/1129 2085/134/1123
f 2091/134/1129 2092/134/1130 2089/134/1127
f 2089/134/1127 2092/134/1130 2083/134/1121
f 2092/134/1130 2085/134/1123 2083/134/1121
f 2094/140/1131 2025/140/1064 2093/140/1132
f 2025/140/1064 2024/140/1063 2093/140/1132
f 2093/140/1132 2024/140/1063 2095/140/1133
f 2024/140/1063 2033/140/1072 2095/140/1133
f 2095/140/1133 2033/140/1072 2096/134/1134
f 2025/140/1064 2094/140/1131 2096/134/1134
f 2033/140/1072 2027/134/1066 2096/134/1134
f 2027/134/1066 2025/140/1064 2096/134/1134
f 2094/140/1131 2093/140/1132 2052/140/1090
f 2050/140/1088 2094/140/1131 2052/140/1090
f 2096/134/1134 2094/140/1131 2050/140/1088
f 2052/140/1090 2093/140/1132 2055/140/1093
f 2093/140/1132 2095/140/1133 2055/140/1093
f 2055/140/1093 2095/140/1133 2054/134/1092
f 2095/140/1133 2096/134/1134 2054/134/1092
f 2054/134/1092 2096/134/1134 2050/140/1088
